{
  "results": {
    "per_trial (current, 62 fudge)": {
      "total": 15189.262833391416,
      "s2s": 3053.260225998352,
      "jump": 12136.002607393064
    },
    "date_group (12 fudge)": {
      "total": 15184.047472569135,
      "s2s": 3047.9970154354264,
      "jump": 12136.050457133708
    },
    "zero (0 fudge)": {
      "total": 15181.756851680293,
      "s2s": 3054.5131604469498,
      "jump": 12127.243691233343
    }
  },
  "date_group_offsets": {
    "jump_0424/60_0.75_60_2": [
      -0.0008502328737328474,
      0.008857607332662954
    ],
    "jump_0424/60_1.5_60_1.5": [
      -0.0008502328737328474,
      0.008857607332662954
    ],
    "jump_0424/90_0.75_90_2": [
      -0.0008502328737328474,
      0.008857607332662954
    ],
    "jump_0424/120_2_120_2": [
      -0.0008502328737328474,
      0.008857607332662954
    ],
    "jump_0424/120_2.2_150_2.5": [
      -0.0008502328737328474,
      0.008857607332662954
    ],
    "jump_0424/120_2.2_200_2.8": [
      -0.0008502328737328474,
      0.008857607332662954
    ],
    "jump_0424/150_2.2_250_3": [
      -0.0008502328737328474,
      0.008857607332662954
    ],
    "jump_0424/150_2.2_350_3.5": [
      -0.0008502328737328474,
      0.008857607332662954
    ],
    "jump_0424/150_2.2_500_4": [
      -0.0008502328737328474,
      0.008857607332662954
    ],
    "jump_0602/60_0.75_60_2": [
      -0.0028071165212808584,
      -0.002887953587949141
    ],
    "jump_0602/60_1.5_60_1.5": [
      -0.0028071165212808584,
      -0.002887953587949141
    ],
    "jump_0602/90_0.75_90_2": [
      -0.0028071165212808584,
      -0.002887953587949141
    ],
    "jump_0602/120_2_120_2": [
      -0.0028071165212808584,
      -0.002887953587949141
    ],
    "jump_0602/150_2.2_250_3": [
      -0.0028071165212808584,
      -0.002887953587949141
    ],
    "jump_0602/150_2.2_500_5": [
      -0.0028071165212808584,
      -0.002887953587949141
    ],
    "jump_position_0421/P60_D0.75_P60_D2": [
      -0.012351576487223308,
      -0.005781700042937998
    ],
    "jump_position_0421/P70_D0.75_P70_D2": [
      -0.012351576487223308,
      -0.005781700042937998
    ],
    "jump_position_0421/P80_D0.75_P80_D2": [
      -0.012351576487223308,
      -0.005781700042937998
    ],
    "jump_position_0421/P90_D0.75_P90_D2": [
      -0.012351576487223308,
      -0.005781700042937998
    ],
    "jump_position_0421/P100_D0.75_P100_D2": [
      -0.012351576487223308,
      -0.005781700042937998
    ],
    "jump_position_0421/P200_D1.5_P200_D4": [
      -0.012351576487223308,
      -0.005781700042937998
    ],
    "jump_torque_0422/P40_D0.7": [
      0.013182370370389752,
      0.008743858337402344
    ],
    "jump_torque_0422/P70_D2": [
      0.013182370370389752,
      0.008743858337402344
    ],
    "jump_torque_0422/P100_D3": [
      0.013182370370389752,
      0.008743858337402344
    ],
    "sit2stand_0324/P10_D0": [
      -0.005726076834835113,
      0.005505694412005444
    ],
    "sit2stand_0324/P10_D1": [
      -0.005726076834835113,
      0.005505694412005444
    ],
    "sit2stand_0324/P20_D1": [
      -0.005726076834835113,
      0.005505694412005444
    ],
    "sit2stand_0324/P30_D1": [
      -0.005726076834835113,
      0.005505694412005444
    ],
    "sit2stand_0324/P60_D1.5_P60_D2": [
      -0.005726076834835113,
      0.005505694412005444
    ],
    "sit2stand_air_0319/ROOT": [
      0.005826329877017996,
      0.0009188933548284693
    ],
    "sit2stand_gnd_0319/ROOT": [
      0.005826329877017996,
      0.0009188933548284693
    ]
  }
}