{
  "final_total": 15181.756851680297,
  "final_model": {
    "name": "GOAL19 FINAL unified digital twin",
    "score": 15182.0,
    "score_note": "zero q_offset (no per-trial fudge) \u2014 Phase 6 proved per-trial offsets unnecessary",
    "cumulative_vs_phase0_pct": 63.214039433813134,
    "q_offset": "ZERO (0 fudge params) \u2014 fully unified",
    "mass_15d": [
      1.1515772718093662,
      0.9486496333852702,
      0.9056234978136585,
      1.410583919223634,
      0.9436276209263823,
      0.262720417595138,
      1.1809111275187267,
      1.3250366244420557,
      1.0416463356236285,
      1.0734672594650634,
      -0.005108043542156363,
      0.0008161020404316953,
      -0.017879151477970524,
      -0.009933505499032765,
      0.01995192315480968
    ],
    "m_foot_ex": 0.2270233349153278,
    "friction": {
      "fv_hip": 0.7872008105393102,
      "fv_knee": 0.1270313864143112,
      "fc_hip": 0.09467027772217118,
      "fc_knee": 0.5241222129696196
    },
    "contact": {
      "solref_tc": 0.0021749413193005037,
      "imp0": 0.3713328795592347
    },
    "forbidden": [
      "tau_scale",
      "motor_tm LPF",
      "per-trial fudge",
      "Mode B"
    ],
    "params_count": {
      "mass": 15,
      "friction": 4,
      "contact": 2,
      "q_offset": 0,
      "total": 21
    }
  },
  "per_exp": [
    {
      "ds": "sit2stand_air_0319",
      "sub": "ROOT",
      "is_jump": false,
      "score": 226.1431017937024,
      "rmse_q1": 0.5945104993849694,
      "rmse_q2": 0.5453463030726694,
      "rmse_dq1": 0.8920174400527975,
      "rmse_dq2": 1.3511309909059728,
      "rmse_grf": 0.0,
      "pen_max_mm": 0.0,
      "n_cycles_valid": 15.0,
      "n_cycles_total": 15.0
    },
    {
      "ds": "sit2stand_gnd_0319",
      "sub": "ROOT",
      "is_jump": false,
      "score": 1681.7137848702444,
      "rmse_q1": 1.4033392178333648,
      "rmse_q2": 7.817794059618729,
      "rmse_dq1": 3.2631460377526595,
      "rmse_dq2": 10.163181005148429,
      "rmse_grf": 207.14151374058233,
      "pen_max_mm": 3.0153008895847586,
      "n_cycles_valid": 15.0,
      "n_cycles_total": 15.0
    },
    {
      "ds": "sit2stand_0324",
      "sub": "P10_D0",
      "is_jump": false,
      "score": 260.95286147198726,
      "rmse_q1": 0.5317247580276789,
      "rmse_q2": 0.5903005721228215,
      "rmse_dq1": 1.124290571706737,
      "rmse_dq2": 1.850715997432007,
      "rmse_grf": 0.0,
      "pen_max_mm": 0.0,
      "n_cycles_valid": 15.0,
      "n_cycles_total": 15.0
    },
    {
      "ds": "sit2stand_0324",
      "sub": "P10_D1",
      "is_jump": false,
      "score": 215.0609597391836,
      "rmse_q1": 0.5403731731698799,
      "rmse_q2": 0.6534158145296824,
      "rmse_dq1": 0.7300389965900319,
      "rmse_dq2": 1.183602222794516,
      "rmse_grf": 0.0,
      "pen_max_mm": 0.0,
      "n_cycles_valid": 15.0,
      "n_cycles_total": 15.0
    },
    {
      "ds": "sit2stand_0324",
      "sub": "P20_D1",
      "is_jump": false,
      "score": 223.6588201045206,
      "rmse_q1": 0.5553404511798438,
      "rmse_q2": 0.591927619045155,
      "rmse_dq1": 0.8293416639135006,
      "rmse_dq2": 1.3492985977269143,
      "rmse_grf": 0.0,
      "pen_max_mm": 0.0,
      "n_cycles_valid": 15.0,
      "n_cycles_total": 15.0
    },
    {
      "ds": "sit2stand_0324",
      "sub": "P30_D1",
      "is_jump": false,
      "score": 222.09025936403663,
      "rmse_q1": 0.5546787132200417,
      "rmse_q2": 0.541785899590666,
      "rmse_dq1": 0.855921379989308,
      "rmse_dq2": 1.3929545816700093,
      "rmse_grf": 0.0,
      "pen_max_mm": 0.0,
      "n_cycles_valid": 15.0,
      "n_cycles_total": 15.0
    },
    {
      "ds": "sit2stand_0324",
      "sub": "P60_D1.5_P60_D2",
      "is_jump": false,
      "score": 224.89337310327483,
      "rmse_q1": 0.5695494622234702,
      "rmse_q2": 0.5666737720811895,
      "rmse_dq1": 0.8527938321978851,
      "rmse_dq2": 1.372627161258291,
      "rmse_grf": 0.0,
      "pen_max_mm": 0.0,
      "n_cycles_valid": 15.0,
      "n_cycles_total": 15.0
    },
    {
      "ds": "jump_position_0421",
      "sub": "P60_D0.75_P60_D2",
      "is_jump": true,
      "score": 132.76494807693106,
      "rmse_q1": 0.08824020471617354,
      "rmse_q2": 0.0657447257197034,
      "rmse_dq1": 0.7457096763739632,
      "rmse_dq2": 1.170940598349837,
      "rmse_grf": 30.022880978254808,
      "h_sim_m": 0.6746834680067211,
      "h_real_m": 0.86,
      "pen_max_mm": 0.1618547059471613,
      "foot_z_min_m": 0.02083814529405284
    },
    {
      "ds": "jump_position_0421",
      "sub": "P70_D0.75_P70_D2",
      "is_jump": true,
      "score": 255.48471875516387,
      "rmse_q1": 0.1377226081880818,
      "rmse_q2": 0.17665478270815305,
      "rmse_dq1": 1.3927682488837219,
      "rmse_dq2": 2.5498143292497053,
      "rmse_grf": 24.97752360571869,
      "h_sim_m": 0.6057990160170282,
      "h_real_m": 0.85,
      "pen_max_mm": 0.0,
      "foot_z_min_m": 0.021011725772817097
    },
    {
      "ds": "jump_position_0421",
      "sub": "P80_D0.75_P80_D2",
      "is_jump": true,
      "score": 151.57613315813154,
      "rmse_q1": 0.09531808138367351,
      "rmse_q2": 0.07595725903213321,
      "rmse_dq1": 0.8344958049255445,
      "rmse_dq2": 1.3760982727436557,
      "rmse_grf": 45.5459806680805,
      "h_sim_m": 0.6963570283371718,
      "h_real_m": 0.89,
      "pen_max_mm": 0.0,
      "foot_z_min_m": 0.021011725772817097
    },
    {
      "ds": "jump_position_0421",
      "sub": "P90_D0.75_P90_D2",
      "is_jump": true,
      "score": 260.23612905973937,
      "rmse_q1": 0.14083120524309392,
      "rmse_q2": 0.1786207834255897,
      "rmse_dq1": 1.3710071169280373,
      "rmse_dq2": 2.667804002380638,
      "rmse_grf": 28.6464922440699,
      "h_sim_m": 0.625142749969698,
      "h_real_m": 0.86,
      "pen_max_mm": 0.0,
      "foot_z_min_m": 0.021011725772817097
    },
    {
      "ds": "jump_position_0421",
      "sub": "P100_D0.75_P100_D2",
      "is_jump": true,
      "score": 269.34381553176405,
      "rmse_q1": 0.13511654755625896,
      "rmse_q2": 0.18252249755439576,
      "rmse_dq1": 1.3960224325386186,
      "rmse_dq2": 2.8349236577882597,
      "rmse_grf": 41.10323825752968,
      "h_sim_m": 0.6307771732139827,
      "h_real_m": 0.85,
      "pen_max_mm": 0.0,
      "foot_z_min_m": 0.021011725772817097
    },
    {
      "ds": "jump_position_0421",
      "sub": "P200_D1.5_P200_D4",
      "is_jump": true,
      "score": 437.5509682120839,
      "rmse_q1": 0.18361128548564812,
      "rmse_q2": 0.2926453005304771,
      "rmse_dq1": 2.066283176569067,
      "rmse_dq2": 3.815205367575401,
      "rmse_grf": 33.92633912983776,
      "h_sim_m": 0.510948173785335,
      "h_real_m": 0.79,
      "pen_max_mm": 3.291061317375953,
      "foot_z_min_m": 0.021011725772817097
    },
    {
      "ds": "jump_torque_0422",
      "sub": "P40_D0.7",
      "is_jump": true,
      "score": 372.75545043975245,
      "rmse_q1": 0.10307339667172473,
      "rmse_q2": 0.13303249382063811,
      "rmse_dq1": 1.8541472999210777,
      "rmse_dq2": 4.768431259007337,
      "rmse_grf": 30.536973093136808,
      "h_sim_m": 0.5903776386521827,
      "h_real_m": 0.74,
      "pen_max_mm": 0.0,
      "foot_z_min_m": 0.021011725772817097
    },
    {
      "ds": "jump_torque_0422",
      "sub": "P70_D2",
      "is_jump": true,
      "score": 542.433678478185,
      "rmse_q1": 0.1905375363733133,
      "rmse_q2": 0.3278361715448973,
      "rmse_dq1": 2.5922857148783733,
      "rmse_dq2": 6.75322254660461,
      "rmse_grf": 31.370078724853155,
      "h_sim_m": 0.5131611326027053,
      "h_real_m": 0.715,
      "pen_max_mm": 0.0,
      "foot_z_min_m": 0.021011725772817097
    },
    {
      "ds": "jump_torque_0422",
      "sub": "P100_D3",
      "is_jump": true,
      "score": 487.0326945037862,
      "rmse_q1": 0.13661133982863236,
      "rmse_q2": 0.24665677348277343,
      "rmse_dq1": 2.5846573994982496,
      "rmse_dq2": 5.99237806718118,
      "rmse_grf": 32.36840128400692,