{
  "phase": 0,
  "label": "Pure CAD Baseline (unified 31 exp)",
  "overrides": {
    "motor_tm": 0.0,
    "m_base_scale": 1.0,
    "mass_scales": 1.0,
    "m_foot_extra": 0.0,
    "solref_tc": 0.00632,
    "imp0": 0.14301,
    "fv": 0.001,
    "fc": 0.001,
    "arm_hip": 0.0,
    "arm_knee": 0.0049
  },
  "weights": {
    "Wq": 100.0,
    "Wdq": 50.0,
    "Wt": 0.0,
    "Wh": 100.0,
    "Wgrf": 0.1,
    "Wpen": 50.0
  },
  "score_total": 41271.18474906105,
  "n_ok": 31,
  "n_fail": 0,
  "elapsed_s": 6.173390626907349,
  "per_exp": [
    {
      "ds": "sit2stand_air_0319",
      "sub": "ROOT",
      "is_jump": false,
      "score": 2571.0231347683216,
      "elapsed": 0.49768853187561035,
      "q1_off": 0.0018742173712234943,
      "q2_off": 0.0018756285065319386,
      "rmse_q1": 0.8797042145882611,
      "rmse_q2": 17.775016104990886,
      "rmse_dq1": 2.9520981430660083,
      "rmse_dq2": 11.158923913142116,
      "rmse_grf": 0.0,
      "pen_max_mm": 0.0,
      "n_cycles_valid": 15.0,
      "n_cycles_total": 15.0
    },
    {
      "ds": "sit2stand_gnd_0319",
      "sub": "ROOT",
      "is_jump": false,
      "score": 10262.531049051318,
      "elapsed": 1.0267553329467773,
      "q1_off": 0.009778442382812499,
      "q2_off": -3.7841796875e-05,
      "rmse_q1": 6.475576978907333,
      "rmse_q2": 46.301018757010766,
      "rmse_dq1": 9.311511178426182,
      "rmse_dq2": 52.95423803441386,
      "rmse_grf": 162.48548389115948,
      "pen_max_mm": 39.10670932856782,
      "n_cycles_valid": 15.0,
      "n_cycles_total": 15.0
    },
    {
      "ds": "sit2stand_0324",
      "sub": "P10_D0",
      "is_jump": false,
      "score": 1794.535164080289,
      "elapsed": 0.47556138038635254,
      "q1_off": 0.000251953125,
      "q2_off": 0.0005507812500000001,
      "rmse_q1": 0.7271186129276682,
      "rmse_q2": 12.202957479731394,
      "rmse_dq1": 2.123475692795887,
      "rmse_dq2": 7.90707540349177,
      "rmse_grf": 0.0,
      "pen_max_mm": 0.0,
      "n_cycles_valid": 15.0,
      "n_cycles_total": 15.0
    },
    {
      "ds": "sit2stand_0324",
      "sub": "P10_D1",
      "is_jump": false,
      "score": 1968.3823330370176,
      "elapsed": 0.4930429458618164,
      "q1_off": -0.002,
      "q2_off": 0.006,
      "rmse_q1": 0.7957664214501347,
      "rmse_q2": 11.791971604477236,
      "rmse_dq1": 2.4579083428441595,
      "rmse_dq2": 11.73426226604144,
      "rmse_grf": 0.0,
      "pen_max_mm": 0.0,
      "n_cycles_valid": 15.0,
      "n_cycles_total": 15.0
    },
    {
      "ds": "sit2stand_0324",
      "sub": "P20_D1",
      "is_jump": false,
      "score": 1484.9773286683846,
      "elapsed": 0.48999905586242676,
      "q1_off": -0.007500009387731552,
      "q2_off": 0.005624988414347171,
      "rmse_q1": 0.784777949632393,
      "rmse_q2": 7.856097895089058,
      "rmse_dq1": 2.2232866307981727,
      "rmse_dq2": 10.194508253126623,
      "rmse_grf": 0.0,
      "pen_max_mm": 0.0,
      "n_cycles_valid": 15.0,
      "n_cycles_total": 15.0
    },
    {
      "ds": "sit2stand_0324",
      "sub": "P30_D1",
      "is_jump": false,
      "score": 810.8914130526573,
      "elapsed": 0.4909811019897461,
      "q1_off": -0.0175,
      "q2_off": 0.014666666666666665,
      "rmse_q1": 0.7562292251964327,
      "rmse_q2": 3.337444952511514,
      "rmse_dq1": 2.167436937195594,
      "rmse_dq2": 5.863042968441659,
      "rmse_grf": 0.0,
      "pen_max_mm": 0.0,
      "n_cycles_valid": 15.0,
      "n_cycles_total": 15.0
    },
    {
      "ds": "sit2stand_0324",
      "sub": "P60_D1.5_P60_D2",
      "is_jump": false,
      "score": 1895.8716576215884,
      "elapsed": 0.49210619926452637,
      "q1_off": -0.0018823279114440082,
      "q2_off": 0.0006860357290133833,
      "rmse_q1": 0.7918222376766655,
      "rmse_q2": 12.044966694433434,
      "rmse_dq1": 2.2062010405866785,
      "rmse_dq2": 10.03765424762489,
      "rmse_grf": 0.0,
      "pen_max_mm": 0.0,
      "n_cycles_valid": 15.0,
      "n_cycles_total": 15.0
    },
    {
      "ds": "jump_position_0421",
      "sub": "P60_D0.75_P60_D2",
      "is_jump": true,
      "score": 1049.1901192720134,
      "elapsed": 0.20797204971313477,
      "q1_off": -0.017234458923339836,
      "q2_off": 0.01722856521606446,
      "rmse_q1": 0.19467784943449884,
      "rmse_q2": 0.5724537136705167,
      "rmse_dq1": 5.0032256082550886,
      "rmse_dq2": 14.02440651295021,
      "rmse_grf": 27.77835273189785,
      "h_sim_m": 1.0431752162805719,
      "h_real_m": 0.86,
      "pen_max_mm": 0.36993190278515264,
      "foot_z_min_m": 0.02063006809721485
    },
    {
      "ds": "jump_position_0421",
      "sub": "P70_D0.75_P70_D2",
      "is_jump": true,
      "score": 499.0155143452212,
      "elapsed": 0.07890558242797852,
      "q1_off": -0.0175,
      "q2_off": 0.0175,
      "rmse_q1": 0.08488891896862091,
      "rmse_q2": 0.24317147312172047,
      "rmse_dq1": 2.8908223238611055,
      "rmse_dq2": 6.225056998061597,
      "rmse_grf": 20.758852157390464,
      "h_sim_m": 0.9333962382431295,
      "h_real_m": 0.85,
      "pen_max_mm": 0.3604130703299645,
      "foot_z_min_m": 0.020639586929670037
    },
    {
      "ds": "jump_position_0421",
      "sub": "P80_D0.75_P80_D2",
      "is_jump": true,
      "score": 1416.0886780905885,
      "elapsed": 0.0918574333190918,
      "q1_off": -0.0175,
      "q2_off": -0.016946578784427374,
      "rmse_q1": 0.2716317809665551,
      "rmse_q2": 0.8474974555463044,
      "rmse_dq1": 6.516941078909854,
      "rmse_dq2": 19.2084782891031,
      "rmse_grf": 32.59314364393841,
      "h_sim_m": 1.0364547167426126,
      "h_real_m": 0.89,
      "pen_max_mm": 0.383350591032252,
      "foot_z_min_m": 0.02061664940896775
    },
    {
      "ds": "jump_position_0421",
      "sub": "P90_D0.75_P90_D2",
      "is_jump": true,
      "score": 705.7569021421212,
      "elapsed": 0.09401917457580566,
      "q1_off": -0.0175,
      "q2_off": -0.0175,
      "rmse_q1": 0.11770604212457877,
      "rmse_q2": 0.3574767991167249,
      "rmse_dq1": 3.826308615904109,
      "rmse_dq2": 9.059840384304186,
      "rmse_grf": 24.875331361558015,
      "h_sim_m": 0.9744363487142038,
      "h_real_m": 0.86,
      "pen_max_mm": 0.3877376732388076,
      "foot_z_min_m": 0.020612262326761194
    },
    {
      "ds": "jump_position_0421",
      "sub": "P100_D0.75_P100_D2",
      "is_jump": true,
      "score": 806.7726205759183,
      "elapsed": 0.09566211700439453,
      "q1_off": 0.013125000000000001,
      "q2_off": -0.0175,
      "rmse_q1": 0.13838675706101064,
      "rmse_q2": 0.3947921642456551,
      "rmse_dq1": 4.045999646119106,
      "rmse_dq2": 10.73040573710668,
      "rmse_grf": 25.935627131801134,
      "h_sim_m": 0.9704089657078235,
      "h_real_m": 0.85,
      "pen_max_mm": 0.3659168559207414,
      "foot_z_min_m": 0.02063408314407926
    },
    {
      "ds": "jump_position_0421",
      "sub": "P200_D1.5_P200_D4",
      "is_jump": true,
      "score": 386.5041629863467,
      "elapsed": 0.09160733222961426,
      "q1_off": -0.0175,
      "q2_off": -0.01747218668926507,
      "rmse_q1": 0.05533360562545455,
      "rmse_q2": 0.12898477916321918,
      "rmse_dq1": 2.3514482628728417,
      "rmse_dq2": 3.098975377353453,
      "rmse_grf": 20.811317796339857,
      "h_sim_m": 0.7036440400910887,
      "h_real_m": 0.79,
      "pen_max_mm": 3.6966882945127892,
      "foot_z_min_m": 0.017303311705487212
    },
    {
      "ds": "jump_torque_0422",
      "sub": "P40_D0.7",
      "is_jump": true,
      "score": 1852.5755985515286,
      "elapsed": 0.0903167724609375,
      "q1_off": 0.013373824673180976,
      "q2_off": 0.0175,
      "rmse_q1": 0.37023319571307584,
      "rmse_q2": 1.4170806914277674,
      "rmse_dq1": 4.583013890532309,
      "rmse_dq2": 28.80894572250086,
      "rmse_grf": 36.22851064608952,
      "h_sim_m": 0.7462337812117716,
      "h_real_m": 0.74,
      "pen_max_mm": 0.5338151908208348,
      "foot_z_min_m": 0.020466184809179166
    },
    {
      "ds": "jump_torque_0422",