=== G62 canon_capS sweep === 
 
### S=1.00 capK=3.8 capH=2.6 
warm-start from previous mshoot best
warm-start from previous fourbar best
보드 실행: tag=G62_1.00_3.8_2.6
  26.07.22/120_2_120_2: q1 4.026 q2 1.317 h 0.846/0.82 slip -2.4/-19.0
  26.07.22/150_2.2_250_3: q1 3.392 q2 1.260 h 0.896/0.85 slip -11.4/-18.8
  26.07.22/150_3.3_500_5: q1 4.776 q2 1.741 h 0.883/0.85 slip -16.0/-21.5
  26.07.22/60_0.75_60_2: q1 2.309 q2 1.454 h 0.743/0.74 slip -4.6/-47.2
  26.07.22/60_1.5_60_1.5: q1 1.641 q2 2.123 h 0.729/0.76 slip -2.3/-23.1
  26.07.23/150_2.2_250_3: q1 4.132 q2 1.630 h 0.828/0.81 slip 1.2/-16.8
  26.07.23/150_2.2_500_5: q1 1.454 q2 1.196 h 0.788/0.8 slip -29.5/-30.0
  26.07.23/60_0.75_60_2: q1 2.744 q2 3.720 h 0.902/0.83 slip -20.0/-73.8
  26.07.24/150_2.2_250_3: q1 2.370 q2 2.824 h 0.850/0.76 slip 9.2/17.2
  26.07.24/150_2.2_350_3.5: q1 2.792 q2 3.503 h 0.886/0.79 slip -6.1/28.5
  26.07.24/150_2.2_500_5: q1 2.545 q2 2.292 h 0.773/0.72 slip -14.6/-0.5
  26.07.25/100_1.5_250_3: q1 3.195 q2 3.391 h 0.729/0.76 slip -3.9/-34.8
  26.07.25/120_2_250_3: q1 3.438 q2 3.527 h 0.715/0.75 slip -5.2/-36.0
  26.07.25/150_2.2_250_3: q1 2.790 q2 2.574 h 0.735/0.76 slip -5.6/-45.0
  26.07.25/200_2.5_250_3: q1 2.760 q2 2.136 h 0.745/0.74 slip -6.8/-50.7
  26.07.27/100_1.5_250_3: q1 1.927 q2 3.180 h 0.778/0.82 slip -5.2/-18.7
  26.07.27/120_2_250_3: q1 1.372 q2 2.457 h 0.789/0.81 slip -5.9/-13.4
  26.07.27/150_2.2_250_3: q1 1.188 q2 0.987 h 0.853/0.84 slip -6.7/-15.7
  26.07.27/200_2.5_250_3: q1 1.751 q2 0.899 h 0.864/0.84 slip -7.1/-22.6
  26.07.27/250_3_250_3: q1 1.683 q2 1.065 h 0.887/0.86 slip -8.7/-21.3
  26.07.27/60_2_250_3: q1 1.564 q2 1.041 h 0.815/0.84 slip 0.0/14.9
  26.07.27/80_2_250_3: q1 2.435 q2 2.511 h 0.776/0.83 slip -1.4/-6.7
  26.04.24/120_2.2_150_2.5: q1 3.229 q2 4.031 h 0.769/0.81 slip -2.2/13.1
  26.04.24/120_2.2_200_2.8: q1 2.998 q2 5.105 h 0.731/0.795 slip -1.8/14.9
  26.04.24/120_2_120_2: q1 2.212 q2 2.174 h 0.821/0.84 slip -0.6/6.6
  26.04.24/150_2.2_250_3: q1 2.086 q2 3.574 h 0.724/0.77 slip -2.1/18.2
  26.04.24/150_2.2_350_3.5: q1 2.969 q2 5.436 h 0.695/0.77 slip -3.6/18.6
  26.04.24/150_2.2_500_4: q1 3.691 q2 7.535 h 0.690/0.775 slip -8.0/18.9
  26.04.24/60_0.75_60_2: q1 2.209 q2 5.781 h 0.950/0.9 slip -13.6/-39.7
  26.04.24/60_1.5_60_1.5: q1 2.028 q2 2.887 h 0.917/0.91 slip -9.3/-5.4
  26.04.24/90_0.75_90_2: q1 1.001 q2 4.563 h 0.927/0.894 slip 5.8/-18.6
  26.06.02/120_2_120_2: q1 1.713 q2 2.105 h 0.967/0.94 slip -16.5/3.0
  26.06.02/150_2.2_250_3: q1 1.021 q2 1.166 h 0.875/0.9 slip 9.3/34.3
  26.06.02/150_2.2_500_5: q1 1.541 q2 2.845 h 0.768/None slip 2.3/38.2
  26.06.02/60_0.75_60_2: q1 1.323 q2 2.271 h 0.946/0.94 slip -9.6/-39.2
  26.06.02/60_1.5_60_1.5: q1 1.703 q2 1.627 h 0.951/0.96 slip -7.7/-7.7
  26.06.02/90_0.75_90_2: q1 0.802 q2 1.334 h 0.988/0.98 slip -16.4/-35.2
  26.04.21/P100_D0.75_P100_D2: q1 1.620 q2 4.222 h 0.871/0.85 slip -12.8/-28.3
  26.04.21/P200_D1.5_P200_D4: q1 1.373 q2 1.824 h 0.747/0.79 slip -17.1/-25.6
  26.04.21/P60_D0.75_P60_D2: q1 2.397 q2 5.510 h 0.888/0.86 slip -9.9/-39.3
  26.04.21/P70_D0.75_P70_D2: q1 1.120 q2 1.190 h 0.818/0.85 slip -9.5/-37.5
  26.04.21/P80_D0.75_P80_D2: q1 3.196 q2 7.970 h 0.924/0.89 slip -10.3/-33.9
  26.04.21/P90_D0.75_P90_D2: q1 1.098 q2 3.202 h 0.856/0.86 slip -12.1/-33.7
  26.03.24/P100_D3: q1 1.845 q2 3.372 h 0.691/0.74 slip 0.4/16.4
  26.03.24/P40_D0.7: q1 5.396 q2 13.425 h 0.792/0.8 slip 23.3/-21.4
  26.03.24/P60_D1.5: q1 0.783 q2 4.926 h 0.735/0.77 slip 7.4/-7.8

============================================================================================================
세션            n    q1[°]    q2[°]      dq1      dq2  |h/h_v−1|  slip_sim   slip_기하
26.03.24      3    2.675    7.241    1.014    2.148      0.040      10.4      -4.2   ← held-out/gate
26.04.21      6    1.801    3.986    0.545    1.227      0.032     -12.0     -33.1   ← held-out/gate
26.04.24      9    2.491    4.565    0.877    2.018      0.058      -3.9       3.0
26.06.02      6    1.350    1.891    0.795    0.999      0.016      -6.4      -1.1
26.07.22      5    3.229    1.579    1.776    1.147      0.034      -7.3     -25.9
26.07.23      3    2.776    2.182    1.423    1.167      0.041     -16.1     -40.2
26.07.24      3    2.569    2.873    1.265    1.376      0.105      -3.8      15.1
26.07.25      4    3.046    2.907    1.825    1.237      0.032      -5.4     -41.6
26.07.27      7    1.703    1.734    1.437    1.083      0.035      -5.0     -11.9
전체           46    2.404    3.218    1.217    1.378      0.042                24.6

============================================================================================================
  Ê_MA 0.7164 · Ê_h 0.7279 · Ê_slip 0.8107   →   **J_G = 0.7387**  (p24 = 1.0000)
  게이트(0324·0421 MA q1·q2): PASS
 
### S=0.94 capK=3.8 capH=2.6 
warm-start from previous mshoot best
warm-start from previous fourbar best
보드 실행: tag=G62_0.94_3.8_2.6
  26.07.22/120_2_120_2: q1 4.079 q2 1.294 h 0.844/0.82 slip -2.4/-19.0
  26.07.22/150_2.2_250_3: q1 3.458 q2 1.275 h 0.894/0.85 slip -11.3/-18.8
  26.07.22/150_3.3_500_5: q1 4.847 q2 1.816 h 0.881/0.85 slip -15.9/-21.5
  26.07.22/60_0.75_60_2: q1 2.397 q2 1.406 h 0.741/0.74 slip -4.6/-47.2
  26.07.22/60_1.5_60_1.5: q1 1.724 q2 2.253 h 0.727/0.76 slip -2.3/-23.1
  26.07.23/150_2.2_250_3: q1 4.261 q2 1.111 h 0.824/0.81 slip -0.9/-16.8
  26.07.23/150_2.2_500_5: q1 1.397 q2 1.250 h 0.782/0.8 slip -32.4/-30.0
  26.07.23/60_0.75_60_2: q1 2.747 q2 2.889 h 0.888/0.83 slip -23.0/-73.8
  26.07.24/150_2.2_250_3: q1 2.409 q2 2.726 h 0.849/0.76 slip 8.9/17.2
  26.07.24/150_2.2_350_3.5: q1 2.595 q2 3.158 h 0.878/0.79 slip -8.1/28.5
  26.07.24/150_2.2_500_5: q1 2.466 q2 2.171 h 0.768/0.72 slip -15.3/-0.5
  26.07.25/100_1.5_250_3: q1 3.256 q2 3.475 h 0.727/0.76 slip -3.9/-34.8
  26.07.25/120_2_250_3: q1 3.505 q2 3.623 h 0.714/0.75 slip -5.2/-36.0
  26.07.25/150_2.2_250_3: q1 2.848 q2 2.658 h 0.734/0.76 slip -5.6/-45.0
  26.07.25/200_2.5_250_3: q1 2.800 q2 2.196 h 0.743/0.74 slip -6.9/-50.7
  26.07.27/100_1.5_250_3: q1 1.936 q2 3.186 h 0.778/0.82 slip -5.2/-18.7
  26.07.27/120_2_250_3: q1 1.390 q2 2.461 h 0.789/0.81 slip -5.9/-13.4
  26.07.27/150_2.2_250_3: q1 1.217 q2 0.979 h 0.852/0.84 slip -6.7/-15.7
  26.07.27/200_2.5_250_3: q1 1.774 q2 0.900 h 0.863/0.84 slip -7.2/-22.6
  26.07.27/250_3_250_3: q1 1.710 q2 1.108 h 0.888/0.86 slip -8.8/-21.3
  26.07.27/60_2_250_3: q1 1.629 q2 1.162 h 0.814/0.84 slip -0.1/14.9
  26.07.27/80_2_250_3: q1 2.508 q2 2.632 h 0.774/0.83 slip -1.3/-6.7
  26.04.24/120_2.2_150_2.5: q1 3.727 q2 4.967 h 0.758/0.81 slip -2.3/13.1
  26.04.24/120_2.2_200_2.8: q1 3.616 q2 6.305 h 0.719/0.795 slip -1.8/14.9
  26.04.24/120_2_120_2: q1 2.829 q2 3.236 h 0.809/0.84 slip -2.0/6.6
  26.04.24/150_2.2_250_3: q1 2.603 q2 4.481 h 0.714/0.77 slip -2.4/18.2
  26.04.24/150_2.2_350_3.5: q1 3.434 q2 6.288 h 0.686/0.77 slip -3.5/18.6
  26.04.24/150_2.2_500_4: q1 4.068 q2 8.241 h 0.683/0.775 slip -7.8/18.9
  26.04.24/60_0.75_60_2: q1 1.498 q2 4.229 h 0.944/0.9 slip -15.4/-39.7
  26.04.24/60_1.5_60_1.5: q1 1.463 q2 1.670 h 0.910/0.91 slip -10.6/-5.4
  26.04.24/90_0.75_90_2: q1 0.601 q2 3.384 h 0.923/0.894 slip 3.0/-18.6
  26.06.02/120_2_120_2: q1 2.045 q2 3.000 h 0.959/0.94 slip -16.2/3.0
  26.06.02/150_2.2_250_3: q1 1.100 q2 1.314 h 0.870/0.9 slip 6.6/34.3
  26.06.02/150_2.2_500_5: q1 2.035 q2 4.046 h 0.763/None slip 0.9/38.2
  26.06.02/60_0.75_60_2: q1 0.920 q2 1.790 h 0.937/0.94 slip -9.5/-39.2
  26.06.02/60_1.5_60_1.5: q1 1.149 q2 1.247 h 0.941/0.96 slip -7.6/-7.7
  26.06.02/90_0.75_90_2: q1 1.082 q2 1.509 h 0.980/0.98 slip -16.1/-35.2
  26.04.21/P100_D0.75_P100_D2: q1 1.028 q2 2.975 h 0.866/0.85 slip -13.6/-28.3
  26.04.21/P200_D1.5_P200_D4: q1 1.835 q2 2.557 h 0.738/0.79 slip -16.6/-25.6
  26.04.21/P60_D0.75_P60_D2: q1 1.814 q2 4.345 h 0.879/0.86 slip -9.9/-39.3
  26.04.21/P70_D0.75_P70_D2: q1 1.309 q2 1.500 h 0.807/0.85 slip -9.4/-37.5
  26.04.21/P80_D0.75_P80_D2: q1 2.533 q2 6.607 h 0.919/0.89 slip -11.2/-33.9
  26.04.21/P90_D0.75_P90_D2: q1 0.783 q2 2.120 h 0.847/0.86 slip -12.0/-33.7
  26.03.24/P100_D3: q1 1.927 q2 3.438 h 0.690/0.74 slip 0.4/16.4
  26.03.24/P40_D0.7: q1 4.975 q2 12.500 h 0.792/0.8 slip 19.7/-21.4
  26.03.24/P60_D1.5: q1 0.576 q2 4.525 h 0.733/0.77 slip 6.5/-7.8

============================================================================================================
세션            n    q1[°]    q2[°]      dq1      dq2  |h/h_v−1|  slip_sim   slip_기하
26.03.24      3    2.493    6.821    0.977    2.070      0.042       8.9      -4.2   ← held-out/gate
26.04.21      6    1.550    3.351    0.558    1.221      0.034     -12.1     -33.1   ← held-out/gate
26.04.24      9    2.649    4.756    0.913    2.127      0.064      -4.7       3.0
26.06.02      6    1.389    2.151    0.791    1.036      0.015      -7.0      -1.1
26.07.22      5    3.301    1.609    1.801    1.128      0.032      -7.3     -25.9
26.07.23      3    2.802    1.750    1.399    1.067      0.037     -18.8     -40.2
26.07.24      3    2.490    2.685    1.252    1.310      0.099      -4.9      15.1
26.07.25      4    3.102    2.988    1.852    1.231      0.033      -5.4     -41.6
26.07.27      7    1.738    1.776    1.467    1.045      0.036      -5.0     -11.9
전체           46    2.390    3.098    1.223    1.359      0.043                24.6

============================================================================================================
  Ê_MA 0.7094 · Ê_h 0.7443 · Ê_slip 0.8085   →   **J_G = 0.7397**  (p24 = 1.0000)
  게이트(0324·0421 MA q1·q2): PASS
 
### S=0.97 capK=3.8 capH=2.6 
warm-start from previous mshoot best
warm-start from previous fourbar best
보드 실행: tag=G62_0.97_3.8_2.6
  26.07.22/120_2_120_2: q1 4.049 q2 1.306 h 0.845/0.82 slip -2.4/-19.0
  26.07.22/150_2.2_250_3: q1 3.425 q2 1.265 h 0.895/0.85 slip -11.4/-18.8
  26.07.22/150_3.3_500_5: q1 4.811 q2 1.777 h 0.882/0.85 slip -15.9/-21.5
  26.07.22/60_0.75_60_2: q1 2.352 q2 1.429 h 0.742/0.74 slip -4.6/-47.2
  26.07.22/60_1.5_60_1.5: q1 1.682 q2 2.187 h 0.728/0.76 slip -2.3/-23.1
  26.07.23/150_2.2_250_3: q1 4.184 q2 1.413 h 0.826/0.81 slip 0.7/-16.8
  26.07.23/150_2.2_500_5: q1 1.409 q2 1.204 h 0.785/0.8 slip -30.4/-30.0
  26.07.23/60_0.75_60_2: q1 2.733 q2 3.341 h 0.896/0.83 slip -21.4/-73.8
  26.07.24/150_2.2_250_3: q1 2.385 q2 2.788 h 0.850/0.76 slip 9.1/17.2
  26.07.24/150_2.2_350_3.5: q1 2.689 q2 3.329 h 0.882/0.79 slip -6.9/28.5
  26.07.24/150_2.2_500_5: q1 2.508 q2 2.232 h 0.771/0.72 slip -14.9/-0.5
  26.07.25/100_1.5_250_3: q1 3.225 q2 3.432 h 0.728/0.76 slip -3.9/-34.8
  26.07.25/120_2_250_3: q1 3.469 q2 3.572 h 0.715/0.75 slip -5.2/-36.0
  26.07.25/150_2.2_250_3: q1 2.816 q2 2.611 h 0.734/0.76 slip -5.6/-45.0
  26.07.25/200_2.5_250_3: q1 2.779 q2 2.165 h 0.744/0.74 slip -6.9/-50.7
  26.07.27/100_1.5_250_3: q1 1.924 q2 3.166 h 0.778/0.82 slip -5.2/-18.7
  26.07.27/120_2_250_3: q1 1.370 q2 2.429 h 0.789/0.81 slip -5.9/-13.4
  26.07.27/150_2.2_250_3: q1 1.203 q2 0.964 h 0.853/0.84 slip -6.7/-15.7
  26.07.27/200_2.5_250_3: q1 1.756 q2 0.893 h 0.864/0.84 slip -7.1/-22.6
  26.07.27/250_3_250_3: q1 1.694 q2 1.098 h 0.888/0.86 slip -8.7/-21.3
  26.07.27/60_2_250_3: q1 1.588 q2 1.081 h 0.815/0.84 slip -0.0/14.9
  26.07.27/80_2_250_3: q1 2.461 q2 2.551 h 0.775/0.83 slip -1.3/-6.7
  26.04.24/120_2.2_150_2.5: q1 3.437 q2 4.418 h 0.764/0.81 slip -2.3/13.1
  26.04.24/120_2.2_200_2.8: q1 3.286 q2 5.666 h 0.725/0.795 slip -1.8/14.9
  26.04.24/120_2_120_2: q1 2.484 q2 2.633 h 0.816/0.84 slip -1.6/6.6
  26.04.24/150_2.2_250_3: q1 2.326 q2 3.990 h 0.719/0.77 slip -2.3/18.2
  26.04.24/150_2.2_350_3.5: q1 3.191 q2 5.842 h 0.691/0.77 slip -3.5/18.6
  26.04.24/150_2.2_500_4: q1 3.875 q2 7.880 h 0.687/0.775 slip -7.9/18.9
  26.04.24/60_0.75_60_2: q1 1.886 q2 5.081 h 0.948/0.9 slip -14.6/-39.7
  26.04.24/60_1.5_60_1.5: q1 1.736 q2 2.265 h 0.914/0.91 slip -9.7/-5.4
  26.04.24/90_0.75_90_2: q1 0.790 q2 4.004 h 0.926/0.894 slip 4.3/-18.6
  26.06.02/120_2_120_2: q1 1.882 q2 2.581 h 0.963/0.94 slip -16.3/3.0
  26.06.02/150_2.2_250_3: q1 1.021 q2 1.091 h 0.871/0.9 slip 8.6/34.3
  26.06.02/150_2.2_500_5: q1 1.774 q2 3.453 h 0.766/None slip 1.2/38.2
  26.06.02/60_0.75_60_2: q1 1.130 q2 2.019 h 0.942/0.94 slip -9.6/-39.2
  26.06.02/60_1.5_60_1.5: q1 1.423 q2 1.342 h 0.946/0.96 slip -7.7/-7.7
  26.06.02/90_0.75_90_2: q1 0.904 q2 1.327 h 0.984/0.98 slip -16.2/-35.2
  26.04.21/P100_D0.75_P100_D2: q1 1.334 q2 3.620 h 0.870/0.85 slip -13.4/-28.3
  26.04.21/P200_D1.5_P200_D4: q1 1.564 q2 2.093 h 0.743/0.79 slip -16.8/-25.6
  26.04.21/P60_D0.75_P60_D2: q1 2.144 q2 5.008 h 0.884/0.86 slip -9.9/-39.3
  26.04.21/P70_D0.75_P70_D2: q1 1.170 q2 1.191 h 0.813/0.85 slip -9.5/-37.5
  26.04.21/P80_D0.75_P80_D2: q1 2.869 q2 7.296 h 0.922/0.89 slip -10.8/-33.9
  26.04.21/P90_D0.75_P90_D2: q1 0.907 q2 2.669 h 0.852/0.86 slip -12.1/-33.7
  26.03.24/P100_D3: q1 1.885 q2 3.404 h 0.690/0.74 slip 0.4/16.4
  26.03.24/P40_D0.7: q1 5.190 q2 12.979 h 0.791/0.8 slip 21.8/-21.4
  26.03.24/P60_D1.5: q1 0.676 q2 4.720 h 0.735/0.77 slip 6.6/-7.8

============================================================================================================
세션            n    q1[°]    q2[°]      dq1      dq2  |h/h_v−1|  slip_sim   slip_기하
26.03.24      3    2.583    7.034    0.996    2.116      0.041       9.6      -4.2   ← held-out/gate
26.04.21      6    1.665    3.646    0.547    1.219      0.033     -12.1     -33.1   ← held-out/gate
26.04.24      9    2.557    4.642    0.892    2.066      0.061      -4.4       3.0
26.06.02      6    1.356    1.969    0.790    1.013      0.016      -6.7      -1.1
26.07.22      5    3.264    1.593    1.788    1.137      0.033      -7.3     -25.9
26.07.23      3    2.775    1.986    1.409    1.124      0.039     -17.1     -40.2
26.07.24      3    2.527    2.783    1.258    1.346      0.102      -4.2      15.1
26.07.25      4    3.072    2.945    1.837    1.233      0.032      -5.4     -41.6
26.07.27      7    1.714    1.740    1.452    1.062      0.035      -5.0     -11.9
전체           46    2.390    3.149    1.219    1.368      0.043                24.6

============================================================================================================
  Ê_MA 0.7113 · Ê_h 0.7356 · Ê_slip 0.8085   →   **J_G = 0.7380**  (p24 = 1.0000)
  게이트(0324·0421 MA q1·q2): PASS
 
### S=1.03 capK=3.8 capH=2.6 
warm-start from previous mshoot best
warm-start from previous fourbar best
보드 실행: tag=G62_1.03_3.8_2.6
  26.07.22/120_2_120_2: q1 4.005 q2 1.329 h 0.846/0.82 slip -2.4/-19.0
  26.07.22/150_2.2_250_3: q1 3.365 q2 1.260 h 0.897/0.85 slip -11.4/-18.8
  26.07.22/150_3.3_500_5: q1 4.749 q2 1.717 h 0.884/0.85 slip -16.0/-21.5
  26.07.22/60_0.75_60_2: q1 2.269 q2 1.479 h 0.744/0.74 slip -4.6/-47.2
  26.07.22/60_1.5_60_1.5: q1 1.603 q2 2.062 h 0.730/0.76 slip -2.3/-23.1
  26.07.23/150_2.2_250_3: q1 4.089 q2 1.833 h 0.829/0.81 slip 2.6/-16.8
  26.07.23/150_2.2_500_5: q1 1.477 q2 1.231 h 0.789/0.8 slip -28.5/-30.0
  26.07.23/60_0.75_60_2: q1 2.757 q2 4.066 h 0.907/0.83 slip -18.7/-73.8
  26.07.24/150_2.2_250_3: q1 2.361 q2 2.848 h 0.851/0.76 slip 9.4/17.2
  26.07.24/150_2.2_350_3.5: q1 2.893 q2 3.712 h 0.889/0.79 slip -4.9/28.5
  26.07.24/150_2.2_500_5: q1 2.571 q2 2.338 h 0.773/0.72 slip -14.4/-0.5
  26.07.25/100_1.5_250_3: q1 3.171 q2 3.358 h 0.729/0.76 slip -3.9/-34.8
  26.07.25/120_2_250_3: q1 3.412 q2 3.491 h 0.716/0.75 slip -5.2/-36.0
  26.07.25/150_2.2_250_3: q1 2.770 q2 2.547 h 0.736/0.76 slip -5.6/-45.0
  26.07.25/200_2.5_250_3: q1 2.741 q2 2.110 h 0.745/0.74 slip -6.8/-50.7
  26.07.27/100_1.5_250_3: q1 1.958 q2 3.247 h 0.778/0.82 slip -5.2/-18.7
  26.07.27/120_2_250_3: q1 1.386 q2 2.520 h 0.789/0.81 slip -5.9/-13.4
  26.07.27/150_2.2_250_3: q1 1.174 q2 1.051 h 0.852/0.84 slip -6.7/-15.7
  26.07.27/200_2.5_250_3: q1 1.766 q2 0.928 h 0.863/0.84 slip -7.1/-22.6
  26.07.27/250_3_250_3: q1 1.682 q2 1.028 h 0.886/0.86 slip -8.7/-21.3
  26.07.27/60_2_250_3: q1 1.561 q2 1.063 h 0.815/0.84 slip 0.1/14.9
  26.07.27/80_2_250_3: q1 2.431 q2 2.518 h 0.776/0.83 slip -1.4/-6.7
  26.04.24/120_2.2_150_2.5: q1 3.064 q2 3.728 h 0.773/0.81 slip -2.1/13.1
  26.04.24/120_2.2_200_2.8: q1 2.732 q2 4.573 h 0.737/0.795 slip -1.5/14.9
  26.04.24/120_2_120_2: q1 1.992 q2 1.865 h 0.825/0.84 slip -0.1/6.6
  26.04.24/150_2.2_250_3: q1 1.869 q2 3.194 h 0.727/0.77 slip -1.4/18.2
  26.04.24/150_2.2_350_3.5: q1 2.767 q2 5.069 h 0.699/0.77 slip -3.6/18.6
  26.04.24/150_2.2_500_4: q1 3.512 q2 7.199 h 0.694/0.775 slip -8.1/18.9
  26.04.24/60_0.75_60_2: q1 2.487 q2 6.388 h 0.951/0.9 slip -12.6/-39.7
  26.04.24/60_1.5_60_1.5: q1 2.259 q2 3.398 h 0.919/0.91 slip -8.6/-5.4
  26.04.24/90_0.75_90_2: q1 1.194 q2 5.050 h 0.928/0.894 slip 7.3/-18.6
  26.06.02/120_2_120_2: q1 1.562 q2 1.619 h 0.972/0.94 slip -16.6/3.0
  26.06.02/150_2.2_250_3: q1 1.094 q2 1.489 h 0.875/0.9 slip 11.6/34.3
  26.06.02/150_2.2_500_5: q1 1.350 q2 2.302 h 0.771/None slip 3.2/38.2
  26.06.02/60_0.75_60_2: q1 1.553 q2 2.616 h 0.951/0.94 slip -9.7/-39.2
  26.06.02/60_1.5_60_1.5: q1 1.981 q2 2.007 h 0.957/0.96 slip -7.8/-7.7
  26.06.02/90_0.75_90_2: q1 0.765 q2 1.458 h 0.992/0.98 slip -16.5/-35.2
  26.04.21/P100_D0.75_P100_D2: q1 1.883 q2 4.766 h 0.873/0.85 slip -12.4/-28.3
  26.04.21/P200_D1.5_P200_D4: q1 1.249 q2 1.718 h 0.751/0.79 slip -17.2/-25.6
  26.04.21/P60_D0.75_P60_D2: q1 2.637 q2 5.991 h 0.891/0.86 slip -9.9/-39.3
  26.04.21/P70_D0.75_P70_D2: q1 1.149 q2 1.438 h 0.823/0.85 slip -9.6/-37.5
  26.04.21/P80_D0.75_P80_D2: q1 3.458 q2 8.517 h 0.926/0.89 slip -9.7/-33.9
  26.04.21/P90_D0.75_P90_D2: q1 1.310 q2 3.712 h 0.859/0.86 slip -12.0/-33.7
  26.03.24/P100_D3: q1 1.806 q2 3.323 h 0.691/0.74 slip 0.9/16.4
  26.03.24/P40_D0.7: q1 5.594 q2 13.850 h 0.792/0.8 slip 24.3/-21.4
  26.03.24/P60_D1.5: q1 0.895 q2 5.134 h 0.736/0.77 slip 8.3/-7.8

============================================================================================================
세션            n    q1[°]    q2[°]      dq1      dq2  |h/h_v−1|  slip_sim   slip_기하
26.03.24      3    2.765    7.436    1.033    2.171      0.040      11.2      -4.2   ← held-out/gate
26.04.21      6    1.948    4.357    0.547    1.241      0.031     -11.8     -33.1   ← held-out/gate
26.04.24      9    2.431    4.496    0.864    1.975      0.055      -3.4       3.0
26.06.02      6    1.384    1.915    0.802    0.991      0.018      -6.0      -1.1
26.07.22      5    3.198    1.569    1.764    1.155      0.034      -7.4     -25.9
26.07.23      3    2.774    2.377    1.434    1.217      0.043     -14.9     -40.2
26.07.24      3    2.608    2.966    1.273    1.410      0.106      -3.3      15.1
26.07.25      4    3.024    2.876    1.815    1.243      0.031      -5.4     -41.6
26.07.27      7    1.708    1.765    1.425    1.108      0.035      -5.0     -11.9
전체           46    2.427    3.306    1.217    1.390      0.042                24.6

============================================================================================================
  Ê_MA 0.7240 · Ê_h 0.7222 · Ê_slip 0.8121   →   **J_G = 0.7411**  (p24 = 1.0000)
  게이트(0324·0421 MA q1·q2): FAIL — 26.04.21/q2: 3.970→4.357
 
### S=1.06 capK=3.8 capH=2.6 
warm-start from previous mshoot best
warm-start from previous fourbar best
보드 실행: tag=G62_1.06_3.8_2.6
  26.07.22/120_2_120_2: q1 3.985 q2 1.341 h 0.847/0.82 slip -2.5/-19.0
  26.07.22/150_2.2_250_3: q1 3.345 q2 1.261 h 0.898/0.85 slip -11.4/-18.8
  26.07.22/150_3.3_500_5: q1 4.724 q2 1.695 h 0.885/0.85 slip -16.1/-21.5
  26.07.22/60_0.75_60_2: q1 2.230 q2 1.506 h 0.744/0.74 slip -4.7/-47.2
  26.07.22/60_1.5_60_1.5: q1 1.568 q2 2.007 h 0.730/0.76 slip -2.3/-23.1
  26.07.23/150_2.2_250_3: q1 4.054 q2 1.964 h 0.830/0.81 slip 2.9/-16.8
  26.07.23/150_2.2_500_5: q1 1.498 q2 1.264 h 0.793/0.8 slip -27.0/-30.0
  26.07.23/60_0.75_60_2: q1 2.745 q2 4.316 h 0.911/0.83 slip -18.1/-73.8
  26.07.24/150_2.2_250_3: q1 2.356 q2 2.863 h 0.851/0.76 slip 9.5/17.2
  26.07.24/150_2.2_350_3.5: q1 3.011 q2 3.917 h 0.893/0.79 slip -4.3/28.5
  26.07.24/150_2.2_500_5: q1 2.578 q2 2.358 h 0.775/0.72 slip -14.1/-0.5
  26.07.25/100_1.5_250_3: q1 3.152 q2 3.332 h 0.730/0.76 slip -4.0/-34.8
  26.07.25/120_2_250_3: q1 3.391 q2 3.461 h 0.716/0.75 slip -5.2/-36.0
  26.07.25/150_2.2_250_3: q1 2.751 q2 2.520 h 0.736/0.76 slip -5.6/-45.0
  26.07.25/200_2.5_250_3: q1 2.725 q2 2.086 h 0.745/0.74 slip -6.8/-50.7
  26.07.27/100_1.5_250_3: q1 2.006 q2 3.347 h 0.777/0.82 slip -5.2/-18.7
  26.07.27/120_2_250_3: q1 1.401 q2 2.585 h 0.788/0.81 slip -5.9/-13.4
  26.07.27/150_2.2_250_3: q1 1.164 q2 1.127 h 0.852/0.84 slip -6.7/-15.7
  26.07.27/200_2.5_250_3: q1 1.792 q2 0.977 h 0.862/0.84 slip -7.1/-22.6
  26.07.27/250_3_250_3: q1 1.685 q2 1.014 h 0.884/0.86 slip -8.7/-21.3
  26.07.27/60_2_250_3: q1 1.569 q2 1.114 h 0.814/0.84 slip 0.1/14.9
  26.07.27/80_2_250_3: q1 2.442 q2 2.554 h 0.775/0.83 slip -1.4/-6.7
  26.04.24/120_2.2_150_2.5: q1 2.936 q2 3.500 h 0.776/0.81 slip -2.1/13.1
  26.04.24/120_2.2_200_2.8: q1 2.500 q2 4.102 h 0.741/0.795 slip -1.3/14.9
  26.04.24/120_2_120_2: q1 1.842 q2 1.700 h 0.828/0.84 slip 0.5/6.6
  26.04.24/150_2.2_250_3: q1 1.679 q2 2.884 h 0.731/0.77 slip -1.0/18.2
  26.04.24/150_2.2_350_3.5: q1 2.574 q2 4.718 h 0.703/0.77 slip -3.6/18.6
  26.04.24/150_2.2_500_4: q1 3.336 q2 6.870 h 0.697/0.775 slip -8.2/18.9
  26.04.24/60_0.75_60_2: q1 2.718 q2 6.896 h 0.952/0.9 slip -11.5/-39.7
  26.04.24/60_1.5_60_1.5: q1 2.450 q2 3.806 h 0.920/0.91 slip -7.9/-5.4
  26.04.24/90_0.75_90_2: q1 1.368 q2 5.415 h 0.930/0.894 slip 7.3/-18.6
  26.06.02/120_2_120_2: q1 1.439 q2 1.139 h 0.976/0.94 slip -16.7/3.0
  26.06.02/150_2.2_250_3: q1 1.215 q2 1.894 h 0.877/0.9 slip 13.0/34.3
  26.06.02/150_2.2_500_5: q1 1.209 q2 1.862 h 0.773/None slip 3.6/38.2
  26.06.02/60_0.75_60_2: q1 1.790 q2 3.003 h 0.956/0.94 slip -9.8/-39.2
  26.06.02/60_1.5_60_1.5: q1 3.538 q2 0.754 h 0.925/0.96 slip -17.6/-7.7
  26.06.02/90_0.75_90_2: q1 0.784 q2 1.678 h 0.995/0.98 slip -16.6/-35.2
  26.04.21/P100_D0.75_P100_D2: q1 2.123 q2 5.264 h 0.875/0.85 slip -11.9/-28.3
  26.04.21/P200_D1.5_P200_D4: q1 1.171 q2 1.735 h 0.754/0.79 slip -17.4/-25.6
  26.04.21/P60_D0.75_P60_D2: q1 2.893 q2 6.507 h 0.895/0.86 slip -9.7/-39.3
  26.04.21/P70_D0.75_P70_D2: q1 1.219 q2 1.725 h 0.827/0.85 slip -9.7/-37.5
  26.04.21/P80_D0.75_P80_D2: q1 3.652 q2 8.933 h 0.927/0.89 slip -9.1/-33.9
  26.04.21/P90_D0.75_P90_D2: q1 1.525 q2 4.195 h 0.862/0.86 slip -11.9/-33.7
  26.03.24/P100_D3: q1 1.769 q2 3.298 h 0.692/0.74 slip 0.9/16.4
  26.03.24/P40_D0.7: q1 5.762 q2 14.224 h 0.792/0.8 slip 25.5/-21.4
  26.03.24/P60_D1.5: q1 1.011 q2 5.348 h 0.736/0.77 slip 9.2/-7.8

============================================================================================================
세션            n    q1[°]    q2[°]      dq1      dq2  |h/h_v−1|  slip_sim   slip_기하
26.03.24      3    2.847    7.623    1.051    2.203      0.040      11.9      -4.2   ← held-out/gate
26.04.21      6    2.097    4.727    0.553    1.263      0.031     -11.6     -33.1   ← held-out/gate
26.04.24      9    2.378    4.432    0.854    1.935      0.052      -3.1       3.0
26.06.02      6    1.663    1.722    0.846    0.941      0.027      -7.3      -1.1
26.07.22      5    3.170    1.562    1.753    1.164      0.035      -7.4     -25.9
26.07.23      3    2.766    2.515    1.439    1.248      0.044     -14.1     -40.2
26.07.24      3    2.648    3.046    1.278    1.435      0.108      -3.0      15.1
26.07.25      4    3.005    2.850    1.806    1.250      0.031      -5.4     -41.6
26.07.27      7    1.723    1.817    1.415    1.136      0.035      -5.0     -11.9
전체           46    2.477    3.366    1.222    1.397      0.042                24.6

============================================================================================================
  Ê_MA 0.7336 · Ê_h 0.7330 · Ê_slip 0.8222   →   **J_G = 0.7512**  (p24 = 1.0000)
  게이트(0324·0421 MA q1·q2): FAIL — 26.04.21/q2: 3.970→4.727
 
### S=1.10 capK=3.8 capH=2.6 
warm-start from previous mshoot best
warm-start from previous fourbar best
보드 실행: tag=G62_1.10_3.8_2.6
  26.07.22/120_2_120_2: q1 3.957 q2 1.359 h 0.848/0.82 slip -2.5/-19.0
  26.07.22/150_2.2_250_3: q1 3.322 q2 1.264 h 0.898/0.85 slip -11.5/-18.8
  26.07.22/150_3.3_500_5: q1 4.691 q2 1.668 h 0.886/0.85 slip -16.1/-21.5
  26.07.22/60_0.75_60_2: q1 2.185 q2 1.538 h 0.745/0.74 slip -4.7/-47.2
  26.07.22/60_1.5_60_1.5: q1 1.525 q2 1.942 h 0.731/0.76 slip -2.3/-23.1
  26.07.23/150_2.2_250_3: q1 4.015 q2 2.113 h 0.832/0.81 slip 3.2/-16.8
  26.07.23/150_2.2_500_5: q1 1.516 q2 1.311 h 0.795/0.8 slip -26.0/-30.0
  26.07.23/60_0.75_60_2: q1 2.752 q2 4.592 h 0.915/0.83 slip -17.2/-73.8
  26.07.24/150_2.2_250_3: q1 2.350 q2 2.879 h 0.851/0.76 slip 9.6/17.2
  26.07.24/150_2.2_350_3.5: q1 3.149 q2 4.194 h 0.896/0.79 slip -3.1/28.5
  26.07.24/150_2.2_500_5: q1 2.597 q2 2.400 h 0.775/0.72 slip -14.0/-0.5
  26.07.25/100_1.5_250_3: q1 3.136 q2 3.311 h 0.730/0.76 slip -4.0/-34.8
  26.07.25/120_2_250_3: q1 3.372 q2 3.436 h 0.717/0.75 slip -5.3/-36.0
  26.07.25/150_2.2_250_3: q1 2.729 q2 2.489 h 0.737/0.76 slip -5.6/-45.0
  26.07.25/200_2.5_250_3: q1 2.705 q2 2.058 h 0.746/0.74 slip -6.8/-50.7
  26.07.27/100_1.5_250_3: q1 2.071 q2 3.483 h 0.776/0.82 slip -5.2/-18.7
  26.07.27/120_2_250_3: q1 1.424 q2 2.673 h 0.788/0.81 slip -5.9/-13.4
  26.07.27/150_2.2_250_3: q1 1.156 q2 1.236 h 0.851/0.84 slip -6.7/-15.7
  26.07.27/200_2.5_250_3: q1 1.831 q2 1.055 h 0.861/0.84 slip -7.1/-22.6
  26.07.27/250_3_250_3: q1 1.693 q2 1.018 h 0.883/0.86 slip -8.7/-21.3
  26.07.27/60_2_250_3: q1 1.584 q2 1.186 h 0.813/0.84 slip 0.1/14.9
  26.07.27/80_2_250_3: q1 2.459 q2 2.604 h 0.775/0.83 slip -1.4/-6.7
  26.04.24/120_2.2_150_2.5: q1 2.796 q2 3.252 h 0.779/0.81 slip -1.8/13.1
  26.04.24/120_2.2_200_2.8: q1 2.251 q2 3.577 h 0.746/0.795 slip -0.5/14.9
  26.04.24/120_2_120_2: q1 1.691 q2 1.617 h 0.832/0.84 slip 0.5/6.6
  26.04.24/150_2.2_250_3: q1 1.482 q2 2.584 h 0.735/0.77 slip 0.1/18.2
  26.04.24/150_2.2_350_3.5: q1 2.327 q2 4.274 h 0.708/0.77 slip -3.7/18.6
  26.04.24/150_2.2_500_4: q1 3.105 q2 6.428 h 0.702/0.775 slip -8.3/18.9
  26.04.24/60_0.75_60_2: q1 3.012 q2 7.534 h 0.953/0.9 slip -10.2/-39.7
  26.04.24/60_1.5_60_1.5: q1 2.654 q2 4.212 h 0.922/0.91 slip -8.1/-5.4
  26.04.24/90_0.75_90_2: q1 1.557 q2 5.879 h 0.930/0.894 slip 8.9/-18.6
  26.06.02/120_2_120_2: q1 1.349 q2 0.647 h 0.981/0.94 slip -16.8/3.0
  26.06.02/150_2.2_250_3: q1 1.415 q2 2.508 h 0.878/0.9 slip 16.6/34.3
  26.06.02/150_2.2_500_5: q1 1.129 q2 1.390 h 0.773/None slip 6.4/38.2
  26.06.02/60_0.75_60_2: q1 2.110 q2 3.552 h 0.962/0.94 slip -9.8/-39.2
  26.06.02/60_1.5_60_1.5: q1 3.930 q2 0.871 h 0.927/0.96 slip -18.6/-7.7
  26.06.02/90_0.75_90_2: q1 0.897 q2 2.076 h 1.000/0.98 slip -16.7/-35.2
  26.04.21/P100_D0.75_P100_D2: q1 2.422 q2 5.883 h 0.876/0.85 slip -11.3/-28.3
  26.04.21/P200_D1.5_P200_D4: q1 1.132 q2 1.880 h 0.757/0.79 slip -17.5/-25.6
  26.04.21/P60_D0.75_P60_D2: q1 3.172 q2 7.069 h 0.898/0.86 slip -9.6/-39.3
  26.04.21/P70_D0.75_P70_D2: q1 1.344 q2 2.127 h 0.831/0.85 slip -9.8/-37.5
  26.04.21/P80_D0.75_P80_D2: q1 3.868 q2 9.358 h 0.929/0.89 slip -9.1/-33.9
  26.04.21/P90_D0.75_P90_D2: q1 1.811 q2 4.814 h 0.865/0.86 slip -11.7/-33.7
  26.03.24/P100_D3: q1 1.721 q2 3.247 h 0.691/0.74 slip 1.4/16.4
  26.03.24/P40_D0.7: q1 5.980 q2 14.685 h 0.792/0.8 slip 26.1/-21.4
  26.03.24/P60_D1.5: q1 1.169 q2 5.637 h 0.738/0.77 slip 10.1/-7.8

============================================================================================================
세션            n    q1[°]    q2[°]      dq1      dq2  |h/h_v−1|  slip_sim   slip_기하
26.03.24      3    2.956    7.856    1.075    2.231      0.039      12.5      -4.2   ← held-out/gate
26.04.21      6    2.291    5.188    0.566    1.292      0.032     -11.5     -33.1   ← held-out/gate
26.04.24      9    2.319    4.373    0.842    1.893      0.049      -2.6       3.0
26.06.02      6    1.805    1.840    0.862    0.950      0.029      -6.5      -1.1
26.07.22      5    3.136    1.554    1.739    1.177      0.036      -7.4     -25.9
26.07.23      3    2.761    2.672    1.446    1.279      0.045     -13.3     -40.2
26.07.24      3    2.699    3.158    1.289    1.472      0.110      -2.5      15.1
26.07.25      4    2.986    2.824    1.797    1.263      0.031      -5.4     -41.6
26.07.27      7    1.745    1.894    1.405    1.173      0.035      -5.0     -11.9
전체           46    2.522    3.484    1.225    1.414      0.042                24.6

============================================================================================================
  Ê_MA 0.7460 · Ê_h 0.7325 · Ê_slip 0.8204   →   **J_G = 0.7568**  (p24 = 1.0000)
  게이트(0324·0421 MA q1·q2): FAIL — 26.04.21/q2: 3.970→5.188
 
### S=0.90 capK=3.8 capH=2.6 
warm-start from previous mshoot best
warm-start from previous fourbar best
보드 실행: tag=G62_0.90_3.8_2.6
  26.07.22/120_2_120_2: q1 4.121 q2 1.281 h 0.843/0.82 slip -2.3/-19.0
  26.07.22/150_2.2_250_3: q1 3.505 q2 1.298 h 0.893/0.85 slip -11.3/-18.8
  26.07.22/150_3.3_500_5: q1 4.898 q2 1.873 h 0.879/0.85 slip -15.8/-21.5
  26.07.22/60_0.75_60_2: q1 2.462 q2 1.377 h 0.739/0.74 slip -4.6/-47.2
  26.07.22/60_1.5_60_1.5: q1 1.789 q2 2.354 h 0.726/0.76 slip -2.2/-23.1
  26.07.23/150_2.2_250_3: q1 4.372 q2 0.746 h 0.820/0.81 slip -3.0/-16.8
  26.07.23/150_2.2_500_5: q1 1.393 q2 1.402 h 0.775/0.8 slip -35.7/-30.0
  26.07.23/60_0.75_60_2: q1 2.716 q2 2.260 h 0.875/0.83 slip -26.2/-73.8
  26.07.24/150_2.2_250_3: q1 2.477 q2 2.551 h 0.848/0.76 slip 7.7/17.2
  26.07.24/150_2.2_350_3.5: q1 2.467 q2 2.952 h 0.872/0.79 slip -10.5/28.5
  26.07.24/150_2.2_500_5: q1 2.450 q2 2.098 h 0.764/0.72 slip -16.9/-0.5
  26.07.25/100_1.5_250_3: q1 3.302 q2 3.538 h 0.726/0.76 slip -3.8/-34.8
  26.07.25/120_2_250_3: q1 3.558 q2 3.701 h 0.713/0.75 slip -5.1/-36.0
  26.07.25/150_2.2_250_3: q1 2.895 q2 2.726 h 0.733/0.76 slip -5.6/-45.0
  26.07.25/200_2.5_250_3: q1 2.842 q2 2.258 h 0.742/0.74 slip -6.9/-50.7
  26.07.27/100_1.5_250_3: q1 1.977 q2 3.261 h 0.777/0.82 slip -5.2/-18.7
  26.07.27/120_2_250_3: q1 1.436 q2 2.557 h 0.788/0.81 slip -6.0/-13.4
  26.07.27/150_2.2_250_3: q1 1.235 q2 1.037 h 0.851/0.84 slip -6.7/-15.7
  26.07.27/200_2.5_250_3: q1 1.814 q2 0.928 h 0.863/0.84 slip -7.2/-22.6
  26.07.27/250_3_250_3: q1 1.734 q2 1.098 h 0.887/0.86 slip -8.8/-21.3
  26.07.27/60_2_250_3: q1 1.709 q2 1.332 h 0.812/0.84 slip -0.2/14.9
  26.07.27/80_2_250_3: q1 2.590 q2 2.783 h 0.773/0.83 slip -1.3/-6.7
  26.04.24/120_2.2_150_2.5: q1 4.315 q2 6.098 h 0.745/0.81 slip -2.3/13.1
  26.04.24/120_2.2_200_2.8: q1 4.069 q2 7.176 h 0.709/0.795 slip -1.8/14.9
  26.04.24/120_2_120_2: q1 3.389 q2 4.269 h 0.798/0.84 slip -2.8/6.6
  26.04.24/150_2.2_250_3: q1 2.990 q2 5.172 h 0.706/0.77 slip -2.4/18.2
  26.04.24/150_2.2_350_3.5: q1 3.751 q2 6.872 h 0.680/0.77 slip -3.4/18.6
  26.04.24/150_2.2_500_4: q1 4.381 q2 8.829 h 0.676/0.775 slip -7.6/18.9
  26.04.24/60_0.75_60_2: q1 0.971 q2 2.948 h 0.940/0.9 slip -17.6/-39.7
  26.04.24/60_1.5_60_1.5: q1 1.259 q2 1.531 h 0.900/0.91 slip -10.6/-5.4
  26.04.24/90_0.75_90_2: q1 0.581 q2 2.385 h 0.919/0.894 slip 0.6/-18.6
  26.06.02/120_2_120_2: q1 2.293 q2 3.597 h 0.953/0.94 slip -16.0/3.0
  26.06.02/150_2.2_250_3: q1 1.277 q2 1.804 h 0.867/0.9 slip 5.0/34.3
  26.06.02/150_2.2_500_5: q1 2.393 q2 4.879 h 0.759/None slip -0.6/38.2
  26.06.02/60_0.75_60_2: q1 0.657 q2 1.667 h 0.927/0.94 slip -9.5/-39.2
  26.06.02/60_1.5_60_1.5: q1 0.736 q2 1.491 h 0.932/0.96 slip -7.4/-7.7
  26.06.02/90_0.75_90_2: q1 1.470 q2 2.132 h 0.971/0.98 slip -15.8/-35.2
  26.04.21/P100_D0.75_P100_D2: q1 0.597 q2 1.949 h 0.860/0.85 slip -13.8/-28.3
  26.04.21/P200_D1.5_P200_D4: q1 2.299 q2 3.413 h 0.728/0.79 slip -16.2/-25.6
  26.04.21/P60_D0.75_P60_D2: q1 1.317 q2 3.336 h 0.870/0.86 slip -9.9/-39.3
  26.04.21/P70_D0.75_P70_D2: q1 1.659 q2 2.324 h 0.796/0.85 slip -9.2/-37.5
  26.04.21/P80_D0.75_P80_D2: q1 2.038 q2 5.591 h 0.915/0.89 slip -11.9/-33.9
  26.04.21/P90_D0.75_P90_D2: q1 0.853 q2 1.473 h 0.840/0.86 slip -11.8/-33.7
  26.03.24/P100_D3: q1 2.009 q2 3.520 h 0.689/0.74 slip -0.1/16.4
  26.03.24/P40_D0.7: q1 4.668 q2 11.908 h 0.790/0.8 slip 19.7/-21.4
  26.03.24/P60_D1.5: q1 0.473 q2 4.257 h 0.732/0.77 slip 5.0/-7.8

============================================================================================================
세션            n    q1[°]    q2[°]      dq1      dq2  |h/h_v−1|  slip_sim   slip_기하
26.03.24      3    2.383    6.562    0.950    2.061      0.043       8.2      -4.2   ← held-out/gate
26.04.21      6    1.461    3.014    0.589    1.246      0.036     -12.1     -33.1   ← held-out/gate
26.04.24      9    2.856    5.031    0.957    2.232      0.072      -5.3       3.0
26.06.02      6    1.471    2.595    0.799    1.077      0.021      -7.4      -1.1
26.07.22      5    3.355    1.637    1.820    1.119      0.032      -7.3     -25.9
26.07.23      3    2.827    1.469    1.379    0.986      0.032     -21.6     -40.2
26.07.24      3    2.465    2.534    1.249    1.239      0.094      -6.6      15.1
26.07.25      4    3.149    3.056    1.873    1.231      0.033      -5.4     -41.6
26.07.27      7    1.785    1.857    1.490    1.029      0.036      -5.1     -11.9
전체           46    2.417    3.084    1.234    1.358      0.045                24.6

============================================================================================================
  Ê_MA 0.7146 · Ê_h 0.7765 · Ê_slip 0.8100   →   **J_G = 0.7522**  (p24 = 1.0000)
  게이트(0324·0421 MA q1·q2): PASS
 
### S=0.94 capK=3.4 capH=2.4 
warm-start from previous mshoot best
warm-start from previous fourbar best
보드 실행: tag=G62_0.94_3.4_2.4
  26.07.22/120_2_120_2: q1 4.467 q2 1.446 h 0.815/0.82 slip -2.4/-19.0
  26.07.22/150_2.2_250_3: q1 3.822 q2 1.726 h 0.866/0.85 slip -10.8/-18.8
  26.07.22/150_3.3_500_5: q1 5.264 q2 2.551 h 0.854/0.85 slip -15.3/-21.5
  26.07.22/60_0.75_60_2: q1 3.035 q2 1.431 h 0.712/0.74 slip -4.4/-47.2
  26.07.22/60_1.5_60_1.5: q1 2.343 q2 3.437 h 0.699/0.76 slip -2.2/-23.1
  26.07.23/150_2.2_250_3: q1 4.823 q2 1.616 h 0.789/0.81 slip -9.3/-16.8
  26.07.23/150_2.2_500_5: q1 1.715 q2 2.221 h 0.737/0.8 slip -53.7/-30.0
  26.07.23/60_0.75_60_2: q1 3.081 q2 1.344 h 0.834/0.83 slip -29.2/-73.8
  26.07.24/150_2.2_250_3: q1 3.107 q2 1.647 h 0.814/0.76 slip 4.6/17.2
  26.07.24/150_2.2_350_3.5: q1 2.158 q2 2.433 h 0.838/0.79 slip -12.6/28.5
  26.07.24/150_2.2_500_5: q1 2.302 q2 1.922 h 0.734/0.72 slip -25.9/-0.5
  26.07.25/100_1.5_250_3: q1 3.771 q2 4.550 h 0.706/0.76 slip -3.8/-34.8
  26.07.25/120_2_250_3: q1 4.022 q2 4.695 h 0.693/0.75 slip -5.0/-36.0
  26.07.25/150_2.2_250_3: q1 3.325 q2 3.706 h 0.713/0.76 slip -5.4/-45.0
  26.07.25/200_2.5_250_3: q1 3.241 q2 3.182 h 0.723/0.74 slip -6.6/-50.7
  26.07.27/100_1.5_250_3: q1 2.840 q2 5.017 h 0.745/0.82 slip -5.0/-18.7
  26.07.27/120_2_250_3: q1 2.218 q2 4.401 h 0.755/0.81 slip -5.7/-13.4
  26.07.27/150_2.2_250_3: q1 1.572 q2 2.890 h 0.818/0.84 slip -6.5/-15.7
  26.07.27/200_2.5_250_3: q1 2.418 q2 2.260 h 0.829/0.84 slip -6.9/-22.6
  26.07.27/250_3_250_3: q1 2.034 q2 1.846 h 0.852/0.86 slip -8.4/-21.3
  26.07.27/60_2_250_3: q1 2.376 q2 3.051 h 0.778/0.84 slip -0.4/14.9
  26.07.27/80_2_250_3: q1 3.340 q2 4.371 h 0.741/0.83 slip -1.4/-6.7
  26.04.24/120_2.2_150_2.5: q1 5.245 q2 8.039 h 0.714/0.81 slip -2.5/13.1
  26.04.24/120_2.2_200_2.8: q1 5.133 q2 9.341 h 0.679/0.795 slip -2.0/14.9
  26.04.24/120_2_120_2: q1 4.352 q2 6.304 h 0.767/0.84 slip -3.3/6.6
  26.04.24/150_2.2_250_3: q1 4.076 q2 7.334 h 0.675/0.77 slip -2.6/18.2
  26.04.24/150_2.2_350_3.5: q1 4.882 q2 9.152 h 0.647/0.77 slip -3.4/18.6
  26.04.24/150_2.2_500_4: q1 5.674 q2 11.442 h 0.641/0.775 slip -7.4/18.9
  26.04.24/60_0.75_60_2: q1 1.143 q2 1.053 h 0.905/0.9 slip -19.0/-39.7
  26.04.24/60_1.5_60_1.5: q1 2.000 q2 3.383 h 0.860/0.91 slip -10.5/-5.4
  26.04.24/90_0.75_90_2: q1 1.924 q2 1.759 h 0.891/0.894 slip -5.7/-18.6
  26.06.02/120_2_120_2: q1 3.082 q2 5.068 h 0.915/0.94 slip -15.4/3.0
  26.06.02/150_2.2_250_3: q1 2.006 q2 3.529 h 0.845/0.9 slip 0.9/34.3
  26.06.02/150_2.2_500_5: q1 3.290 q2 6.852 h 0.737/None slip -2.6/38.2
  26.06.02/60_0.75_60_2: q1 0.992 q2 1.786 h 0.893/0.94 slip -9.3/-39.2
  26.06.02/60_1.5_60_1.5: q1 0.822 q2 2.166 h 0.894/0.96 slip -7.9/-7.7
  26.06.02/90_0.75_90_2: q1 2.257 q2 3.224 h 0.935/0.98 slip -15.5/-35.2
  26.04.21/P100_D0.75_P100_D2: q1 1.300 q2 1.665 h 0.820/0.85 slip -13.5/-28.3
  26.04.21/P200_D1.5_P200_D4: q1 3.487 q2 5.683 h 0.692/0.79 slip -15.4/-25.6
  26.04.21/P60_D0.75_P60_D2: q1 0.757 q2 1.156 h 0.826/0.86 slip -9.6/-39.3
  26.04.21/P70_D0.75_P70_D2: q1 2.627 q2 4.207 h 0.757/0.85 slip -8.9/-37.5
  26.04.21/P80_D0.75_P80_D2: q1 0.435 q2 2.446 h 0.876/0.89 slip -12.6/-33.9
  26.04.21/P90_D0.75_P90_D2: q1 2.038 q2 2.700 h 0.798/0.86 slip -11.5/-33.7
  26.03.24/P100_D3: q1 3.963 q2 6.570 h 0.652/0.74 slip -1.9/16.4
  26.03.24/P40_D0.7: q1 2.463 q2 7.042 h 0.774/0.8 slip 7.5/-21.4
  26.03.24/P60_D1.5: q1 1.940 q2 3.250 h 0.710/0.77 slip -1.6/-7.8

============================================================================================================
세션            n    q1[°]    q2[°]      dq1      dq2  |h/h_v−1|  slip_sim   slip_기하
26.03.24      3    2.788    5.621    0.902    2.306      0.077       1.3      -4.2   ← held-out/gate
26.04.21      6    1.774    2.976    0.775    1.613      0.066     -11.9     -33.1   ← held-out/gate
26.04.24      9    3.826    6.423    1.176    2.730      0.097      -6.3       3.0
26.06.02      6    2.075    3.771    0.873    1.330      0.051      -8.3      -1.1
26.07.22      5    3.786    2.118    1.778    1.024      0.030      -7.0     -25.9
26.07.23      3    3.207    1.727    1.385    0.908      0.037     -30.7     -40.2
26.07.24      3    2.522    2.001    1.176    0.930      0.050     -11.3      15.1
26.07.25      4    3.590    4.033    1.922    1.529      0.058      -5.2     -41.6
26.07.27      7    2.400    3.405    1.500    1.345      0.056      -4.9     -11.9
전체           46    2.885    3.564    1.276    1.524      0.062                24.6

============================================================================================================
  Ê_MA 0.8445 · Ê_h 1.0684 · Ê_slip 0.8181   →   **J_G = 0.9064**  (p24 = 1.0000)
  게이트(0324·0421 MA q1·q2): PASS
 
### S=0.94 capK=3.6 capH=2.6 
warm-start from previous mshoot best
warm-start from previous fourbar best
보드 실행: tag=G62_0.94_3.6_2.6
  26.07.22/120_2_120_2: q1 4.222 q2 1.219 h 0.832/0.82 slip -2.4/-19.0
  26.07.22/150_2.2_250_3: q1 3.587 q2 1.364 h 0.882/0.85 slip -11.1/-18.8
  26.07.22/150_3.3_500_5: q1 5.005 q2 2.104 h 0.869/0.85 slip -15.6/-21.5
  26.07.22/60_0.75_60_2: q1 2.633 q2 1.212 h 0.729/0.74 slip -4.6/-47.2
  26.07.22/60_1.5_60_1.5: q1 1.958 q2 2.739 h 0.715/0.76 slip -2.3/-23.1
  26.07.23/150_2.2_250_3: q1 4.431 q2 0.531 h 0.809/0.81 slip -5.0/-16.8
  26.07.23/150_2.2_500_5: q1 1.581 q2 1.517 h 0.764/0.8 slip -40.9/-30.0
  26.07.23/60_0.75_60_2: q1 2.601 q2 1.887 h 0.860/0.83 slip -28.9/-73.8
  26.07.24/150_2.2_250_3: q1 2.679 q2 2.032 h 0.834/0.76 slip 6.6/17.2
  26.07.24/150_2.2_350_3.5: q1 2.444 q2 2.731 h 0.862/0.79 slip -11.3/28.5
  26.07.24/150_2.2_500_5: q1 2.429 q2 1.874 h 0.753/0.72 slip -20.5/-0.5
  26.07.25/100_1.5_250_3: q1 3.458 q2 3.941 h 0.718/0.76 slip -3.8/-34.8
  26.07.25/120_2_250_3: q1 3.707 q2 4.084 h 0.705/0.75 slip -5.1/-36.0
  26.07.25/150_2.2_250_3: q1 3.030 q2 3.102 h 0.725/0.76 slip -5.5/-45.0
  26.07.25/200_2.5_250_3: q1 2.964 q2 2.606 h 0.735/0.74 slip -6.8/-50.7
  26.07.27/100_1.5_250_3: q1 2.334 q2 4.033 h 0.763/0.82 slip -5.2/-18.7
  26.07.27/120_2_250_3: q1 1.725 q2 3.341 h 0.774/0.81 slip -5.9/-13.4
  26.07.27/150_2.2_250_3: q1 1.244 q2 1.747 h 0.838/0.84 slip -6.7/-15.7
  26.07.27/200_2.5_250_3: q1 2.022 q2 1.375 h 0.848/0.84 slip -7.1/-22.6
  26.07.27/250_3_250_3: q1 1.766 q2 1.021 h 0.872/0.86 slip -8.6/-21.3
  26.07.27/60_2_250_3: q1 1.934 q2 2.035 h 0.798/0.84 slip -0.3/14.9
  26.07.27/80_2_250_3: q1 2.872 q2 3.436 h 0.759/0.83 slip -1.4/-6.7
  26.04.24/120_2.2_150_2.5: q1 4.343 q2 6.219 h 0.739/0.81 slip -2.4/13.1
  26.04.24/120_2.2_200_2.8: q1 4.364 q2 7.796 h 0.699/0.795 slip -1.9/14.9
  26.04.24/120_2_120_2: q1 3.493 q2 4.579 h 0.791/0.84 slip -3.0/6.6
  26.04.24/150_2.2_250_3: q1 3.330 q2 5.871 h 0.695/0.77 slip -2.5/18.2
  26.04.24/150_2.2_350_3.5: q1 4.155 q2 7.708 h 0.667/0.77 slip -3.5/18.6
  26.04.24/150_2.2_500_4: q1 4.879 q2 9.854 h 0.662/0.775 slip -7.6/18.9
  26.04.24/60_0.75_60_2: q1 1.018 q2 2.616 h 0.931/0.9 slip -18.3/-39.7
  26.04.24/60_1.5_60_1.5: q1 1.457 q2 1.747 h 0.890/0.91 slip -10.7/-5.4
  26.04.24/90_0.75_90_2: q1 0.930 q2 1.423 h 0.911/0.894 slip -2.7/-18.6
  26.06.02/120_2_120_2: q1 2.418 q2 3.793 h 0.942/0.94 slip -15.9/3.0
  26.06.02/150_2.2_250_3: q1 1.427 q2 2.102 h 0.859/0.9 slip 3.9/34.3
  26.06.02/150_2.2_500_5: q1 2.567 q2 5.232 h 0.752/None slip -0.6/38.2
  26.06.02/60_0.75_60_2: q1 0.822 q2 1.458 h 0.920/0.94 slip -9.6/-39.2
  26.06.02/60_1.5_60_1.5: q1 0.997 q2 1.326 h 0.921/0.96 slip -8.2/-7.7
  26.06.02/90_0.75_90_2: q1 1.515 q2 2.029 h 0.962/0.98 slip -15.9/-35.2
  26.04.21/P100_D0.75_P100_D2: q1 0.664 q2 1.583 h 0.848/0.85 slip -13.9/-28.3
  26.04.21/P200_D1.5_P200_D4: q1 2.514 q2 3.851 h 0.719/0.79 slip -16.1/-25.6
  26.04.21/P60_D0.75_P60_D2: q1 1.149 q2 2.775 h 0.857/0.86 slip -9.9/-39.3
  26.04.21/P70_D0.75_P70_D2: q1 1.829 q2 2.613 h 0.786/0.85 slip -9.2/-37.5
  26.04.21/P80_D0.75_P80_D2: q1 1.523 q2 4.523 h 0.902/0.89 slip -12.5/-33.9
  26.04.21/P90_D0.75_P90_D2: q1 1.148 q2 1.524 h 0.827/0.86 slip -11.9/-33.7
  26.03.24/P100_D3: q1 2.932 q2 4.811 h 0.674/0.74 slip -1.9/16.4
  26.03.24/P40_D0.7: q1 3.734 q2 9.740 h 0.784/0.8 slip 13.8/-21.4
  26.03.24/P60_D1.5: q1 0.905 q2 3.120 h 0.725/0.77 slip 0.8/-7.8

============================================================================================================
세션            n    q1[°]    q2[°]      dq1      dq2  |h/h_v−1|  slip_sim   slip_기하
26.03.24      3    2.524    5.890    0.896    2.182      0.056       4.2      -4.2   ← held-out/gate
26.04.21      6    1.471    2.811    0.627    1.331      0.037     -12.2     -33.1   ← held-out/gate
26.04.24      9    3.108    5.313    1.017    2.364      0.080      -5.9       3.0
26.06.02      6    1.624    2.657    0.810    1.125      0.026      -7.7      -1.1
26.07.22      5    3.481    1.728    1.790    1.068      0.030      -7.2     -25.9
26.07.23      3    2.871    1.312    1.372    0.932      0.027     -24.9     -40.2
26.07.24      3    2.517    2.212    1.207    1.115      0.078      -8.4      15.1
26.07.25      4    3.290    3.433    1.877    1.349      0.042      -5.3     -41.6
26.07.27      7    1.985    2.427    1.473    1.157      0.039      -5.0     -11.9
전체           46    2.541    3.087    1.230    1.402      0.048                24.6

============================================================================================================
  Ê_MA 0.7446 · Ê_h 0.8256 · Ê_slip 0.8063   →   **J_G = 0.7813**  (p24 = 1.0000)
  게이트(0324·0421 MA q1·q2): PASS
 
### S=0.94 capK=4.0 capH=2.8 
warm-start from previous mshoot best
warm-start from previous fourbar best
보드 실행: tag=G62_0.94_4.0_2.8
  26.07.22/120_2_120_2: q1 3.882 q2 1.693 h 0.861/0.82 slip -2.4/-19.0
  26.07.22/150_2.2_250_3: q1 3.283 q2 1.511 h 0.910/0.85 slip -11.6/-18.8
  26.07.22/150_3.3_500_5: q1 4.617 q2 1.649 h 0.896/0.85 slip -16.2/-21.5
  26.07.22/60_0.75_60_2: q1 2.070 q2 2.012 h 0.757/0.74 slip -4.7/-47.2
  26.07.22/60_1.5_60_1.5: q1 1.388 q2 1.658 h 0.744/0.76 slip -2.3/-23.1
  26.07.23/150_2.2_250_3: q1 3.846 q2 2.467 h 0.842/0.81 slip 3.2/-16.8
  26.07.23/150_2.2_500_5: q1 1.624 q2 1.583 h 0.801/0.8 slip -28.7/-30.0
  26.07.23/60_0.75_60_2: q1 2.346 q2 4.036 h 0.912/0.83 slip -23.0/-73.8
  26.07.24/150_2.2_250_3: q1 2.252 q2 3.679 h 0.868/0.76 slip 12.2/17.2
  26.07.24/150_2.2_350_3.5: q1 2.956 q2 3.845 h 0.898/0.79 slip -6.4/28.5
  26.07.24/150_2.2_500_5: q1 2.865 q2 2.880 h 0.786/0.72 slip -14.2/-0.5
  26.07.25/100_1.5_250_3: q1 2.963 q2 2.872 h 0.740/0.76 slip -4.0/-34.8
  26.07.25/120_2_250_3: q1 3.210 q2 3.019 h 0.726/0.75 slip -5.3/-36.0
  26.07.25/150_2.2_250_3: q1 2.591 q2 2.087 h 0.746/0.76 slip -5.7/-45.0
  26.07.25/200_2.5_250_3: q1 2.566 q2 1.676 h 0.755/0.74 slip -7.1/-50.7
  26.07.27/100_1.5_250_3: q1 1.492 q2 2.219 h 0.796/0.82 slip -5.3/-18.7
  26.07.27/120_2_250_3: q1 1.111 q2 1.469 h 0.808/0.81 slip -6.1/-13.4
  26.07.27/150_2.2_250_3: q1 1.477 q2 1.133 h 0.871/0.84 slip -6.9/-15.7
  26.07.27/200_2.5_250_3: q1 1.608 q2 1.270 h 0.882/0.84 slip -7.3/-22.6
  26.07.27/250_3_250_3: q1 1.852 q2 2.022 h 0.907/0.86 slip -9.0/-21.3
  26.07.27/60_2_250_3: q1 1.383 q2 0.440 h 0.832/0.84 slip 0.4/14.9
  26.07.27/80_2_250_3: q1 2.091 q2 1.721 h 0.793/0.83 slip -1.3/-6.7
  26.04.24/120_2.2_150_2.5: q1 2.995 q2 3.490 h 0.778/0.81 slip -1.8/13.1
  26.04.24/120_2.2_200_2.8: q1 2.860 q2 4.810 h 0.737/0.795 slip -1.6/14.9
  26.04.24/120_2_120_2: q1 2.061 q2 1.811 h 0.827/0.84 slip 0.0/6.6
  26.04.24/150_2.2_250_3: q1 1.883 q2 3.172 h 0.730/0.77 slip -1.4/18.2
  26.04.24/150_2.2_350_3.5: q1 2.691 q2 4.852 h 0.705/0.77 slip -3.4/18.6
  26.04.24/150_2.2_500_4: q1 3.281 q2 6.676 h 0.702/0.775 slip -7.9/18.9
  26.04.24/60_0.75_60_2: q1 2.432 q2 6.404 h 0.962/0.9 slip -11.4/-39.7
  26.04.24/60_1.5_60_1.5: q1 2.043 q2 3.143 h 0.931/0.91 slip -8.4/-5.4
  26.04.24/90_0.75_90_2: q1 1.423 q2 5.777 h 0.936/0.894 slip 9.5/-18.6
  26.06.02/120_2_120_2: q1 1.462 q2 1.878 h 0.984/0.94 slip -16.7/3.0
  26.06.02/150_2.2_250_3: q1 0.982 q2 1.565 h 0.880/0.9 slip 12.1/34.3
  26.06.02/150_2.2_500_5: q1 1.398 q2 2.560 h 0.775/None slip 3.0/38.2
  26.06.02/60_0.75_60_2: q1 1.410 q2 2.729 h 0.963/0.94 slip -9.8/-39.2
  26.06.02/60_1.5_60_1.5: q1 1.739 q2 1.980 h 0.967/0.96 slip -7.8/-7.7
  26.06.02/90_0.75_90_2: q1 0.612 q2 1.809 h 1.005/0.98 slip -16.4/-35.2
  26.04.21/P100_D0.75_P100_D2: q1 1.977 q2 4.990 h 0.885/0.85 slip -11.8/-28.3
  26.04.21/P200_D1.5_P200_D4: q1 1.034 q2 1.442 h 0.761/0.79 slip -17.3/-25.6
  26.04.21/P60_D0.75_P60_D2: q1 2.775 q2 6.291 h 0.905/0.86 slip -9.9/-39.3
  26.04.21/P70_D0.75_P70_D2: q1 0.923 q2 1.193 h 0.834/0.85 slip -9.7/-37.5
  26.04.21/P80_D0.75_P80_D2: q1 3.791 q2 9.138 h 0.938/0.89 slip -8.9/-33.9
  26.04.21/P90_D0.75_P90_D2: q1 1.290 q2 3.804 h 0.872/0.86 slip -11.8/-33.7
  26.03.24/P100_D3: q1 1.070 q2 3.382 h 0.700/0.74 slip 4.4/16.4
  26.03.24/P40_D0.7: q1 6.359 q2 15.651 h 0.798/0.8 slip 29.0/-21.4
  26.03.24/P60_D1.5: q1 1.601 q2 6.724 h 0.743/0.77 slip 12.3/-7.8

============================================================================================================
세션            n    q1[°]    q2[°]      dq1      dq2  |h/h_v−1|  slip_sim   slip_기하
26.03.24      3    3.010    8.586    1.146    2.209      0.030      15.2      -4.2   ← held-out/gate
26.04.21      6    1.965    4.476    0.568    1.243      0.036     -11.6     -33.1   ← held-out/gate
26.04.24      9    2.408    4.460    0.854    1.967      0.055      -2.9       3.0
26.06.02      6    1.267    2.087    0.812    1.025      0.025      -5.9      -1.1
26.07.22      5    3.048    1.704    1.827    1.250      0.044      -7.4     -25.9
26.07.23      3    2.605    2.695    1.433    1.313      0.047     -16.2     -40.2
26.07.24      3    2.691    3.468    1.338    1.571      0.124      -2.8      15.1
26.07.25      4    2.832    2.413    1.819    1.085      0.025      -5.5     -41.6
26.07.27      7    1.573    1.468    1.469    0.973      0.033      -5.1     -11.9
전체           46    2.378    3.484    1.252    1.404      0.044                24.6

============================================================================================================
  Ê_MA 0.7198 · Ê_h 0.7633 · Ê_slip 0.8130   →   **J_G = 0.7515**  (p24 = 1.0000)
  게이트(0324·0421 MA q1·q2): FAIL — 26.04.21/q2: 3.970→4.476
 
### S=0.97 capK=3.4 capH=2.4 
warm-start from previous mshoot best
warm-start from previous fourbar best
보드 실행: tag=G62_0.97_3.4_2.4
  26.07.22/120_2_120_2: q1 4.445 q2 1.420 h 0.816/0.82 slip -2.4/-19.0
  26.07.22/150_2.2_250_3: q1 3.792 q2 1.682 h 0.867/0.85 slip -10.8/-18.8
  26.07.22/150_3.3_500_5: q1 5.236 q2 2.510 h 0.855/0.85 slip -15.3/-21.5
  26.07.22/60_0.75_60_2: q1 2.991 q2 1.384 h 0.713/0.74 slip -4.5/-47.2
  26.07.22/60_1.5_60_1.5: q1 2.304 q2 3.373 h 0.699/0.76 slip -2.2/-23.1
  26.07.23/150_2.2_250_3: q1 4.806 q2 1.412 h 0.790/0.81 slip -7.9/-16.8
  26.07.23/150_2.2_500_5: q1 1.679 q2 2.071 h 0.742/0.8 slip -50.3/-30.0
  26.07.23/60_0.75_60_2: q1 3.071 q2 1.346 h 0.840/0.83 slip -27.9/-73.8
  26.07.24/150_2.2_250_3: q1 3.098 q2 1.656 h 0.813/0.76 slip 5.4/17.2
  26.07.24/150_2.2_350_3.5: q1 2.172 q2 2.381 h 0.843/0.79 slip -12.4/28.5
  26.07.24/150_2.2_500_5: q1 2.310 q2 1.888 h 0.735/0.72 slip -25.4/-0.5
  26.07.25/100_1.5_250_3: q1 3.744 q2 4.512 h 0.707/0.76 slip -3.8/-34.8
  26.07.25/120_2_250_3: q1 3.992 q2 4.654 h 0.694/0.75 slip -5.0/-36.0
  26.07.25/150_2.2_250_3: q1 3.302 q2 3.673 h 0.713/0.76 slip -5.4/-45.0
  26.07.25/200_2.5_250_3: q1 3.221 q2 3.153 h 0.723/0.74 slip -6.6/-50.7
  26.07.27/100_1.5_250_3: q1 2.868 q2 5.075 h 0.744/0.82 slip -5.0/-18.7
  26.07.27/120_2_250_3: q1 2.239 q2 4.457 h 0.755/0.81 slip -5.7/-13.4
  26.07.27/150_2.2_250_3: q1 1.597 q2 2.977 h 0.817/0.84 slip -6.5/-15.7
  26.07.27/200_2.5_250_3: q1 2.442 q2 2.325 h 0.828/0.84 slip -6.9/-22.6
  26.07.27/250_3_250_3: q1 2.072 q2 1.977 h 0.851/0.86 slip -8.3/-21.3
  26.07.27/60_2_250_3: q1 2.377 q2 3.067 h 0.778/0.84 slip -0.4/14.9
  26.07.27/80_2_250_3: q1 3.333 q2 4.370 h 0.741/0.83 slip -1.4/-6.7
  26.04.24/120_2.2_150_2.5: q1 5.064 q2 7.713 h 0.718/0.81 slip -2.5/13.1
  26.04.24/120_2.2_200_2.8: q1 4.852 q2 8.801 h 0.685/0.795 slip -2.0/14.9
  26.04.24/120_2_120_2: q1 4.093 q2 5.832 h 0.773/0.84 slip -3.3/6.6
  26.04.24/150_2.2_250_3: q1 3.834 q2 6.884 h 0.681/0.77 slip -2.6/18.2
  26.04.24/150_2.2_350_3.5: q1 4.687 q2 8.789 h 0.651/0.77 slip -3.5/18.6
  26.04.24/150_2.2_500_4: q1 5.500 q2 11.118 h 0.645/0.775 slip -7.5/18.9
  26.04.24/60_0.75_60_2: q1 1.066 q2 1.351 h 0.909/0.9 slip -19.1/-39.7
  26.04.24/60_1.5_60_1.5: q1 1.893 q2 2.985 h 0.864/0.91 slip -10.6/-5.4
  26.04.24/90_0.75_90_2: q1 1.724 q2 1.449 h 0.894/0.894 slip -5.2/-18.6
  26.06.02/120_2_120_2: q1 2.941 q2 4.748 h 0.918/0.94 slip -15.5/3.0
  26.06.02/150_2.2_250_3: q1 1.830 q2 3.126 h 0.848/0.9 slip 0.9/34.3
  26.06.02/150_2.2_500_5: q1 3.049 q2 6.342 h 0.741/None slip -2.2/38.2
  26.06.02/60_0.75_60_2: q1 0.956 q2 1.516 h 0.897/0.94 slip -9.3/-39.2
  26.06.02/60_1.5_60_1.5: q1 0.892 q2 1.771 h 0.899/0.96 slip -8.0/-7.7
  26.06.02/90_0.75_90_2: q1 2.063 q2 2.798 h 0.939/0.98 slip -15.6/-35.2
  26.04.21/P100_D0.75_P100_D2: q1 1.130 q2 1.457 h 0.824/0.85 slip -13.6/-28.3
  26.04.21/P200_D1.5_P200_D4: q1 3.281 q2 5.284 h 0.696/0.79 slip -15.6/-25.6
  26.04.21/P60_D0.75_P60_D2: q1 0.778 q2 1.414 h 0.830/0.86 slip -9.6/-39.3
  26.04.21/P70_D0.75_P70_D2: q1 2.438 q2 3.785 h 0.762/0.85 slip -9.0/-37.5
  26.04.21/P80_D0.75_P80_D2: q1 0.630 q2 2.864 h 0.879/0.89 slip -12.7/-33.9
  26.04.21/P90_D0.75_P90_D2: q1 1.842 q2 2.369 h 0.803/0.86 slip -11.6/-33.7
  26.03.24/P100_D3: q1 3.920 q2 6.500 h 0.652/0.74 slip -2.0/16.4
  26.03.24/P40_D0.7: q1 2.648 q2 7.406 h 0.774/0.8 slip 8.4/-21.4
  26.03.24/P60_D1.5: q1 1.829 q2 3.161 h 0.711/0.77 slip -1.4/-7.8

============================================================================================================
세션            n    q1[°]    q2[°]      dq1      dq2  |h/h_v−1|  slip_sim   slip_기하
26.03.24      3    2.799    5.689    0.905    2.305      0.076       1.7      -4.2   ← held-out/gate
26.04.21      6    1.683    2.862    0.746    1.571      0.061     -12.0     -33.1   ← held-out/gate
26.04.24      9    3.635    6.103    1.144    2.651      0.092      -6.2       3.0
26.06.02      6    1.955    3.384    0.858    1.284      0.046      -8.3      -1.1
26.07.22      5    3.754    2.074    1.766    1.029      0.029      -7.0     -25.9
26.07.23      3    3.186    1.609    1.396    0.917      0.036     -28.7     -40.2
26.07.24      3    2.527    1.975    1.177    0.942      0.053     -10.8      15.1
26.07.25      4    3.565    3.998    1.910    1.531      0.057      -5.2     -41.6
26.07.27      7    2.418    3.464    1.489    1.373      0.056      -4.9     -11.9
전체           46    2.836    3.462    1.266    1.511      0.060                24.6

============================================================================================================
  Ê_MA 0.8311 · Ê_h 1.0342 · Ê_slip 0.8171   →   **J_G = 0.8892**  (p24 = 1.0000)
  게이트(0324·0421 MA q1·q2): PASS
 
### S=0.97 capK=3.6 capH=2.4 
warm-start from previous mshoot best
warm-start from previous fourbar best
보드 실행: tag=G62_0.97_3.6_2.4
  26.07.22/120_2_120_2: q1 4.279 q2 1.203 h 0.828/0.82 slip -2.4/-19.0
  26.07.22/150_2.2_250_3: q1 3.639 q2 1.367 h 0.879/0.85 slip -11.1/-18.8
  26.07.22/150_3.3_500_5: q1 5.062 q2 2.123 h 0.867/0.85 slip -15.6/-21.5
  26.07.22/60_0.75_60_2: q1 2.731 q2 1.173 h 0.725/0.74 slip -4.5/-47.2
  26.07.22/60_1.5_60_1.5: q1 2.057 q2 2.863 h 0.711/0.76 slip -2.2/-23.1
  26.07.23/150_2.2_250_3: q1 4.649 q2 0.522 h 0.806/0.81 slip -3.3/-16.8
  26.07.23/150_2.2_500_5: q1 1.314 q2 1.545 h 0.762/0.8 slip -37.6/-30.0
  26.07.23/60_0.75_60_2: q1 3.212 q2 2.140 h 0.868/0.83 slip -21.8/-73.8
  26.07.24/150_2.2_250_3: q1 2.783 q2 1.920 h 0.830/0.76 slip 6.9/17.2
  26.07.24/150_2.2_350_3.5: q1 2.322 q2 2.675 h 0.862/0.79 slip -9.3/28.5
  26.07.24/150_2.2_500_5: q1 2.249 q2 1.802 h 0.752/0.72 slip -18.7/-0.5
  26.07.25/100_1.5_250_3: q1 3.537 q2 4.047 h 0.716/0.76 slip -3.8/-34.8
  26.07.25/120_2_250_3: q1 3.784 q2 4.193 h 0.702/0.75 slip -5.0/-36.0
  26.07.25/150_2.2_250_3: q1 3.111 q2 3.227 h 0.722/0.76 slip -5.4/-45.0
  26.07.25/200_2.5_250_3: q1 3.046 q2 2.733 h 0.732/0.74 slip -6.7/-50.7
  26.07.27/100_1.5_250_3: q1 2.429 q2 4.181 h 0.760/0.82 slip -5.1/-18.7
  26.07.27/120_2_250_3: q1 1.818 q2 3.511 h 0.770/0.81 slip -5.8/-13.4
  26.07.27/150_2.2_250_3: q1 1.285 q2 1.935 h 0.833/0.84 slip -6.5/-15.7
  26.07.27/200_2.5_250_3: q1 2.084 q2 1.481 h 0.844/0.84 slip -7.0/-22.6
  26.07.27/250_3_250_3: q1 1.803 q2 1.124 h 0.867/0.86 slip -8.5/-21.3
  26.07.27/60_2_250_3: q1 1.979 q2 2.108 h 0.795/0.84 slip -0.3/14.9
  26.07.27/80_2_250_3: q1 2.927 q2 3.510 h 0.756/0.83 slip -1.4/-6.7
  26.04.24/120_2.2_150_2.5: q1 4.398 q2 6.359 h 0.739/0.81 slip -2.4/13.1
  26.04.24/120_2.2_200_2.8: q1 4.067 q2 7.228 h 0.706/0.795 slip -1.9/14.9
  26.04.24/120_2_120_2: q1 3.393 q2 4.415 h 0.793/0.84 slip -2.8/6.6
  26.04.24/150_2.2_250_3: q1 3.076 q2 5.407 h 0.700/0.77 slip -2.5/18.2
  26.04.24/150_2.2_350_3.5: q1 3.934 q2 7.301 h 0.672/0.77 slip -3.5/18.6
  26.04.24/150_2.2_500_4: q1 4.693 q2 9.513 h 0.666/0.775 slip -7.7/18.9
  26.04.24/60_0.75_60_2: q1 1.060 q2 2.760 h 0.927/0.9 slip -18.2/-39.7
  26.04.24/60_1.5_60_1.5: q1 1.525 q2 1.859 h 0.887/0.91 slip -10.7/-5.4
  26.04.24/90_0.75_90_2: q1 0.872 q2 1.669 h 0.910/0.894 slip -1.8/-18.6
  26.06.02/120_2_120_2: q1 2.537 q2 3.878 h 0.936/0.94 slip -15.8/3.0
  26.06.02/150_2.2_250_3: q1 1.406 q2 2.062 h 0.860/0.9 slip 3.5/34.3
  26.06.02/150_2.2_500_5: q1 2.495 q2 5.122 h 0.753/None slip -0.9/38.2
  26.06.02/60_0.75_60_2: q1 0.838 q2 1.338 h 0.915/0.94 slip -9.3/-39.2
  26.06.02/60_1.5_60_1.5: q1 0.896 q2 1.182 h 0.918/0.96 slip -7.5/-7.7
  26.06.02/90_0.75_90_2: q1 1.599 q2 1.968 h 0.957/0.98 slip -15.8/-35.2
  26.04.21/P100_D0.75_P100_D2: q1 0.703 q2 1.735 h 0.845/0.85 slip -13.7/-28.3
  26.04.21/P200_D1.5_P200_D4: q1 2.540 q2 3.827 h 0.717/0.79 slip -16.0/-25.6
  26.04.21/P60_D0.75_P60_D2: q1 1.160 q2 2.902 h 0.854/0.86 slip -9.7/-39.3
  26.04.21/P70_D0.75_P70_D2: q1 1.856 q2 2.546 h 0.783/0.85 slip -9.1/-37.5
  26.04.21/P80_D0.75_P80_D2: q1 1.613 q2 4.840 h 0.900/0.89 slip -12.3/-33.9
  26.04.21/P90_D0.75_P90_D2: q1 1.163 q2 1.644 h 0.825/0.86 slip -11.8/-33.7
  26.03.24/P100_D3: q1 2.905 q2 4.758 h 0.675/0.74 slip -1.9/16.4
  26.03.24/P40_D0.7: q1 3.823 q2 10.007 h 0.783/0.8 slip 14.3/-21.4
  26.03.24/P60_D1.5: q1 0.848 q2 3.202 h 0.724/0.77 slip 1.4/-7.8

============================================================================================================
세션            n    q1[°]    q2[°]      dq1      dq2  |h/h_v−1|  slip_sim   slip_기하
26.03.24      3    2.526    5.989    0.908    2.176      0.056       4.6      -4.2   ← held-out/gate
26.04.21      6    1.506    2.916    0.626    1.364      0.039     -12.1     -33.1   ← held-out/gate
26.04.24      9    3.002    5.168    1.004    2.326      0.076      -5.7       3.0
26.06.02      6    1.629    2.591    0.809    1.136      0.028      -7.6      -1.1
26.07.22      5    3.554    1.746    1.771    1.057      0.030      -7.2     -25.9
26.07.23      3    3.058    1.402    1.406    0.962      0.033     -20.9     -40.2
26.07.24      3    2.451    2.132    1.209    1.090      0.076      -7.0      15.1
26.07.25      4    3.370    3.550    1.881    1.403      0.046      -5.2     -41.6
26.07.27      7    2.046    2.550    1.469    1.210      0.041      -4.9     -11.9
전체           46    2.571    3.116    1.231    1.414      0.048                24.6

============================================================================================================
  Ê_MA 0.7538 · Ê_h 0.8372 · Ê_slip 0.8114   →   **J_G = 0.7903**  (p24 = 1.0000)
  게이트(0324·0421 MA q1·q2): PASS
 
### S=0.97 capK=3.6 capH=2.6 
warm-start from previous mshoot best
warm-start from previous fourbar best
보드 실행: tag=G62_0.97_3.6_2.6
  26.07.22/120_2_120_2: q1 4.197 q2 1.208 h 0.832/0.82 slip -2.4/-19.0
  26.07.22/150_2.2_250_3: q1 3.552 q2 1.327 h 0.883/0.85 slip -11.1/-18.8
  26.07.22/150_3.3_500_5: q1 4.967 q2 2.053 h 0.871/0.85 slip -15.6/-21.5
  26.07.22/60_0.75_60_2: q1 2.588 q2 1.201 h 0.730/0.74 slip -4.6/-47.2
  26.07.22/60_1.5_60_1.5: q1 1.915 q2 2.672 h 0.716/0.76 slip -2.3/-23.1
  26.07.23/150_2.2_250_3: q1 4.390 q2 0.549 h 0.811/0.81 slip -3.3/-16.8
  26.07.23/150_2.2_500_5: q1 1.570 q2 1.368 h 0.768/0.8 slip -38.7/-30.0
  26.07.23/60_0.75_60_2: q1 2.595 q2 2.192 h 0.867/0.83 slip -27.5/-73.8
  26.07.24/150_2.2_250_3: q1 2.663 q2 2.055 h 0.835/0.76 slip 6.8/17.2
  26.07.24/150_2.2_350_3.5: q1 2.483 q2 2.803 h 0.866/0.79 slip -9.9/28.5
  26.07.24/150_2.2_500_5: q1 2.433 q2 1.878 h 0.755/0.72 slip -19.9/-0.5
  26.07.25/100_1.5_250_3: q1 3.426 q2 3.898 h 0.719/0.76 slip -3.9/-34.8
  26.07.25/120_2_250_3: q1 3.672 q2 4.034 h 0.706/0.75 slip -5.1/-36.0
  26.07.25/150_2.2_250_3: q1 2.997 q2 3.055 h 0.726/0.76 slip -5.5/-45.0
  26.07.25/200_2.5_250_3: q1 2.942 q2 2.574 h 0.736/0.74 slip -6.7/-50.7
  26.07.27/100_1.5_250_3: q1 2.335 q2 4.040 h 0.763/0.82 slip -5.2/-18.7
  26.07.27/120_2_250_3: q1 1.727 q2 3.363 h 0.774/0.81 slip -5.9/-13.4
  26.07.27/150_2.2_250_3: q1 1.238 q2 1.774 h 0.838/0.84 slip -6.6/-15.7
  26.07.27/200_2.5_250_3: q1 2.017 q2 1.384 h 0.848/0.84 slip -7.1/-22.6
  26.07.27/250_3_250_3: q1 1.769 q2 1.068 h 0.872/0.86 slip -8.6/-21.3
  26.07.27/60_2_250_3: q1 1.905 q2 1.988 h 0.798/0.84 slip -0.3/14.9
  26.07.27/80_2_250_3: q1 2.842 q2 3.391 h 0.760/0.83 slip -1.4/-6.7
  26.04.24/120_2.2_150_2.5: q1 4.088 q2 5.742 h 0.745/0.81 slip -2.5/13.1
  26.04.24/120_2.2_200_2.8: q1 4.070 q2 7.229 h 0.705/0.795 slip -1.9/14.9
  26.04.24/120_2_120_2: q1 3.173 q2 3.991 h 0.797/0.84 slip -2.6/6.6
  26.04.24/150_2.2_250_3: q1 3.077 q2 5.407 h 0.700/0.77 slip -2.5/18.2
  26.04.24/150_2.2_350_3.5: q1 3.935 q2 7.301 h 0.671/0.77 slip -3.5/18.6
  26.04.24/150_2.2_500_4: q1 4.696 q2 9.513 h 0.666/0.775 slip -7.7/18.9
  26.04.24/60_0.75_60_2: q1 1.269 q2 3.340 h 0.933/0.9 slip -17.0/-39.7
  26.04.24/60_1.5_60_1.5: q1 1.538 q2 1.652 h 0.896/0.91 slip -10.9/-5.4
  26.04.24/90_0.75_90_2: q1 0.750 q2 1.858 h 0.914/0.894 slip -1.9/-18.6
  26.06.02/120_2_120_2: q1 2.261 q2 3.407 h 0.946/0.94 slip -16.0/3.0
  26.06.02/150_2.2_250_3: q1 1.275 q2 1.650 h 0.862/0.9 slip 4.9/34.3
  26.06.02/150_2.2_500_5: q1 2.304 q2 4.662 h 0.755/None slip -0.3/38.2
  26.06.02/60_0.75_60_2: q1 0.942 q2 1.473 h 0.924/0.94 slip -9.6/-39.2
  26.06.02/60_1.5_60_1.5: q1 1.262 q2 1.079 h 0.925/0.96 slip -8.6/-7.7
  26.06.02/90_0.75_90_2: q1 1.313 q2 1.621 h 0.967/0.98 slip -16.1/-35.2
  26.04.21/P100_D0.75_P100_D2: q1 0.774 q2 2.055 h 0.852/0.85 slip -14.0/-28.3
  26.04.21/P200_D1.5_P200_D4: q1 2.250 q2 3.344 h 0.724/0.79 slip -16.3/-25.6
  26.04.21/P60_D0.75_P60_D2: q1 1.377 q2 3.259 h 0.861/0.86 slip -9.9/-39.3
  26.04.21/P70_D0.75_P70_D2: q1 1.633 q2 2.135 h 0.792/0.85 slip -9.3/-37.5
  26.04.21/P80_D0.75_P80_D2: q1 1.842 q2 5.158 h 0.905/0.89 slip -12.4/-33.9
  26.04.21/P90_D0.75_P90_D2: q1 1.011 q2 1.637 h 0.832/0.86 slip -12.0/-33.7
  26.03.24/P100_D3: q1 2.888 q2 4.748 h 0.675/0.74 slip -2.0/16.4
  26.03.24/P40_D0.7: q1 3.944 q2 10.144 h 0.785/0.8 slip 14.1/-21.4
  26.03.24/P60_D1.5: q1 0.805 q2 3.198 h 0.725/0.77 slip 1.3/-7.8

============================================================================================================
세션            n    q1[°]    q2[°]      dq1      dq2  |h/h_v−1|  slip_sim   slip_기하
26.03.24      3    2.546    6.030    0.908    2.187      0.055       4.5      -4.2   ← held-out/gate
26.04.21      6    1.481    2.931    0.602    1.299      0.034     -12.3     -33.1   ← held-out/gate
26.04.24      9    2.955    5.115    0.986    2.284      0.076      -5.6       3.0
26.06.02      6    1.560    2.315    0.801    1.086      0.023      -7.6      -1.1
26.07.22      5    3.444    1.692    1.777    1.076      0.030      -7.2     -25.9
26.07.23      3    2.852    1.370    1.375    0.963      0.029     -23.2     -40.2
26.07.24      3    2.526    2.245    1.206    1.140      0.081      -7.7      15.1
26.07.25      4    3.260    3.390    1.863    1.350      0.041      -5.3     -41.6
26.07.27      7    1.976    2.430    1.459    1.177      0.039      -5.0     -11.9
전체           46    2.511    3.058    1.220    1.396      0.046                24.6

============================================================================================================
  Ê_MA 0.7373 · Ê_h 0.8003 · Ê_slip 0.8064   →   **J_G = 0.7701**  (p24 = 1.0000)
  게이트(0324·0421 MA q1·q2): PASS
 
### S=0.97 capK=4.0 capH=2.6 
warm-start from previous mshoot best
warm-start from previous fourbar best
보드 실행: tag=G62_0.97_4.0_2.6
  26.07.22/120_2_120_2: q1 3.921 q2 1.607 h 0.857/0.82 slip -2.4/-19.0
  26.07.22/150_2.2_250_3: q1 3.314 q2 1.429 h 0.907/0.85 slip -11.6/-18.8
  26.07.22/150_3.3_500_5: q1 4.663 q2 1.625 h 0.894/0.85 slip -16.3/-21.5
  26.07.22/60_0.75_60_2: q1 2.140 q2 1.875 h 0.754/0.74 slip -4.7/-47.2
  26.07.22/60_1.5_60_1.5: q1 1.463 q2 1.738 h 0.740/0.76 slip -2.3/-23.1
  26.07.23/150_2.2_250_3: q1 3.964 q2 2.440 h 0.840/0.81 slip 4.4/-16.8
  26.07.23/150_2.2_500_5: q1 1.427 q2 1.484 h 0.799/0.8 slip -25.8/-30.0
  26.07.23/60_0.75_60_2: q1 2.791 q2 4.449 h 0.920/0.83 slip -17.1/-73.8
  26.07.24/150_2.2_250_3: q1 2.282 q2 3.616 h 0.865/0.76 slip 12.3/17.2
  26.07.24/150_2.2_350_3.5: q1 2.954 q2 3.957 h 0.899/0.79 slip -4.7/28.5
  26.07.24/150_2.2_500_5: q1 2.765 q2 2.800 h 0.785/0.72 slip -13.3/-0.5
  26.07.25/100_1.5_250_3: q1 3.029 q2 2.966 h 0.737/0.76 slip -3.9/-34.8
  26.07.25/120_2_250_3: q1 3.271 q2 3.110 h 0.723/0.75 slip -5.2/-36.0
  26.07.25/150_2.2_250_3: q1 2.643 q2 2.173 h 0.743/0.76 slip -5.6/-45.0
  26.07.25/200_2.5_250_3: q1 2.626 q2 1.770 h 0.752/0.74 slip -7.0/-50.7
  26.07.27/100_1.5_250_3: q1 1.544 q2 2.304 h 0.793/0.82 slip -5.2/-18.7
  26.07.27/120_2_250_3: q1 1.129 q2 1.539 h 0.804/0.81 slip -6.0/-13.4
  26.07.27/150_2.2_250_3: q1 1.412 q2 1.017 h 0.868/0.84 slip -6.8/-15.7
  26.07.27/200_2.5_250_3: q1 1.604 q2 1.175 h 0.879/0.84 slip -7.2/-22.6
  26.07.27/250_3_250_3: q1 1.796 q2 1.862 h 0.903/0.86 slip -8.9/-21.3
  26.07.27/60_2_250_3: q1 1.375 q2 0.408 h 0.830/0.84 slip 0.3/14.9
  26.07.27/80_2_250_3: q1 2.110 q2 1.732 h 0.791/0.83 slip -1.3/-6.7
  26.04.24/120_2.2_150_2.5: q1 2.814 q2 3.173 h 0.782/0.81 slip -1.8/13.1
  26.04.24/120_2.2_200_2.8: q1 2.537 q2 4.179 h 0.744/0.795 slip -1.2/14.9
  26.04.24/120_2_120_2: q1 1.835 q2 1.572 h 0.832/0.84 slip 0.7/6.6
  26.04.24/150_2.2_250_3: q1 1.622 q2 2.757 h 0.735/0.77 slip -0.3/18.2
  26.04.24/150_2.2_350_3.5: q1 2.456 q2 4.436 h 0.710/0.77 slip -3.5/18.6
  26.04.24/150_2.2_500_4: q1 3.046 q2 6.242 h 0.707/0.775 slip -8.0/18.9
  26.04.24/60_0.75_60_2: q1 2.602 q2 6.845 h 0.960/0.9 slip -11.2/-39.7
  26.04.24/60_1.5_60_1.5: q1 2.212 q2 3.639 h 0.928/0.91 slip -7.5/-5.4
  26.04.24/90_0.75_90_2: q1 1.660 q2 6.365 h 0.936/0.894 slip 11.4/-18.6
  26.06.02/120_2_120_2: q1 1.534 q2 1.832 h 0.980/0.94 slip -16.6/3.0
  26.06.02/150_2.2_250_3: q1 0.988 q2 1.588 h 0.881/0.9 slip 11.9/34.3
  26.06.02/150_2.2_500_5: q1 1.296 q2 2.283 h 0.775/None slip 4.0/38.2
  26.06.02/60_0.75_60_2: q1 1.422 q2 2.741 h 0.960/0.94 slip -9.6/-39.2
  26.06.02/60_1.5_60_1.5: q1 1.712 q2 2.003 h 0.964/0.96 slip -7.3/-7.7
  26.06.02/90_0.75_90_2: q1 0.644 q2 1.742 h 1.002/0.98 slip -16.3/-35.2
  26.04.21/P100_D0.75_P100_D2: q1 2.111 q2 5.399 h 0.882/0.85 slip -11.0/-28.3
  26.04.21/P200_D1.5_P200_D4: q1 1.005 q2 1.538 h 0.761/0.79 slip -17.4/-25.6
  26.04.21/P60_D0.75_P60_D2: q1 2.948 q2 6.763 h 0.904/0.86 slip -9.5/-39.3
  26.04.21/P70_D0.75_P70_D2: q1 0.988 q2 1.463 h 0.833/0.85 slip -9.6/-37.5
  26.04.21/P80_D0.75_P80_D2: q1 3.942 q2 9.607 h 0.936/0.89 slip -7.9/-33.9
  26.04.21/P90_D0.75_P90_D2: q1 1.439 q2 4.234 h 0.870/0.86 slip -11.5/-33.7
  26.03.24/P100_D3: q1 1.055 q2 3.442 h 0.701/0.74 slip 4.8/16.4
  26.03.24/P40_D0.7: q1 6.477 q2 16.034 h 0.796/0.8 slip 30.8/-21.4
  26.03.24/P60_D1.5: q1 1.704 q2 6.957 h 0.744/0.77 slip 12.9/-7.8

============================================================================================================
세션            n    q1[°]    q2[°]      dq1      dq2  |h/h_v−1|  slip_sim   slip_기하
26.03.24      3    3.079    8.811    1.169    2.246      0.031      16.2      -4.2   ← held-out/gate
26.04.21      6    2.072    4.834    0.571    1.283      0.035     -11.1     -33.1   ← held-out/gate
26.04.24      9    2.309    4.356    0.841    1.913      0.050      -2.4       3.0
26.06.02      6    1.266    2.031    0.811    1.008      0.022      -5.7      -1.1
26.07.22      5    3.100    1.655    1.804    1.221      0.042      -7.4     -25.9
26.07.23      3    2.727    2.791    1.474    1.335      0.049     -12.8     -40.2
26.07.24      3    2.667    3.458    1.346    1.558      0.122      -1.9      15.1
26.07.25      4    2.892    2.505    1.816    1.127      0.026      -5.4     -41.6
26.07.27      7    1.567    1.434    1.455    0.999      0.033      -5.0     -11.9
전체           46    2.409    3.542    1.254    1.410      0.043                24.6

============================================================================================================
  Ê_MA 0.7275 · Ê_h 0.7375 · Ê_slip 0.8236   →   **J_G = 0.7497**  (p24 = 1.0000)
  게이트(0324·0421 MA q1·q2): FAIL — 26.04.21/q2: 3.970→4.834
 
### S=0.90 capK=3.4 capH=2.4 
warm-start from previous mshoot best
warm-start from previous fourbar best
보드 실행: tag=G62_0.90_3.4_2.4
  26.07.22/120_2_120_2: q1 4.505 q2 1.496 h 0.814/0.82 slip -2.3/-19.0
  26.07.22/150_2.2_250_3: q1 3.869 q2 1.804 h 0.865/0.85 slip -10.8/-18.8
  26.07.22/150_3.3_500_5: q1 5.315 q2 2.630 h 0.853/0.85 slip -15.2/-21.5
  26.07.22/60_0.75_60_2: q1 3.097 q2 1.502 h 0.711/0.74 slip -4.4/-47.2
  26.07.22/60_1.5_60_1.5: q1 2.400 q2 3.528 h 0.698/0.76 slip -2.2/-23.1
  26.07.23/150_2.2_250_3: q1 4.879 q2 1.985 h 0.785/0.81 slip -10.5/-16.8
  26.07.23/150_2.2_500_5: q1 1.876 q2 2.480 h 0.731/0.8 slip -59.3/-30.0
  26.07.23/60_0.75_60_2: q1 2.993 q2 1.512 h 0.823/0.83 slip -32.5/-73.8
  26.07.24/150_2.2_250_3: q1 3.129 q2 1.660 h 0.813/0.76 slip 4.4/17.2
  26.07.24/150_2.2_350_3.5: q1 2.127 q2 2.510 h 0.832/0.79 slip -14.2/28.5
  26.07.24/150_2.2_500_5: q1 2.321 q2 2.013 h 0.730/0.72 slip -27.5/-0.5
  26.07.25/100_1.5_250_3: q1 3.813 q2 4.607 h 0.705/0.76 slip -3.7/-34.8
  26.07.25/120_2_250_3: q1 4.068 q2 4.761 h 0.692/0.75 slip -5.0/-36.0
  26.07.25/150_2.2_250_3: q1 3.367 q2 3.767 h 0.712/0.76 slip -5.3/-45.0
  26.07.25/200_2.5_250_3: q1 3.269 q2 3.224 h 0.722/0.74 slip -6.6/-50.7
  26.07.27/100_1.5_250_3: q1 2.844 q2 5.020 h 0.745/0.82 slip -5.0/-18.7
  26.07.27/120_2_250_3: q1 2.222 q2 4.393 h 0.755/0.81 slip -5.7/-13.4
  26.07.27/150_2.2_250_3: q1 1.576 q2 2.869 h 0.818/0.84 slip -6.5/-15.7
  26.07.27/200_2.5_250_3: q1 2.428 q2 2.262 h 0.829/0.84 slip -6.9/-22.6
  26.07.27/250_3_250_3: q1 2.021 q2 1.768 h 0.853/0.86 slip -8.4/-21.3
  26.07.27/60_2_250_3: q1 2.421 q2 3.124 h 0.778/0.84 slip -0.4/14.9
  26.07.27/80_2_250_3: q1 3.387 q2 4.446 h 0.740/0.83 slip -1.4/-6.7
  26.04.24/120_2.2_150_2.5: q1 5.594 q2 8.682 h 0.705/0.81 slip -2.5/13.1
  26.04.24/120_2.2_200_2.8: q1 5.535 q2 10.109 h 0.670/0.795 slip -1.9/14.9
  26.04.24/120_2_120_2: q1 4.781 q2 7.079 h 0.757/0.84 slip -3.3/6.6
  26.04.24/150_2.2_250_3: q1 4.419 q2 7.968 h 0.668/0.77 slip -2.5/18.2
  26.04.24/150_2.2_350_3.5: q1 5.178 q2 9.703 h 0.640/0.77 slip -3.4/18.6
  26.04.24/150_2.2_500_4: q1 5.915 q2 11.889 h 0.635/0.775 slip -7.2/18.9
  26.04.24/60_0.75_60_2: q1 1.386 q2 1.101 h 0.898/0.9 slip -18.8/-39.7
  26.04.24/60_1.5_60_1.5: q1 2.283 q2 4.194 h 0.852/0.91 slip -10.2/-5.4
  26.04.24/90_0.75_90_2: q1 2.256 q2 2.330 h 0.886/0.894 slip -6.2/-18.6
  26.06.02/120_2_120_2: q1 3.301 q2 5.554 h 0.910/0.94 slip -15.2/3.0
  26.06.02/150_2.2_250_3: q1 2.244 q2 4.062 h 0.841/0.9 slip 0.2/34.3
  26.06.02/150_2.2_500_5: q1 3.601 q2 7.496 h 0.733/None slip -2.9/38.2
  26.06.02/60_0.75_60_2: q1 1.182 q2 2.415 h 0.884/0.94 slip -9.1/-39.2
  26.06.02/60_1.5_60_1.5: q1 0.858 q2 2.809 h 0.887/0.96 slip -7.6/-7.7
  26.06.02/90_0.75_90_2: q1 2.623 q2 3.998 h 0.927/0.98 slip -15.3/-35.2
  26.04.21/P100_D0.75_P100_D2: q1 1.591 q2 2.146 h 0.814/0.85 slip -13.3/-28.3
  26.04.21/P200_D1.5_P200_D4: q1 3.862 q2 6.406 h 0.685/0.79 slip -15.2/-25.6
  26.04.21/P60_D0.75_P60_D2: q1 0.834 q2 0.931 h 0.820/0.86 slip -9.5/-39.3
  26.04.21/P70_D0.75_P70_D2: q1 3.016 q2 5.042 h 0.748/0.85 slip -8.8/-37.5
  26.04.21/P80_D0.75_P80_D2: q1 0.328 q2 1.835 h 0.870/0.89 slip -12.4/-33.9
  26.04.21/P90_D0.75_P90_D2: q1 2.359 q2 3.280 h 0.791/0.86 slip -11.3/-33.7
  26.03.24/P100_D3: q1 4.020 q2 6.663 h 0.650/0.74 slip -1.9/16.4
  26.03.24/P40_D0.7: q1 2.201 q2 6.528 h 0.773/0.8 slip 5.9/-21.4
  26.03.24/P60_D1.5: q1 2.098 q2 3.391 h 0.708/0.77 slip -1.9/-7.8

============================================================================================================
세션            n    q1[°]    q2[°]      dq1      dq2  |h/h_v−1|  slip_sim   slip_기하
26.03.24      3    2.773    5.527    0.900    2.306      0.079       0.7      -4.2   ← held-out/gate
26.04.21      6    1.998    3.273    0.825    1.688      0.074     -11.7     -33.1   ← held-out/gate
26.04.24      9    4.150    7.006    1.229    2.856      0.105      -6.2       3.0
26.06.02      6    2.301    4.389    0.905    1.407      0.058      -8.3      -1.1
26.07.22      5    3.837    2.192    1.796    1.018      0.030      -7.0     -25.9
26.07.23      3    3.249    1.993    1.388    0.901      0.042     -34.1     -40.2
26.07.24      3    2.526    2.061    1.183    0.910      0.046     -12.4      15.1
26.07.25      4    3.629    4.090    1.940    1.530      0.059      -5.2     -41.6
26.07.27      7    2.414    3.412    1.519    1.320      0.056      -4.9     -11.9
전체           46    2.986    3.771    1.298    1.548      0.066                24.6

============================================================================================================
  Ê_MA 0.8731 · Ê_h 1.1341 · Ê_slip 0.8216   →   **J_G = 0.9411**  (p24 = 1.0000)
  게이트(0324·0421 MA q1·q2): PASS
 
### S=0.90 capK=3.6 capH=2.4 
warm-start from previous mshoot best
warm-start from previous fourbar best
보드 실행: tag=G62_0.90_3.6_2.4
  26.07.22/120_2_120_2: q1 4.345 q2 1.253 h 0.826/0.82 slip -2.3/-19.0
  26.07.22/150_2.2_250_3: q1 3.720 q2 1.472 h 0.877/0.85 slip -11.0/-18.8
  26.07.22/150_3.3_500_5: q1 5.146 q2 2.245 h 0.864/0.85 slip -15.5/-21.5
  26.07.22/60_0.75_60_2: q1 2.839 q2 1.235 h 0.723/0.74 slip -4.5/-47.2
  26.07.22/60_1.5_60_1.5: q1 2.157 q2 3.023 h 0.710/0.76 slip -2.2/-23.1
  26.07.23/150_2.2_250_3: q1 4.773 q2 1.085 h 0.801/0.81 slip -6.8/-16.8
  26.07.23/150_2.2_500_5: q1 1.379 q2 1.969 h 0.753/0.8 slip -43.9/-30.0
  26.07.23/60_0.75_60_2: q1 3.170 q2 1.555 h 0.850/0.83 slip -26.2/-73.8
  26.07.24/150_2.2_250_3: q1 2.845 q2 1.856 h 0.828/0.76 slip 6.4/17.2
  26.07.24/150_2.2_350_3.5: q1 2.188 q2 2.591 h 0.852/0.79 slip -12.2/28.5
  26.07.24/150_2.2_500_5: q1 2.205 q2 1.844 h 0.746/0.72 slip -20.2/-0.5
  26.07.25/100_1.5_250_3: q1 3.606 q2 4.142 h 0.714/0.76 slip -3.8/-34.8
  26.07.25/120_2_250_3: q1 3.863 q2 4.306 h 0.701/0.75 slip -5.0/-36.0
  26.07.25/150_2.2_250_3: q1 3.177 q2 3.322 h 0.721/0.76 slip -5.4/-45.0
  26.07.25/200_2.5_250_3: q1 3.096 q2 2.808 h 0.730/0.74 slip -6.7/-50.7
  26.07.27/100_1.5_250_3: q1 2.445 q2 4.203 h 0.759/0.82 slip -5.1/-18.7
  26.07.27/120_2_250_3: q1 1.847 q2 3.545 h 0.769/0.81 slip -5.8/-13.4
  26.07.27/150_2.2_250_3: q1 1.315 q2 1.946 h 0.833/0.84 slip -6.6/-15.7
  26.07.27/200_2.5_250_3: q1 2.114 q2 1.505 h 0.844/0.84 slip -7.0/-22.6
  26.07.27/250_3_250_3: q1 1.813 q2 1.057 h 0.868/0.86 slip -8.5/-21.3
  26.07.27/60_2_250_3: q1 2.069 q2 2.269 h 0.793/0.84 slip -0.3/14.9
  26.07.27/80_2_250_3: q1 3.019 q2 3.666 h 0.755/0.83 slip -1.4/-6.7
  26.04.24/120_2.2_150_2.5: q1 5.013 q2 7.505 h 0.724/0.81 slip -2.4/13.1
  26.04.24/120_2.2_200_2.8: q1 4.810 q2 8.657 h 0.690/0.795 slip -1.9/14.9
  26.04.24/120_2_120_2: q1 4.136 q2 5.773 h 0.777/0.84 slip -3.2/6.6
  26.04.24/150_2.2_250_3: q1 3.714 q2 6.580 h 0.687/0.77 slip -2.5/18.2
  26.04.24/150_2.2_350_3.5: q1 4.479 q2 8.312 h 0.660/0.77 slip -3.4/18.6
  26.04.24/150_2.2_500_4: q1 5.135 q2 10.337 h 0.657/0.775 slip -7.4/18.9
  26.04.24/60_0.75_60_2: q1 0.884 q2 1.256 h 0.918/0.9 slip -19.0/-39.7
  26.04.24/60_1.5_60_1.5: q1 1.750 q2 2.953 h 0.872/0.91 slip -10.3/-5.4
  26.04.24/90_0.75_90_2: q1 1.376 q2 1.080 h 0.904/0.894 slip -4.2/-18.6
  26.06.02/120_2_120_2: q1 2.926 q2 4.775 h 0.927/0.94 slip -15.5/3.0
  26.06.02/150_2.2_250_3: q1 1.812 q2 3.069 h 0.853/0.9 slip 2.0/34.3
  26.06.02/150_2.2_500_5: q1 3.076 q2 6.384 h 0.746/None slip -2.1/38.2
  26.06.02/60_0.75_60_2: q1 0.873 q2 1.902 h 0.901/0.94 slip -9.2/-39.2
  26.06.02/60_1.5_60_1.5: q1 0.613 q2 2.156 h 0.906/0.96 slip -7.2/-7.7
  26.06.02/90_0.75_90_2: q1 2.181 q2 3.176 h 0.944/0.98 slip -15.4/-35.2
  26.04.21/P100_D0.75_P100_D2: q1 0.923 q2 1.184 h 0.835/0.85 slip -13.5/-28.3
  26.04.21/P200_D1.5_P200_D4: q1 3.190 q2 5.075 h 0.704/0.79 slip -15.6/-25.6
  26.04.21/P60_D0.75_P60_D2: q1 0.686 q2 1.694 h 0.842/0.86 slip -9.6/-39.3
  26.04.21/P70_D0.75_P70_D2: q1 2.439 q2 3.847 h 0.769/0.85 slip -8.9/-37.5
  26.04.21/P80_D0.75_P80_D2: q1 0.894 q2 3.420 h 0.891/0.89 slip -12.4/-33.9
  26.04.21/P90_D0.75_P90_D2: q1 1.643 q2 2.009 h 0.813/0.86 slip -11.5/-33.7
  26.03.24/P100_D3: q1 3.019 q2 4.923 h 0.672/0.74 slip -1.9/16.4
  26.03.24/P40_D0.7: q1 3.350 q2 9.061 h 0.781/0.8 slip 12.2/-21.4
  26.03.24/P60_D1.5: q1 1.091 q2 3.049 h 0.722/0.77 slip 0.5/-7.8

============================================================================================================
세션            n    q1[°]    q2[°]      dq1      dq2  |h/h_v−1|  slip_sim   slip_기하
26.03.24      3    2.487    5.678    0.883    2.152      0.060       3.6      -4.2   ← held-out/gate
26.04.21      6    1.629    2.871    0.698    1.460      0.050     -11.9     -33.1   ← held-out/gate
26.04.24      9    3.477    5.828    1.089    2.542      0.088      -6.0       3.0
26.06.02      6    1.913    3.577    0.846    1.244      0.040      -7.9      -1.1
26.07.22      5    3.642    1.846    1.801    1.042      0.029      -7.1     -25.9
26.07.23      3    3.107    1.536    1.392    0.906      0.032     -25.6     -40.2
26.07.24      3    2.413    2.097    1.205    1.032      0.068      -8.7      15.1
26.07.25      4    3.436    3.644    1.912    1.401      0.048      -5.2     -41.6
26.07.27      7    2.089    2.599    1.502    1.170      0.042      -5.0     -11.9
전체           46    2.688    3.297    1.259    1.439      0.053                24.6

============================================================================================================
  Ê_MA 0.7844 · Ê_h 0.9201 · Ê_slip 0.8123   →   **J_G = 0.8307**  (p24 = 1.0000)
  게이트(0324·0421 MA q1·q2): PASS
 
### S=1.03 capK=3.6 capH=2.6 
warm-start from previous mshoot best
warm-start from previous fourbar best
보드 실행: tag=G62_1.03_3.6_2.6
  26.07.22/120_2_120_2: q1 4.152 q2 1.195 h 0.834/0.82 slip -2.4/-19.0
  26.07.22/150_2.2_250_3: q1 3.498 q2 1.281 h 0.885/0.85 slip -11.2/-18.8
  26.07.22/150_3.3_500_5: q1 4.912 q2 1.986 h 0.872/0.85 slip -15.7/-21.5
  26.07.22/60_0.75_60_2: q1 2.505 q2 1.190 h 0.731/0.74 slip -4.6/-47.2
  26.07.22/60_1.5_60_1.5: q1 1.839 q2 2.551 h 0.717/0.76 slip -2.3/-23.1
  26.07.23/150_2.2_250_3: q1 4.318 q2 0.720 h 0.815/0.81 slip -2.5/-16.8
  26.07.23/150_2.2_500_5: q1 1.557 q2 1.189 h 0.774/0.8 slip -35.5/-30.0
  26.07.23/60_0.75_60_2: q1 2.662 q2 2.750 h 0.878/0.83 slip -24.4/-73.8
  26.07.24/150_2.2_250_3: q1 2.655 q2 2.112 h 0.834/0.76 slip 7.8/17.2
  26.07.24/150_2.2_350_3.5: q1 2.627 q2 3.024 h 0.872/0.79 slip -8.0/28.5
  26.07.24/150_2.2_500_5: q1 2.461 q2 1.898 h 0.757/0.72 slip -19.3/-0.5
  26.07.25/100_1.5_250_3: q1 3.373 q2 3.825 h 0.720/0.76 slip -3.9/-34.8
  26.07.25/120_2_250_3: q1 3.615 q2 3.954 h 0.707/0.75 slip -5.2/-36.0
  26.07.25/150_2.2_250_3: q1 2.952 q2 2.990 h 0.727/0.76 slip -5.5/-45.0
  26.07.25/200_2.5_250_3: q1 2.904 q2 2.519 h 0.737/0.74 slip -6.7/-50.7
  26.07.27/100_1.5_250_3: q1 2.410 q2 4.197 h 0.762/0.82 slip -5.2/-18.7
  26.07.27/120_2_250_3: q1 1.765 q2 3.484 h 0.773/0.81 slip -5.9/-13.4
  26.07.27/150_2.2_250_3: q1 1.257 q2 1.953 h 0.836/0.84 slip -6.6/-15.7
  26.07.27/200_2.5_250_3: q1 2.071 q2 1.535 h 0.847/0.84 slip -7.0/-22.6
  26.07.27/250_3_250_3: q1 1.817 q2 1.271 h 0.869/0.86 slip -8.5/-21.3
  26.07.27/60_2_250_3: q1 1.916 q2 2.056 h 0.798/0.84 slip -0.3/14.9
  26.07.27/80_2_250_3: q1 2.843 q2 3.421 h 0.759/0.83 slip -1.4/-6.7
  26.04.24/120_2.2_150_2.5: q1 3.759 q2 5.139 h 0.753/0.81 slip -2.5/13.1
  26.04.24/120_2.2_200_2.8: q1 3.521 q2 6.155 h 0.717/0.795 slip -1.9/14.9
  26.04.24/120_2_120_2: q1 2.691 q2 3.119 h 0.807/0.84 slip -2.0/6.6
  26.04.24/150_2.2_250_3: q1 2.607 q2 4.547 h 0.710/0.77 slip -2.6/18.2
  26.04.24/150_2.2_350_3.5: q1 3.538 q2 6.563 h 0.679/0.77 slip -3.6/18.6
  26.04.24/150_2.2_500_4: q1 4.344 q2 8.854 h 0.673/0.775 slip -7.9/18.9
  26.04.24/60_0.75_60_2: q1 1.723 q2 4.414 h 0.938/0.9 slip -16.4/-39.7
  26.04.24/60_1.5_60_1.5: q1 1.798 q2 2.011 h 0.902/0.91 slip -10.9/-5.4
  26.04.24/90_0.75_90_2: q1 0.636 q2 2.703 h 0.918/0.894 slip 0.1/-18.6
  26.06.02/120_2_120_2: q1 1.854 q2 2.475 h 0.955/0.94 slip -17.3/3.0
  26.06.02/150_2.2_250_3: q1 1.107 q2 0.990 h 0.866/0.9 slip 7.2/34.3
  26.06.02/150_2.2_500_5: q1 1.840 q2 3.545 h 0.761/None slip 1.1/38.2
  26.06.02/60_0.75_60_2: q1 1.249 q2 1.772 h 0.932/0.94 slip -9.7/-39.2
  26.06.02/60_1.5_60_1.5: q1 1.878 q2 1.005 h 0.932/0.96 slip -9.7/-7.7
  26.06.02/90_0.75_90_2: q1 1.062 q2 1.158 h 0.974/0.98 slip -16.3/-35.2
  26.04.21/P100_D0.75_P100_D2: q1 1.145 q2 2.990 h 0.858/0.85 slip -13.9/-28.3
  26.04.21/P200_D1.5_P200_D4: q1 1.883 q2 2.647 h 0.732/0.79 slip -16.6/-25.6
  26.04.21/P60_D0.75_P60_D2: q1 1.814 q2 4.159 h 0.869/0.86 slip -10.0/-39.3
  26.04.21/P70_D0.75_P70_D2: q1 1.401 q2 1.523 h 0.801/0.85 slip -9.5/-37.5
  26.04.21/P80_D0.75_P80_D2: q1 2.288 q2 6.040 h 0.910/0.89 slip -12.2/-33.9
  26.04.21/P90_D0.75_P90_D2: q1 0.974 q2 2.234 h 0.839/0.86 slip -12.1/-33.7
  26.03.24/P100_D3: q1 2.803 q2 4.623 h 0.676/0.74 slip -2.0/16.4
  26.03.24/P40_D0.7: q1 4.315 q2 10.893 h 0.787/0.8 slip 15.7/-21.4
  26.03.24/P60_D1.5: q1 0.649 q2 3.398 h 0.727/0.77 slip 2.4/-7.8

============================================================================================================
세션            n    q1[°]    q2[°]      dq1      dq2  |h/h_v−1|  slip_sim   slip_기하
26.03.24      3    2.589    6.305    0.931    2.204      0.053       5.4      -4.2   ← held-out/gate
26.04.21      6    1.584    3.266    0.569    1.259      0.033     -12.4     -33.1   ← held-out/gate
26.04.24      9    2.735    4.834    0.941    2.167      0.068      -5.3       3.0
26.06.02      6    1.498    1.824    0.796    1.010      0.019      -7.5      -1.1
26.07.22      5    3.381    1.640    1.752    1.091      0.030      -7.2     -25.9
26.07.23      3    2.846    1.553    1.383    1.017      0.032     -20.8     -40.2
26.07.24      3    2.581    2.345    1.212    1.195      0.085      -6.5      15.1
26.07.25      4    3.211    3.322    1.840    1.358      0.039      -5.3     -41.6
26.07.27      7    2.011    2.560    1.435    1.235      0.039      -5.0     -11.9
전체           46    2.493    3.072    1.207    1.393      0.044                24.6

============================================================================================================
  Ê_MA 0.7343 · Ê_h 0.7688 · Ê_slip 0.8064   →   **J_G = 0.7591**  (p24 = 1.0000)
  게이트(0324·0421 MA q1·q2): PASS
 
### S=1.03 capK=4.0 capH=2.6 
warm-start from previous mshoot best
warm-start from previous fourbar best
보드 실행: tag=G62_1.03_4.0_2.6
  26.07.22/120_2_120_2: q1 3.872 q2 1.664 h 0.859/0.82 slip -2.4/-19.0
  26.07.22/150_2.2_250_3: q1 3.253 q2 1.477 h 0.909/0.85 slip -11.6/-18.8
  26.07.22/150_3.3_500_5: q1 4.596 q2 1.593 h 0.896/0.85 slip -16.4/-21.5
  26.07.22/60_0.75_60_2: q1 2.060 q2 1.963 h 0.756/0.74 slip -4.7/-47.2
  26.07.22/60_1.5_60_1.5: q1 1.385 q2 1.622 h 0.742/0.76 slip -2.3/-23.1
  26.07.23/150_2.2_250_3: q1 3.833 q2 2.983 h 0.843/0.81 slip 6.4/-16.8
  26.07.23/150_2.2_500_5: q1 1.541 q2 1.725 h 0.805/0.8 slip -23.5/-30.0
  26.07.23/60_0.75_60_2: q1 2.783 q2 5.294 h 0.932/0.83 slip -14.7/-73.8
  26.07.24/150_2.2_250_3: q1 2.246 q2 3.717 h 0.866/0.76 slip 12.6/17.2
  26.07.24/150_2.2_350_3.5: q1 3.222 q2 4.465 h 0.906/0.79 slip -2.9/28.5
  26.07.24/150_2.2_500_5: q1 2.849 q2 2.985 h 0.789/0.72 slip -12.5/-0.5
  26.07.25/100_1.5_250_3: q1 2.975 q2 2.891 h 0.738/0.76 slip -4.0/-34.8
  26.07.25/120_2_250_3: q1 3.214 q2 3.028 h 0.725/0.75 slip -5.3/-36.0
  26.07.25/150_2.2_250_3: q1 2.598 q2 2.108 h 0.744/0.76 slip -5.7/-45.0
  26.07.25/200_2.5_250_3: q1 2.589 q2 1.717 h 0.753/0.74 slip -6.9/-50.7
  26.07.27/100_1.5_250_3: q1 1.539 q2 2.306 h 0.794/0.82 slip -5.2/-18.7
  26.07.27/120_2_250_3: q1 1.111 q2 1.553 h 0.805/0.81 slip -6.0/-13.4
  26.07.27/150_2.2_250_3: q1 1.383 q2 1.014 h 0.868/0.84 slip -6.7/-15.7
  26.07.27/200_2.5_250_3: q1 1.581 q2 1.179 h 0.879/0.84 slip -7.2/-22.6
  26.07.27/250_3_250_3: q1 1.751 q2 1.765 h 0.902/0.86 slip -8.8/-21.3
  26.07.27/60_2_250_3: q1 1.326 q2 0.399 h 0.831/0.84 slip 0.6/14.9
  26.07.27/80_2_250_3: q1 2.042 q2 1.617 h 0.792/0.83 slip -1.3/-6.7
  26.04.24/120_2.2_150_2.5: q1 2.406 q2 2.440 h 0.790/0.81 slip -0.7/13.1
  26.04.24/120_2.2_200_2.8: q1 1.991 q2 3.072 h 0.753/0.795 slip 0.6/14.9
  26.04.24/120_2_120_2: q1 1.387 q2 1.632 h 0.840/0.84 slip 2.9/6.6
  26.04.24/150_2.2_250_3: q1 1.235 q2 2.281 h 0.741/0.77 slip 2.6/18.2
  26.04.24/150_2.2_350_3.5: q1 2.007 q2 3.664 h 0.718/0.77 slip -3.5/18.6
  26.04.24/150_2.2_500_4: q1 2.673 q2 5.546 h 0.714/0.775 slip -8.2/18.9
  26.04.24/60_0.75_60_2: q1 3.322 q2 8.432 h 0.962/0.9 slip -7.1/-39.7
  26.04.24/60_1.5_60_1.5: q1 2.932 q2 5.233 h 0.932/0.91 slip -4.9/-5.4
  26.04.24/90_0.75_90_2: q1 2.173 q2 7.540 h 0.937/0.894 slip 15.3/-18.6
  26.06.02/120_2_120_2: q1 1.261 q2 0.938 h 0.989/0.94 slip -16.8/3.0
  26.06.02/150_2.2_250_3: q1 1.332 q2 2.674 h 0.884/0.9 slip 17.4/34.3
  26.06.02/150_2.2_500_5: q1 1.015 q2 1.381 h 0.779/None slip 6.7/38.2
  26.06.02/60_0.75_60_2: q1 1.919 q2 3.514 h 0.969/0.94 slip -9.7/-39.2
  26.06.02/60_1.5_60_1.5: q1 2.306 q2 2.900 h 0.975/0.96 slip -7.3/-7.7
  26.06.02/90_0.75_90_2: q1 0.777 q2 2.299 h 1.009/0.98 slip -16.6/-35.2
  26.04.21/P100_D0.75_P100_D2: q1 2.742 q2 6.702 h 0.885/0.85 slip -9.4/-28.3
  26.04.21/P200_D1.5_P200_D4: q1 0.974 q2 2.144 h 0.769/0.79 slip -17.8/-25.6
  26.04.21/P60_D0.75_P60_D2: q1 3.538 q2 7.954 h 0.911/0.86 slip -9.0/-39.3
  26.04.21/P70_D0.75_P70_D2: q1 1.356 q2 2.589 h 0.844/0.85 slip -9.7/-37.5
  26.04.21/P80_D0.75_P80_D2: q1 4.623 q2 11.049 h 0.939/0.89 slip -6.0/-33.9
  26.04.21/P90_D0.75_P90_D2: q1 2.039 q2 5.494 h 0.876/0.86 slip -10.9/-33.7
  26.03.24/P100_D3: q1 1.021 q2 3.516 h 0.702/0.74 slip 4.7/16.4
  26.03.24/P40_D0.7: q1 6.897 q2 16.949 h 0.796/0.8 slip 32.6/-21.4
  26.03.24/P60_D1.5: q1 1.975 q2 7.459 h 0.746/0.77 slip 14.3/-7.8

============================================================================================================
세션            n    q1[°]    q2[°]      dq1      dq2  |h/h_v−1|  slip_sim   slip_기하
26.03.24      3    3.298    9.308    1.219    2.361      0.029      17.2      -4.2   ← held-out/gate
26.04.21      6    2.545    5.989    0.614    1.396      0.035     -10.5     -33.1   ← held-out/gate
26.04.24      9    2.236    4.426    0.833    1.834      0.045      -0.3       3.0
26.06.02      6    1.435    2.284    0.843    1.060      0.029      -4.4      -1.1
26.07.22      5    3.033    1.664    1.781    1.243      0.043      -7.5     -25.9
26.07.23      3    2.719    3.334    1.506    1.461      0.057     -10.6     -40.2
26.07.24      3    2.772    3.722    1.362    1.636      0.127      -0.9      15.1
26.07.25      4    2.844    2.436    1.793    1.139      0.025      -5.5     -41.6
26.07.27      7    1.533    1.405    1.427    1.037      0.032      -4.9     -11.9
전체           46    2.491    3.841    1.264    1.463      0.043                24.6

============================================================================================================
  Ê_MA 0.7569 · Ê_h 0.7445 · Ê_slip 0.8241   →   **J_G = 0.7666**  (p24 = 1.0000)
  게이트(0324·0421 MA q1·q2): FAIL — 26.04.21/q1: 2.258→2.545 · 26.04.21/q2: 3.970→5.989
 
### S=1.03 capK=4.0 capH=2.8 
warm-start from previous mshoot best
warm-start from previous fourbar best
보드 실행: tag=G62_1.03_4.0_2.8
  26.07.22/120_2_120_2: q1 3.804 q2 1.794 h 0.863/0.82 slip -2.5/-19.0
  26.07.22/150_2.2_250_3: q1 3.188 q2 1.596 h 0.913/0.85 slip -11.7/-18.8
  26.07.22/150_3.3_500_5: q1 4.510 q2 1.610 h 0.900/0.85 slip -16.3/-21.5
  26.07.22/60_0.75_60_2: q1 1.948 q2 2.161 h 0.760/0.74 slip -4.8/-47.2
  26.07.22/60_1.5_60_1.5: q1 1.265 q2 1.483 h 0.747/0.76 slip -2.3/-23.1
  26.07.23/150_2.2_250_3: q1 3.636 q2 3.441 h 0.848/0.81 slip 7.2/-16.8
  26.07.23/150_2.2_500_5: q1 1.774 q2 2.025 h 0.811/0.8 slip -23.9/-30.0
  26.07.23/60_0.75_60_2: q1 2.420 q2 5.526 h 0.935/0.83 slip -18.1/-73.8
  26.07.24/150_2.2_250_3: q1 2.165 q2 3.958 h 0.870/0.76 slip 13.6/17.2
  26.07.24/150_2.2_350_3.5: q1 3.354 q2 4.666 h 0.910/0.79 slip -2.8/28.5
  26.07.24/150_2.2_500_5: q1 3.012 q2 3.219 h 0.791/0.72 slip -12.9/-0.5
  26.07.25/100_1.5_250_3: q1 2.867 q2 2.740 h 0.742/0.76 slip -4.0/-34.8
  26.07.25/120_2_250_3: q1 3.102 q2 2.864 h 0.728/0.75 slip -5.4/-36.0
  26.07.25/150_2.2_250_3: q1 2.496 q2 1.950 h 0.748/0.76 slip -5.7/-45.0
  26.07.25/200_2.5_250_3: q1 2.496 q2 1.578 h 0.757/0.74 slip -7.0/-50.7
  26.07.27/100_1.5_250_3: q1 1.457 q2 2.164 h 0.797/0.82 slip -5.3/-18.7
  26.07.27/120_2_250_3: q1 1.068 q2 1.414 h 0.809/0.81 slip -6.1/-13.4
  26.07.27/150_2.2_250_3: q1 1.451 q2 1.165 h 0.872/0.84 slip -6.8/-15.7
  26.07.27/200_2.5_250_3: q1 1.561 q2 1.311 h 0.883/0.84 slip -7.3/-22.6
  26.07.27/250_3_250_3: q1 1.784 q2 1.921 h 0.906/0.86 slip -8.9/-21.3
  26.07.27/60_2_250_3: q1 1.296 q2 0.458 h 0.835/0.84 slip 0.6/14.9
  26.07.27/80_2_250_3: q1 1.964 q2 1.497 h 0.795/0.83 slip -1.3/-6.7
  26.04.24/120_2.2_150_2.5: q1 2.142 q2 2.002 h 0.795/0.81 slip -0.2/13.1
  26.04.24/120_2.2_200_2.8: q1 1.992 q2 3.070 h 0.753/0.795 slip 0.6/14.9
  26.04.24/120_2_120_2: q1 1.260 q2 1.928 h 0.843/0.84 slip 3.8/6.6
  26.04.24/150_2.2_250_3: q1 1.236 q2 2.281 h 0.741/0.77 slip 2.6/18.2
  26.04.24/150_2.2_350_3.5: q1 2.008 q2 3.664 h 0.718/0.77 slip -3.5/18.6
  26.04.24/150_2.2_500_4: q1 2.676 q2 5.547 h 0.714/0.775 slip -8.2/18.9
  26.04.24/60_0.75_60_2: q1 3.709 q2 9.211 h 0.965/0.9 slip -4.2/-39.7
  26.04.24/60_1.5_60_1.5: q1 3.344 q2 6.018 h 0.939/0.91 slip -4.1/-5.4
  26.04.24/90_0.75_90_2: q1 2.377 q2 7.959 h 0.939/0.894 slip 17.2/-18.6
  26.06.02/120_2_120_2: q1 1.160 q2 0.859 h 0.997/0.94 slip -17.6/3.0
  26.06.02/150_2.2_250_3: q1 1.537 q2 3.241 h 0.885/0.9 slip 20.4/34.3
  26.06.02/150_2.2_500_5: q1 1.019 q2 1.334 h 0.780/None slip 7.9/38.2
  26.06.02/60_0.75_60_2: q1 2.214 q2 3.964 h 0.978/0.94 slip -10.0/-39.2
  26.06.02/60_1.5_60_1.5: q1 2.723 q2 3.299 h 0.983/0.96 slip -8.2/-7.7
  26.06.02/90_0.75_90_2: q1 1.006 q2 2.835 h 1.018/0.98 slip -16.9/-35.2
  26.04.21/P100_D0.75_P100_D2: q1 3.084 q2 7.313 h 0.889/0.85 slip -7.8/-28.3
  26.04.21/P200_D1.5_P200_D4: q1 1.095 q2 2.542 h 0.775/0.79 slip -18.1/-25.6
  26.04.21/P60_D0.75_P60_D2: q1 3.825 q2 8.410 h 0.917/0.86 slip -9.0/-39.3
  26.04.21/P70_D0.75_P70_D2: q1 1.573 q2 3.023 h 0.852/0.85 slip -9.9/-37.5
  26.04.21/P80_D0.75_P80_D2: q1 4.880 q2 11.475 h 0.942/0.89 slip -5.3/-33.9
  26.04.21/P90_D0.75_P90_D2: q1 2.315 q2 5.959 h 0.880/0.86 slip -10.2/-33.7
  26.03.24/P100_D3: q1 1.006 q2 3.513 h 0.702/0.74 slip 4.9/16.4
  26.03.24/P40_D0.7: q1 7.036 q2 17.162 h 0.797/0.8 slip 33.3/-21.4
  26.03.24/P60_D1.5: q1 2.017 q2 7.493 h 0.746/0.77 slip 14.7/-7.8

============================================================================================================
세션            n    q1[°]    q2[°]      dq1      dq2  |h/h_v−1|  slip_sim   slip_기하
26.03.24      3    3.353    9.390    1.225    2.397      0.029      17.7      -4.2   ← held-out/gate
26.04.21      6    2.795    6.454    0.647    1.460      0.036     -10.1     -33.1   ← held-out/gate
26.04.24      9    2.305    4.631    0.849    1.868      0.046       0.4       3.0
26.06.02      6    1.610    2.589    0.865    1.138      0.036      -4.1      -1.1
26.07.22      5    2.943    1.729    1.790    1.283      0.046      -7.5     -25.9
26.07.23      3    2.610    3.664    1.495    1.545      0.063     -11.6     -40.2
26.07.24      3    2.843    3.948    1.367    1.724      0.132      -0.7      15.1
26.07.25      4    2.740    2.283    1.775    1.099      0.023      -5.5     -41.6
26.07.27      7    1.512    1.419    1.421    1.028      0.032      -5.0     -11.9
전체           46    2.523    4.012    1.270    1.505      0.045                24.6

============================================================================================================
  Ê_MA 0.7728 · Ê_h 0.7769 · Ê_slip 0.8232   →   **J_G = 0.7841**  (p24 = 1.0000)
  게이트(0324·0421 MA q1·q2): FAIL — 26.04.21/q1: 2.258→2.795 · 26.04.21/q2: 3.970→6.454
 
### S=1.06 capK=4.0 capH=2.8 
warm-start from previous mshoot best
warm-start from previous fourbar best
보드 실행: tag=G62_1.06_4.0_2.8
  26.07.22/120_2_120_2: q1 3.784 q2 1.819 h 0.864/0.82 slip -2.5/-19.0
  26.07.22/150_2.2_250_3: q1 3.164 q2 1.620 h 0.914/0.85 slip -11.7/-18.8
  26.07.22/150_3.3_500_5: q1 4.485 q2 1.606 h 0.900/0.85 slip -16.4/-21.5
  26.07.22/60_0.75_60_2: q1 1.911 q2 2.207 h 0.761/0.74 slip -4.8/-47.2
  26.07.22/60_1.5_60_1.5: q1 1.229 q2 1.432 h 0.748/0.76 slip -2.3/-23.1
  26.07.23/150_2.2_250_3: q1 3.595 q2 3.671 h 0.848/0.81 slip 8.8/-16.8
  26.07.23/150_2.2_500_5: q1 1.831 q2 2.153 h 0.815/0.8 slip -23.3/-30.0
  26.07.23/60_0.75_60_2: q1 2.440 q2 5.898 h 0.940/0.83 slip -17.1/-73.8
  26.07.24/150_2.2_250_3: q1 2.156 q2 3.988 h 0.870/0.76 slip 13.7/17.2
  26.07.24/150_2.2_350_3.5: q1 3.486 q2 4.911 h 0.913/0.79 slip -2.3/28.5
  26.07.24/150_2.2_500_5: q1 3.026 q2 3.246 h 0.793/0.72 slip -12.7/-0.5
  26.07.25/100_1.5_250_3: q1 2.841 q2 2.704 h 0.743/0.76 slip -4.0/-34.8
  26.07.25/120_2_250_3: q1 3.075 q2 2.825 h 0.729/0.75 slip -5.4/-36.0
  26.07.25/150_2.2_250_3: q1 2.476 q2 1.921 h 0.748/0.76 slip -5.8/-45.0
  26.07.25/200_2.5_250_3: q1 2.478 q2 1.554 h 0.758/0.74 slip -7.0/-50.7
  26.07.27/100_1.5_250_3: q1 1.485 q2 2.232 h 0.797/0.82 slip -5.3/-18.7
  26.07.27/120_2_250_3: q1 1.067 q2 1.478 h 0.808/0.81 slip -6.1/-13.4
  26.07.27/150_2.2_250_3: q1 1.414 q2 1.117 h 0.872/0.84 slip -6.8/-15.7
  26.07.27/200_2.5_250_3: q1 1.563 q2 1.268 h 0.883/0.84 slip -7.3/-22.6
  26.07.27/250_3_250_3: q1 1.752 q2 1.799 h 0.905/0.86 slip -8.9/-21.3
  26.07.27/60_2_250_3: q1 1.288 q2 0.458 h 0.834/0.84 slip 0.7/14.9
  26.07.27/80_2_250_3: q1 1.958 q2 1.504 h 0.795/0.83 slip -1.3/-6.7
  26.04.24/120_2.2_150_2.5: q1 2.007 q2 1.847 h 0.798/0.81 slip 0.3/13.1
  26.04.24/120_2.2_200_2.8: q1 1.784 q2 2.679 h 0.757/0.795 slip 1.2/14.9
  26.04.24/120_2_120_2: q1 1.185 q2 2.372 h 0.845/0.84 slip 5.8/6.6
  26.04.24/150_2.2_250_3: q1 1.133 q2 2.260 h 0.743/0.77 slip 4.5/18.2
  26.04.24/150_2.2_350_3.5: q1 1.821 q2 3.357 h 0.722/0.77 slip -3.5/18.6
  26.04.24/150_2.2_500_4: q1 2.501 q2 5.218 h 0.717/0.775 slip -8.3/18.9
  26.04.24/60_0.75_60_2: q1 4.017 q2 9.884 h 0.965/0.9 slip -2.4/-39.7
  26.04.24/60_1.5_60_1.5: q1 3.796 q2 6.759 h 0.938/0.91 slip -3.2/-5.4
  26.04.24/90_0.75_90_2: q1 2.622 q2 8.512 h 0.940/0.894 slip 19.5/-18.6
  26.06.02/120_2_120_2: q1 1.187 q2 1.014 h 1.000/0.94 slip -16.0/3.0
  26.06.02/150_2.2_250_3: q1 1.770 q2 3.782 h 0.887/0.9 slip 21.9/34.3
  26.06.02/150_2.2_500_5: q1 1.093 q2 1.553 h 0.781/None slip 9.9/38.2
  26.06.02/60_0.75_60_2: q1 2.504 q2 4.481 h 0.984/0.94 slip -10.0/-39.2
  26.06.02/60_1.5_60_1.5: q1 4.184 q2 1.771 h 0.951/0.96 slip -18.5/-7.7
  26.06.02/90_0.75_90_2: q1 1.216 q2 3.238 h 1.022/0.98 slip -17.0/-35.2
  26.04.21/P100_D0.75_P100_D2: q1 3.372 q2 7.922 h 0.889/0.85 slip -6.7/-28.3
  26.04.21/P200_D1.5_P200_D4: q1 1.272 q2 2.995 h 0.778/0.79 slip -18.2/-25.6
  26.04.21/P60_D0.75_P60_D2: q1 4.098 q2 8.965 h 0.920/0.86 slip -8.7/-39.3
  26.04.21/P70_D0.75_P70_D2: q1 1.833 q2 3.600 h 0.856/0.85 slip -10.0/-37.5
  26.04.21/P80_D0.75_P80_D2: q1 5.150 q2 12.062 h 0.943/0.89 slip -4.1/-33.9
  26.04.21/P90_D0.75_P90_D2: q1 2.599 q2 6.551 h 0.882/0.86 slip -9.7/-33.7
  26.03.24/P100_D3: q1 0.993 q2 3.553 h 0.702/0.74 slip 5.2/16.4
  26.03.24/P40_D0.7: q1 7.239 q2 17.627 h 0.797/0.8 slip 35.1/-21.4
  26.03.24/P60_D1.5: q1 2.151 q2 7.729 h 0.748/0.77 slip 14.6/-7.8

============================================================================================================
세션            n    q1[°]    q2[°]      dq1      dq2  |h/h_v−1|  slip_sim   slip_기하
26.03.24      3    3.461    9.636    1.250    2.452      0.028      18.3      -4.2   ← held-out/gate
26.04.21      6    3.054    7.016    0.678    1.535      0.037      -9.6     -33.1   ← held-out/gate
26.04.24      9    2.318    4.765    0.851    1.847      0.044       1.5       3.0
26.06.02      6    1.993    2.640    0.902    1.113      0.035      -5.0      -1.1
26.07.22      5    2.915    1.737    1.778    1.293      0.047      -7.5     -25.9
26.07.23      3    2.622    3.907    1.507    1.611      0.066     -10.5     -40.2
26.07.24      3    2.889    4.048    1.371    1.749      0.134      -0.4      15.1
26.07.25      4    2.717    2.251    1.764    1.107      0.023      -5.5     -41.6
26.07.27      7    1.504    1.408    1.407    1.049      0.031      -5.0     -11.9
전체           46    2.608    4.157    1.279    1.528      0.045                24.6

============================================================================================================
  Ê_MA 0.7923 · Ê_h 0.7770 · Ê_slip 0.8334   →   **J_G = 0.7959**  (p24 = 1.0000)
  게이트(0324·0421 MA q1·q2): FAIL — 26.04.21/q1: 2.258→3.054 · 26.04.21/q2: 3.970→7.016
 
### S=1.06 capK=4.2 capH=2.8 
warm-start from previous mshoot best
warm-start from previous fourbar best
보드 실행: tag=G62_1.06_4.2_2.8
  26.07.22/120_2_120_2: q1 3.675 q2 2.289 h 0.877/0.82 slip -2.5/-19.0
  26.07.22/150_2.2_250_3: q1 3.085 q2 2.037 h 0.926/0.85 slip -11.9/-18.8
  26.07.22/150_3.3_500_5: q1 4.348 q2 1.723 h 0.912/0.85 slip -16.7/-21.5
  26.07.22/60_0.75_60_2: q1 1.764 q2 2.804 h 0.773/0.74 slip -4.8/-47.2
  26.07.22/60_1.5_60_1.5: q1 1.058 q2 1.172 h 0.760/0.76 slip -2.3/-23.1
  26.07.23/150_2.2_250_3: q1 3.377 q2 4.889 h 0.862/0.81 slip 13.1/-16.8
  26.07.23/150_2.2_500_5: q1 1.606 q2 2.835 h 0.839/0.8 slip -13.7/-30.0
  26.07.23/60_0.75_60_2: q1 2.522 q2 7.179 h 0.964/0.83 slip -13.4/-73.8
  26.07.24/150_2.2_250_3: q1 1.949 q2 5.008 h 0.885/0.76 slip 16.1/17.2
  26.07.24/150_2.2_350_3.5: q1 3.855 q2 5.787 h 0.929/0.79 slip -0.1/28.5
  26.07.24/150_2.2_500_5: q1 3.293 q2 3.956 h 0.813/0.72 slip -10.7/-0.5
  26.07.25/100_1.5_250_3: q1 2.656 q2 2.244 h 0.752/0.76 slip -4.1/-34.8
  26.07.25/120_2_250_3: q1 2.886 q2 2.366 h 0.738/0.75 slip -5.4/-36.0
  26.07.25/150_2.2_250_3: q1 2.321 q2 1.507 h 0.757/0.76 slip -5.8/-45.0
  26.07.25/200_2.5_250_3: q1 2.345 q2 1.221 h 0.766/0.74 slip -7.1/-50.7
  26.07.27/100_1.5_250_3: q1 1.134 q2 1.297 h 0.813/0.82 slip -5.4/-18.7
  26.07.27/120_2_250_3: q1 1.041 q2 0.659 h 0.824/0.81 slip -6.1/-13.4
  26.07.27/150_2.2_250_3: q1 1.850 q2 2.076 h 0.888/0.84 slip -6.9/-15.7
  26.07.27/200_2.5_250_3: q1 1.567 q2 2.112 h 0.899/0.84 slip -7.3/-22.6
  26.07.27/250_3_250_3: q1 2.019 q2 2.844 h 0.921/0.86 slip -9.0/-21.3
  26.07.27/60_2_250_3: q1 1.269 q2 1.291 h 0.850/0.84 slip 1.5/14.9
  26.07.27/80_2_250_3: q1 1.612 q2 0.642 h 0.812/0.83 slip -1.2/-6.7
  26.04.24/120_2.2_150_2.5: q1 1.516 q2 1.952 h 0.811/0.81 slip 4.5/13.1
  26.04.24/120_2.2_200_2.8: q1 1.318 q2 2.218 h 0.769/0.795 slip 6.7/14.9
  26.04.24/120_2_120_2: q1 1.232 q2 3.936 h 0.856/0.84 slip 11.1/6.6
  26.04.24/150_2.2_250_3: q1 1.091 q2 3.061 h 0.752/0.77 slip 10.6/18.2
  26.04.24/150_2.2_350_3.5: q1 1.165 q2 2.419 h 0.738/0.77 slip -2.1/18.6
  26.04.24/150_2.2_500_4: q1 1.695 q2 3.671 h 0.736/0.775 slip -8.4/18.9
  26.04.24/60_0.75_60_2: q1 4.942 q2 12.141 h 0.971/0.9 slip 7.3/-39.7
  26.04.24/60_1.5_60_1.5: q1 4.488 q2 8.818 h 0.950/0.91 slip 2.7/-5.4
  26.04.24/90_0.75_90_2: q1 3.771 q2 11.105 h 0.945/0.894 slip 32.2/-18.6
  26.06.02/120_2_120_2: q1 1.241 q2 1.972 h 1.008/0.94 slip -12.2/3.0
  26.06.02/150_2.2_250_3: q1 2.228 q2 5.161 h 0.896/0.9 slip 28.0/34.3
  26.06.02/150_2.2_500_5: q1 1.342 q2 2.754 h 0.787/None slip 16.6/38.2
  26.06.02/60_0.75_60_2: q1 2.932 q2 5.470 h 1.001/0.94 slip -10.0/-39.2
  26.06.02/60_1.5_60_1.5: q1 4.221 q2 2.969 h 0.977/0.96 slip -16.0/-7.7
  26.06.02/90_0.75_90_2: q1 1.661 q2 4.343 h 1.038/0.98 slip -16.9/-35.2
  26.04.21/P100_D0.75_P100_D2: q1 4.321 q2 10.146 h 0.895/0.85 slip 0.8/-28.3
  26.04.21/P200_D1.5_P200_D4: q1 1.906 q2 4.650 h 0.790/0.79 slip -17.1/-25.6
  26.04.21/P60_D0.75_P60_D2: q1 5.070 q2 11.098 h 0.936/0.86 slip -6.7/-39.3
  26.04.21/P70_D0.75_P70_D2: q1 2.489 q2 5.212 h 0.875/0.85 slip -9.8/-37.5
  26.04.21/P80_D0.75_P80_D2: q1 6.418 q2 14.888 h 0.949/0.89 slip 4.3/-33.9
  26.04.21/P90_D0.75_P90_D2: q1 3.506 q2 8.620 h 0.894/0.86 slip -6.2/-33.7
  26.03.24/P100_D3: q1 1.321 q2 5.385 h 0.712/0.74 slip 10.4/16.4
  26.03.24/P40_D0.7: q1 8.593 q2 20.855 h 0.801/0.8 slip 45.7/-21.4
  26.03.24/P60_D1.5: q1 3.346 q2 10.398 h 0.755/0.77 slip 23.6/-7.8

============================================================================================================
세션            n    q1[°]    q2[°]      dq1      dq2  |h/h_v−1|  slip_sim   slip_기하
26.03.24      3    4.420   12.212    1.493    2.865      0.020      26.5      -4.2   ← held-out/gate
26.04.21      6    3.952    9.103    0.869    1.965      0.046      -5.8     -33.1   ← held-out/gate
26.04.24      9    2.358    5.480    0.898    1.811      0.038       7.2       3.0
26.06.02      6    2.271    3.778    0.966    1.381      0.044      -1.7      -1.1
26.07.22      5    2.786    2.005    1.802    1.409      0.055      -7.7     -25.9
26.07.23      3    2.502    4.967    1.598    1.887      0.091      -4.7     -40.2
26.07.24      3    3.032    4.917    1.439    2.010      0.156       1.7      15.1
26.07.25      4    2.552    1.834    1.747    1.028      0.017      -5.6     -41.6
26.07.27      7    1.499    1.560    1.424    1.055      0.037      -4.9     -11.9
전체           46    2.819    5.095    1.360    1.712      0.050                24.6

============================================================================================================
  Ê_MA 0.8811 · Ê_h 0.8627 · Ê_slip 0.8695   →   **J_G = 0.8733**  (p24 = 1.0000)
  게이트(0324·0421 MA q1·q2): FAIL — 26.03.24/q1: 4.023→4.420 · 26.04.21/q1: 2.258→3.952 · 26.04.21/q2: 3.970→9.103
 
### S=1.10 capK=4.2 capH=3.0 
warm-start from previous mshoot best
warm-start from previous fourbar best
보드 실행: tag=G62_1.10_4.2_3.0
  26.07.22/120_2_120_2: q1 3.594 q2 2.480 h 0.882/0.82 slip -2.5/-19.0
  26.07.22/150_2.2_250_3: q1 3.008 q2 2.236 h 0.932/0.85 slip -12.0/-18.8
  26.07.22/150_3.3_500_5: q1 4.236 q2 1.819 h 0.917/0.85 slip -16.7/-21.5
  26.07.22/60_0.75_60_2: q1 1.655 q2 3.093 h 0.779/0.74 slip -4.9/-47.2
  26.07.22/60_1.5_60_1.5: q1 0.942 q2 1.132 h 0.766/0.76 slip -2.4/-23.1
  26.07.23/150_2.2_250_3: q1 3.183 q2 5.579 h 0.869/0.81 slip 13.2/-16.8
  26.07.23/150_2.2_500_5: q1 1.931 q2 3.417 h 0.846/0.8 slip -14.0/-30.0
  26.07.23/60_0.75_60_2: q1 2.391 q2 7.935 h 0.974/0.83 slip -15.2/-73.8
  26.07.24/150_2.2_250_3: q1 1.887 q2 5.259 h 0.891/0.76 slip 16.3/17.2
  26.07.24/150_2.2_350_3.5: q1 4.156 q2 6.341 h 0.937/0.79 slip 0.6/28.5
  26.07.24/150_2.2_500_5: q1 3.470 q2 4.252 h 0.817/0.72 slip -10.7/-0.5
  26.07.25/100_1.5_250_3: q1 2.520 q2 2.053 h 0.756/0.76 slip -4.2/-34.8
  26.07.25/120_2_250_3: q1 2.745 q2 2.158 h 0.742/0.75 slip -5.5/-36.0
  26.07.25/150_2.2_250_3: q1 2.203 q2 1.334 h 0.762/0.76 slip -5.9/-45.0
  26.07.25/200_2.5_250_3: q1 2.240 q2 1.105 h 0.771/0.74 slip -7.2/-50.7
  26.07.27/100_1.5_250_3: q1 1.109 q2 1.271 h 0.816/0.82 slip -5.4/-18.7
  26.07.27/120_2_250_3: q1 1.034 q2 0.670 h 0.828/0.81 slip -6.2/-13.4
  26.07.27/150_2.2_250_3: q1 1.886 q2 2.167 h 0.891/0.84 slip -6.9/-15.7
  26.07.27/200_2.5_250_3: q1 1.568 q2 2.172 h 0.902/0.84 slip -7.4/-22.6
  26.07.27/250_3_250_3: q1 2.010 q2 2.825 h 0.924/0.86 slip -9.1/-21.3
  26.07.27/60_2_250_3: q1 1.265 q2 1.393 h 0.854/0.84 slip 1.6/14.9
  26.07.27/80_2_250_3: q1 1.540 q2 0.581 h 0.815/0.83 slip -1.2/-6.7
  26.04.24/120_2.2_150_2.5: q1 1.474 q2 2.926 h 0.816/0.81 slip 7.9/13.1
  26.04.24/120_2.2_200_2.8: q1 1.359 q2 2.672 h 0.771/0.795 slip 10.4/14.9
  26.04.24/120_2_120_2: q1 1.719 q2 5.314 h 0.860/0.84 slip 15.7/6.6
  26.04.24/150_2.2_250_3: q1 1.345 q2 3.699 h 0.756/0.77 slip 11.3/18.2
  26.04.24/150_2.2_350_3.5: q1 1.050 q2 2.372 h 0.741/0.77 slip -0.9/18.6
  26.04.24/150_2.2_500_4: q1 1.509 q2 3.322 h 0.740/0.775 slip -8.5/18.9
  26.04.24/60_0.75_60_2: q1 5.777 q2 13.865 h 0.972/0.9 slip 16.9/-39.7
  26.04.24/60_1.5_60_1.5: q1 5.517 q2 10.744 h 0.951/0.91 slip 7.6/-5.4
  26.04.24/90_0.75_90_2: q1 4.325 q2 12.182 h 0.948/0.894 slip 36.0/-18.6
  26.06.02/120_2_120_2: q1 1.874 q2 3.473 h 1.012/0.94 slip -7.8/3.0
  26.06.02/150_2.2_250_3: q1 2.837 q2 6.601 h 0.899/0.9 slip 35.7/34.3
  26.06.02/150_2.2_500_5: q1 1.898 q2 4.306 h 0.788/None slip 24.2/38.2
  26.06.02/60_0.75_60_2: q1 3.687 q2 6.766 h 1.017/0.94 slip -10.3/-39.2
  26.06.02/60_1.5_60_1.5: q1 5.330 q2 3.519 h 0.981/0.96 slip -20.2/-7.7
  26.06.02/90_0.75_90_2: q1 2.376 q2 5.732 h 1.047/0.98 slip -15.3/-35.2
  26.04.21/P100_D0.75_P100_D2: q1 5.082 q2 11.675 h 0.897/0.85 slip 5.8/-28.3
  26.04.21/P200_D1.5_P200_D4: q1 2.611 q2 6.029 h 0.795/0.79 slip -15.6/-25.6
  26.04.21/P60_D0.75_P60_D2: q1 5.766 q2 12.403 h 0.944/0.86 slip -5.8/-39.3
  26.04.21/P70_D0.75_P70_D2: q1 3.201 q2 6.564 h 0.886/0.85 slip -9.6/-37.5
  26.04.21/P80_D0.75_P80_D2: q1 7.042 q2 16.070 h 0.950/0.89 slip 8.2/-33.9
  26.04.21/P90_D0.75_P90_D2: q1 4.210 q2 10.021 h 0.898/0.86 slip -3.2/-33.7
  26.03.24/P100_D3: q1 1.380 q2 5.499 h 0.713/0.74 slip 10.4/16.4
  26.03.24/P40_D0.7: q1 9.018 q2 21.677 h 0.803/0.8 slip 47.6/-21.4
  26.03.24/P60_D1.5: q1 3.579 q2 10.802 h 0.756/0.77 slip 24.5/-7.8

============================================================================================================
세션            n    q1[°]    q2[°]      dq1      dq2  |h/h_v−1|  slip_sim   slip_기하
26.03.24      3    4.659   12.659    1.542    2.996      0.019      27.5      -4.2   ← held-out/gate
26.04.21      6    4.652   10.460    1.008    2.287      0.052      -3.3     -33.1   ← held-out/gate
26.04.24      9    2.675    6.344    0.943    1.918      0.039      10.7       3.0
26.06.02      6    3.000    5.066    1.059    1.732      0.050       1.1      -1.1
26.07.22      5    2.687    2.152    1.798    1.473      0.062      -7.7     -25.9
26.07.23      3    2.502    5.644    1.624    2.045      0.101      -5.3     -40.2
26.07.24      3    3.171    5.284    1.455    2.125      0.164       2.1      15.1
26.07.25      4    2.427    1.662    1.718    1.016      0.015      -5.7     -41.6
26.07.27      7    1.488    1.583    1.402    1.085      0.039      -5.0     -11.9
전체           46    3.029    5.651    1.394    1.853      0.054                24.6

============================================================================================================
  Ê_MA 0.9486 · Ê_h 0.9252 · Ê_slip 0.8830   →   **J_G = 0.9285**  (p24 = 1.0000)
  게이트(0324·0421 MA q1·q2): FAIL — 26.03.24/q1: 4.023→4.659 · 26.03.24/q2: 12.031→12.659 · 26.04.21/q1: 2.258→4.652 · 26.04.21/q2: 3.970→10.460
 
### S=1.00 capK=3.6 capH=2.4 
warm-start from previous mshoot best
warm-start from previous fourbar best
보드 실행: tag=G62_1.00_3.6_2.4
  26.07.22/120_2_120_2: q1 4.258 q2 1.191 h 0.829/0.82 slip -2.4/-19.0
  26.07.22/150_2.2_250_3: q1 3.613 q2 1.338 h 0.880/0.85 slip -11.1/-18.8
  26.07.22/150_3.3_500_5: q1 5.035 q2 2.088 h 0.868/0.85 slip -15.7/-21.5
  26.07.22/60_0.75_60_2: q1 2.690 q2 1.154 h 0.726/0.74 slip -4.5/-47.2
  26.07.22/60_1.5_60_1.5: q1 2.019 q2 2.800 h 0.712/0.76 slip -2.2/-23.1
  26.07.23/150_2.2_250_3: q1 4.609 q2 0.464 h 0.808/0.81 slip -2.9/-16.8
  26.07.23/150_2.2_500_5: q1 1.318 q2 1.419 h 0.765/0.8 slip -36.2/-30.0
  26.07.23/60_0.75_60_2: q1 3.218 q2 2.405 h 0.874/0.83 slip -20.4/-73.8
  26.07.24/150_2.2_250_3: q1 2.773 q2 1.934 h 0.830/0.76 slip 7.0/17.2
  26.07.24/150_2.2_350_3.5: q1 2.386 q2 2.763 h 0.864/0.79 slip -8.1/28.5
  26.07.24/150_2.2_500_5: q1 2.274 q2 1.810 h 0.752/0.72 slip -18.6/-0.5
  26.07.25/100_1.5_250_3: q1 3.515 q2 4.017 h 0.716/0.76 slip -3.8/-34.8
  26.07.25/120_2_250_3: q1 3.760 q2 4.159 h 0.703/0.75 slip -5.1/-36.0
  26.07.25/150_2.2_250_3: q1 3.092 q2 3.200 h 0.722/0.76 slip -5.4/-45.0
  26.07.25/200_2.5_250_3: q1 3.029 q2 2.707 h 0.732/0.74 slip -6.6/-50.7
  26.07.27/100_1.5_250_3: q1 2.460 q2 4.246 h 0.759/0.82 slip -5.1/-18.7
  26.07.27/120_2_250_3: q1 1.838 q2 3.573 h 0.770/0.81 slip -5.8/-13.4
  26.07.27/150_2.2_250_3: q1 1.298 q2 2.023 h 0.833/0.84 slip -6.5/-15.7
  26.07.27/200_2.5_250_3: q1 2.107 q2 1.546 h 0.843/0.84 slip -6.9/-22.6
  26.07.27/250_3_250_3: q1 1.825 q2 1.221 h 0.866/0.86 slip -8.5/-21.3
  26.07.27/60_2_250_3: q1 1.979 q2 2.127 h 0.795/0.84 slip -0.3/14.9
  26.07.27/80_2_250_3: q1 2.925 q2 3.517 h 0.756/0.83 slip -1.4/-6.7
  26.04.24/120_2.2_150_2.5: q1 4.232 q2 6.057 h 0.743/0.81 slip -2.4/13.1
  26.04.24/120_2.2_200_2.8: q1 3.793 q2 6.696 h 0.712/0.795 slip -1.9/14.9
  26.04.24/120_2_120_2: q1 3.169 q2 4.006 h 0.798/0.84 slip -2.6/6.6
  26.04.24/150_2.2_250_3: q1 2.837 q2 4.969 h 0.705/0.77 slip -2.6/18.2
  26.04.24/150_2.2_350_3.5: q1 3.733 q2 6.928 h 0.676/0.77 slip -3.6/18.6
  26.04.24/150_2.2_500_4: q1 4.515 q2 9.180 h 0.670/0.775 slip -7.8/18.9
  26.04.24/60_0.75_60_2: q1 1.239 q2 3.290 h 0.929/0.9 slip -17.6/-39.7
  26.04.24/60_1.5_60_1.5: q1 1.569 q2 1.792 h 0.890/0.91 slip -10.8/-5.4
  26.04.24/90_0.75_90_2: q1 0.758 q2 2.020 h 0.911/0.894 slip -0.8/-18.6
  26.06.02/120_2_120_2: q1 2.366 q2 3.462 h 0.940/0.94 slip -15.9/3.0
  26.06.02/150_2.2_250_3: q1 1.257 q2 1.589 h 0.861/0.9 slip 5.0/34.3
  26.06.02/150_2.2_500_5: q1 2.245 q2 4.566 h 0.756/None slip -0.4/38.2
  26.06.02/60_0.75_60_2: q1 0.924 q2 1.339 h 0.919/0.94 slip -9.3/-39.2
  26.06.02/60_1.5_60_1.5: q1 1.098 q2 0.935 h 0.924/0.96 slip -7.5/-7.7
  26.06.02/90_0.75_90_2: q1 1.436 q2 1.623 h 0.961/0.98 slip -16.0/-35.2
  26.04.21/P100_D0.75_P100_D2: q1 0.782 q2 2.127 h 0.848/0.85 slip -13.8/-28.3
  26.04.21/P200_D1.5_P200_D4: q1 2.356 q2 3.477 h 0.720/0.79 slip -16.2/-25.6
  26.04.21/P60_D0.75_P60_D2: q1 1.349 q2 3.309 h 0.858/0.86 slip -9.8/-39.3
  26.04.21/P70_D0.75_P70_D2: q1 1.691 q2 2.152 h 0.788/0.85 slip -9.2/-37.5
  26.04.21/P80_D0.75_P80_D2: q1 1.853 q2 5.317 h 0.903/0.89 slip -12.2/-33.9
  26.04.21/P90_D0.75_P90_D2: q1 1.055 q2 1.784 h 0.829/0.86 slip -11.9/-33.7
  26.03.24/P100_D3: q1 2.864 q2 4.697 h 0.675/0.74 slip -1.9/16.4
  26.03.24/P40_D0.7: q1 4.010 q2 10.392 h 0.784/0.8 slip 15.3/-21.4
  26.03.24/P60_D1.5: q1 0.763 q2 3.292 h 0.725/0.77 slip 2.0/-7.8

============================================================================================================
세션            n    q1[°]    q2[°]      dq1      dq2  |h/h_v−1|  slip_sim   slip_기하
26.03.24      3    2.546    6.127    0.919    2.186      0.055       5.1      -4.2   ← held-out/gate
26.04.21      6    1.514    3.028    0.606    1.338      0.036     -12.2     -33.1   ← held-out/gate
26.04.24      9    2.872    4.993    0.978    2.260      0.073      -5.6       3.0
26.06.02      6    1.554    2.252    0.800    1.087      0.025      -7.3      -1.1
26.07.22      5    3.523    1.714    1.759    1.064      0.030      -7.2     -25.9
26.07.23      3    3.049    1.429    1.411    0.986      0.033     -19.8     -40.2
26.07.24      3    2.478    2.169    1.213    1.116      0.077      -6.6      15.1
26.07.25      4    3.349    3.521    1.872    1.408      0.045      -5.2     -41.6
26.07.27      7    2.062    2.608    1.458    1.238      0.041      -4.9     -11.9
전체           46    2.550    3.093    1.224    1.409      0.047                24.6

============================================================================================================
  Ê_MA 0.7490 · Ê_h 0.8093 · Ê_slip 0.8111   →   **J_G = 0.7795**  (p24 = 1.0000)
  게이트(0324·0421 MA q1·q2): PASS
 
### S=1.00 capK=3.6 capH=2.8 
warm-start from previous mshoot best
warm-start from previous fourbar best
보드 실행: tag=G62_1.00_3.6_2.8
  26.07.22/120_2_120_2: q1 4.095 q2 1.231 h 0.837/0.82 slip -2.5/-19.0
  26.07.22/150_2.2_250_3: q1 3.444 q2 1.287 h 0.889/0.85 slip -11.2/-18.8
  26.07.22/150_3.3_500_5: q1 4.847 q2 1.958 h 0.875/0.85 slip -15.6/-21.5
  26.07.22/60_0.75_60_2: q1 2.407 q2 1.270 h 0.735/0.74 slip -4.7/-47.2
  26.07.22/60_1.5_60_1.5: q1 1.739 q2 2.423 h 0.722/0.76 slip -2.3/-23.1
  26.07.23/150_2.2_250_3: q1 4.093 q2 0.942 h 0.818/0.81 slip -3.0/-16.8
  26.07.23/150_2.2_500_5: q1 1.894 q2 1.201 h 0.776/0.8 slip -39.7/-30.0
  26.07.23/60_0.75_60_2: q1 2.127 q2 2.562 h 0.871/0.83 slip -31.9/-73.8
  26.07.24/150_2.2_250_3: q1 2.541 q2 2.249 h 0.839/0.76 slip 7.6/17.2
  26.07.24/150_2.2_350_3.5: q1 2.705 q2 3.036 h 0.872/0.79 slip -9.6/28.5
  26.07.24/150_2.2_500_5: q1 2.663 q2 1.983 h 0.760/0.72 slip -21.2/-0.5
  26.07.25/100_1.5_250_3: q1 3.290 q2 3.713 h 0.723/0.76 slip -4.0/-34.8
  26.07.25/120_2_250_3: q1 3.533 q2 3.835 h 0.710/0.75 slip -5.2/-36.0
  26.07.25/150_2.2_250_3: q1 2.870 q2 2.864 h 0.730/0.76 slip -5.6/-45.0
  26.07.25/200_2.5_250_3: q1 2.822 q2 2.391 h 0.740/0.74 slip -6.8/-50.7
  26.07.27/100_1.5_250_3: q1 2.272 q2 3.963 h 0.766/0.82 slip -5.2/-18.7
  26.07.27/120_2_250_3: q1 1.656 q2 3.276 h 0.778/0.81 slip -6.0/-13.4
  26.07.27/150_2.2_250_3: q1 1.204 q2 1.705 h 0.841/0.84 slip -6.7/-15.7
  26.07.27/200_2.5_250_3: q1 1.972 q2 1.356 h 0.852/0.84 slip -7.1/-22.6
  26.07.27/250_3_250_3: q1 1.758 q2 1.114 h 0.875/0.86 slip -8.7/-21.3
  26.07.27/60_2_250_3: q1 1.832 q2 1.888 h 0.802/0.84 slip -0.3/14.9
  26.07.27/80_2_250_3: q1 2.752 q2 3.275 h 0.763/0.83 slip -1.4/-6.7
  26.04.24/120_2.2_150_2.5: q1 3.618 q2 4.822 h 0.755/0.81 slip -2.5/13.1
  26.04.24/120_2.2_200_2.8: q1 3.792 q2 6.683 h 0.711/0.795 slip -1.9/14.9
  26.04.24/120_2_120_2: q1 2.707 q2 3.116 h 0.807/0.84 slip -2.0/6.6
  26.04.24/150_2.2_250_3: q1 2.838 q2 4.967 h 0.705/0.77 slip -2.6/18.2
  26.04.24/150_2.2_350_3.5: q1 3.735 q2 6.928 h 0.675/0.77 slip -3.6/18.6
  26.04.24/150_2.2_500_4: q1 4.522 q2 9.181 h 0.669/0.775 slip -7.8/18.9
  26.04.24/60_0.75_60_2: q1 1.794 q2 4.519 h 0.942/0.9 slip -15.8/-39.7
  26.04.24/60_1.5_60_1.5: q1 1.971 q2 2.089 h 0.908/0.91 slip -12.0/-5.4
  26.04.24/90_0.75_90_2: q1 0.608 q2 2.541 h 0.919/0.894 slip 0.0/-18.6
  26.06.02/120_2_120_2: q1 1.774 q2 2.478 h 0.959/0.94 slip -17.5/3.0
  26.06.02/150_2.2_250_3: q1 1.121 q2 1.053 h 0.866/0.9 slip 7.5/34.3
  26.06.02/150_2.2_500_5: q1 1.889 q2 3.640 h 0.760/None slip 0.9/38.2
  26.06.02/60_0.75_60_2: q1 1.388 q2 1.904 h 0.937/0.94 slip -11.6/-39.2
  26.06.02/60_1.5_60_1.5: q1 2.065 q2 1.027 h 0.933/0.96 slip -11.1/-7.7
  26.06.02/90_0.75_90_2: q1 0.947 q2 1.240 h 0.980/0.98 slip -16.5/-35.2
  26.04.21/P100_D0.75_P100_D2: q1 1.169 q2 2.942 h 0.862/0.85 slip -13.9/-28.3
  26.04.21/P200_D1.5_P200_D4: q1 1.790 q2 2.526 h 0.735/0.79 slip -16.8/-25.6
  26.04.21/P60_D0.75_P60_D2: q1 1.820 q2 4.055 h 0.872/0.86 slip -10.2/-39.3
  26.04.21/P70_D0.75_P70_D2: q1 1.329 q2 1.423 h 0.805/0.85 slip -9.6/-37.5
  26.04.21/P80_D0.75_P80_D2: q1 2.318 q2 5.968 h 0.913/0.89 slip -12.4/-33.9
  26.04.21/P90_D0.75_P90_D2: q1 0.936 q2 2.087 h 0.843/0.86 slip -12.3/-33.7
  26.03.24/P100_D3: q1 2.828 q2 4.675 h 0.676/0.74 slip -2.0/16.4
  26.03.24/P40_D0.7: q1 4.262 q2 10.697 h 0.788/0.8 slip 15.4/-21.4
  26.03.24/P60_D1.5: q1 0.680 q2 3.288 h 0.727/0.77 slip 1.7/-7.8

============================================================================================================
세션            n    q1[°]    q2[°]      dq1      dq2  |h/h_v−1|  slip_sim   slip_기하
26.03.24      3    2.590    6.220    0.921    2.217      0.053       5.0      -4.2   ← held-out/gate
26.04.21      6    1.560    3.167    0.567    1.225      0.033     -12.5     -33.1   ← held-out/gate
26.04.24      9    2.843    4.983    0.952    2.192      0.071      -5.4       3.0
26.06.02      6    1.531    1.890    0.801    1.013      0.018      -8.0      -1.1
26.07.22      5    3.306    1.634    1.770    1.106      0.031      -7.3     -25.9
26.07.23      3    2.705    1.568    1.358    1.006      0.030     -24.9     -40.2
26.07.24      3    2.637    2.422    1.207    1.224      0.088      -7.7      15.1
26.07.25      4    3.129    3.201    1.833    1.303      0.036      -5.4     -41.6
26.07.27      7    1.921    2.368    1.437    1.173      0.038      -5.1     -11.9
전체           46    2.469    3.050    1.205    1.384      0.044                24.6

============================================================================================================
  Ê_MA 0.7257 · Ê_h 0.7657 · Ê_slip 0.8049   →   **J_G = 0.7536**  (p24 = 1.0000)
  게이트(0324·0421 MA q1·q2): PASS
 
### S=1.00 capK=4.0 capH=2.4 
warm-start from previous mshoot best
warm-start from previous fourbar best
보드 실행: tag=G62_1.00_4.0_2.4
  26.07.22/120_2_120_2: q1 3.966 q2 1.518 h 0.854/0.82 slip -2.4/-19.0
  26.07.22/150_2.2_250_3: q1 3.361 q2 1.351 h 0.904/0.85 slip -11.6/-18.8
  26.07.22/150_3.3_500_5: q1 4.717 q2 1.607 h 0.891/0.85 slip -16.3/-21.5
  26.07.22/60_0.75_60_2: q1 2.223 q2 1.731 h 0.750/0.74 slip -4.6/-47.2
  26.07.22/60_1.5_60_1.5: q1 1.553 q2 1.837 h 0.736/0.76 slip -2.2/-23.1
  26.07.23/150_2.2_250_3: q1 4.102 q2 2.314 h 0.836/0.81 slip 5.4/-16.8
  26.07.23/150_2.2_500_5: q1 1.252 q2 1.349 h 0.796/0.8 slip -23.9/-30.0
  26.07.23/60_0.75_60_2: q1 3.164 q2 4.632 h 0.923/0.83 slip -13.0/-73.8
  26.07.24/150_2.2_250_3: q1 2.345 q2 3.475 h 0.860/0.76 slip 12.3/17.2
  26.07.24/150_2.2_350_3.5: q1 2.957 q2 4.035 h 0.898/0.79 slip -3.5/28.5
  26.07.24/150_2.2_500_5: q1 2.645 q2 2.673 h 0.785/0.72 slip -12.4/-0.5
  26.07.25/100_1.5_250_3: q1 3.114 q2 3.082 h 0.734/0.76 slip -3.9/-34.8
  26.07.25/120_2_250_3: q1 3.355 q2 3.233 h 0.720/0.75 slip -5.2/-36.0
  26.07.25/150_2.2_250_3: q1 2.731 q2 2.313 h 0.740/0.76 slip -5.6/-45.0
  26.07.25/200_2.5_250_3: q1 2.705 q2 1.890 h 0.749/0.74 slip -6.8/-50.7
  26.07.27/100_1.5_250_3: q1 1.619 q2 2.433 h 0.790/0.82 slip -5.2/-18.7
  26.07.27/120_2_250_3: q1 1.165 q2 1.660 h 0.801/0.81 slip -5.9/-13.4
  26.07.27/150_2.2_250_3: q1 1.344 q2 0.895 h 0.864/0.84 slip -6.6/-15.7
  26.07.27/200_2.5_250_3: q1 1.614 q2 1.062 h 0.875/0.84 slip -7.1/-22.6
  26.07.27/250_3_250_3: q1 1.747 q2 1.690 h 0.898/0.86 slip -8.7/-21.3
  26.07.27/60_2_250_3: q1 1.383 q2 0.394 h 0.827/0.84 slip 0.3/14.9
  26.07.27/80_2_250_3: q1 2.148 q2 1.776 h 0.788/0.83 slip -1.3/-6.7
  26.04.24/120_2.2_150_2.5: q1 2.902 q2 3.374 h 0.781/0.81 slip -1.7/13.1
  26.04.24/120_2.2_200_2.8: q1 2.240 q2 3.587 h 0.749/0.795 slip -0.5/14.9
  26.04.24/120_2_120_2: q1 1.791 q2 1.572 h 0.832/0.84 slip 0.7/6.6
  26.04.24/150_2.2_250_3: q1 1.397 q2 2.448 h 0.739/0.77 slip 1.0/18.2
  26.04.24/150_2.2_350_3.5: q1 2.219 q2 4.025 h 0.715/0.77 slip -3.5/18.6
  26.04.24/150_2.2_500_4: q1 2.851 q2 5.885 h 0.711/0.775 slip -8.1/18.9
  26.04.24/60_0.75_60_2: q1 2.605 q2 6.957 h 0.956/0.9 slip -11.0/-39.7
  26.04.24/60_1.5_60_1.5: q1 2.218 q2 3.742 h 0.924/0.91 slip -7.4/-5.4
  26.04.24/90_0.75_90_2: q1 1.723 q2 6.639 h 0.932/0.894 slip 13.4/-18.6
  26.06.02/120_2_120_2: q1 1.604 q2 1.788 h 0.975/0.94 slip -16.5/3.0
  26.06.02/150_2.2_250_3: q1 0.994 q2 1.642 h 0.879/0.9 slip 13.2/34.3
  26.06.02/150_2.2_500_5: q1 1.230 q2 2.138 h 0.776/None slip 4.0/38.2
  26.06.02/60_0.75_60_2: q1 1.386 q2 2.666 h 0.955/0.94 slip -9.4/-39.2
  26.06.02/60_1.5_60_1.5: q1 1.534 q2 1.941 h 0.960/0.96 slip -5.5/-7.7
  26.06.02/90_0.75_90_2: q1 0.693 q2 1.579 h 0.997/0.98 slip -16.2/-35.2
  26.04.21/P100_D0.75_P100_D2: q1 2.102 q2 5.510 h 0.879/0.85 slip -10.7/-28.3
  26.04.21/P200_D1.5_P200_D4: q1 1.050 q2 1.655 h 0.758/0.79 slip -17.3/-25.6
  26.04.21/P60_D0.75_P60_D2: q1 2.985 q2 6.965 h 0.902/0.86 slip -9.3/-39.3
  26.04.21/P70_D0.75_P70_D2: q1 1.038 q2 1.657 h 0.831/0.85 slip -9.4/-37.5
  26.04.21/P80_D0.75_P80_D2: q1 4.035 q2 9.925 h 0.934/0.89 slip -7.5/-33.9
  26.04.21/P90_D0.75_P90_D2: q1 1.491 q2 4.462 h 0.867/0.86 slip -11.3/-33.7
  26.03.24/P100_D3: q1 1.053 q2 3.477 h 0.701/0.74 slip 5.1/16.4
  26.03.24/P40_D0.7: q1 6.546 q2 16.290 h 0.794/0.8 slip 31.3/-21.4
  26.03.24/P60_D1.5: q1 1.799 q2 7.191 h 0.744/0.77 slip 14.1/-7.8

============================================================================================================
세션            n    q1[°]    q2[°]      dq1      dq2  |h/h_v−1|  slip_sim   slip_기하
26.03.24      3    3.133    8.986    1.187    2.265      0.031      16.9      -4.2   ← held-out/gate
26.04.21      6    2.117    5.029    0.570    1.307      0.034     -10.9     -33.1   ← held-out/gate
26.04.24      9    2.216    4.248    0.827    1.869      0.046      -1.9       3.0
26.06.02      6    1.240    1.959    0.807    0.989      0.019      -5.1      -1.1
26.07.22      5    3.164    1.609    1.785    1.196      0.040      -7.4     -25.9
26.07.23      3    2.840    2.765    1.501    1.331      0.050     -10.5     -40.2
26.07.24      3    2.649    3.394    1.350    1.532      0.120      -1.2      15.1
26.07.25      4    2.976    2.629    1.822    1.177      0.028      -5.4     -41.6
26.07.27      7    1.575    1.416    1.448    1.029      0.033      -4.9     -11.9
전체           46    2.434    3.559    1.255    1.410      0.041                24.6

============================================================================================================
  Ê_MA 0.7321 · Ê_h 0.7128 · Ê_slip 0.8314   →   **J_G = 0.7462**  (p24 = 1.0000)
  게이트(0324·0421 MA q1·q2): FAIL — 26.04.21/q2: 3.970→5.029
 
### S=1.00 capK=4.0 capH=2.8 
warm-start from previous mshoot best
warm-start from previous fourbar best
보드 실행: tag=G62_1.00_4.0_2.8
  26.07.22/120_2_120_2: q1 3.825 q2 1.767 h 0.863/0.82 slip -2.4/-19.0
  26.07.22/150_2.2_250_3: q1 3.218 q2 1.563 h 0.912/0.85 slip -11.7/-18.8
  26.07.22/150_3.3_500_5: q1 4.544 q2 1.620 h 0.898/0.85 slip -16.3/-21.5
  26.07.22/60_0.75_60_2: q1 1.987 q2 2.112 h 0.759/0.74 slip -4.7/-47.2
  26.07.22/60_1.5_60_1.5: q1 1.303 q2 1.536 h 0.746/0.76 slip -2.3/-23.1
  26.07.23/150_2.2_250_3: q1 3.685 q2 3.211 h 0.846/0.81 slip 6.8/-16.8
  26.07.23/150_2.2_500_5: q1 1.727 q2 1.875 h 0.808/0.8 slip -25.3/-30.0
  26.07.23/60_0.75_60_2: q1 2.400 q2 5.109 h 0.929/0.83 slip -19.4/-73.8
  26.07.24/150_2.2_250_3: q1 2.179 q2 3.915 h 0.870/0.76 slip 13.5/17.2
  26.07.24/150_2.2_350_3.5: q1 3.230 q2 4.398 h 0.907/0.79 slip -4.0/28.5
  26.07.24/150_2.2_500_5: q1 2.967 q2 3.115 h 0.790/0.72 slip -13.3/-0.5
  26.07.25/100_1.5_250_3: q1 2.897 q2 2.781 h 0.741/0.76 slip -4.0/-34.8
  26.07.25/120_2_250_3: q1 3.135 q2 2.911 h 0.727/0.75 slip -5.3/-36.0
  26.07.25/150_2.2_250_3: q1 2.524 q2 1.990 h 0.747/0.76 slip -5.7/-45.0
  26.07.25/200_2.5_250_3: q1 2.515 q2 1.605 h 0.757/0.74 slip -7.1/-50.7
  26.07.27/100_1.5_250_3: q1 1.454 q2 2.150 h 0.797/0.82 slip -5.3/-18.7
  26.07.27/120_2_250_3: q1 1.074 q2 1.380 h 0.809/0.81 slip -6.1/-13.4
  26.07.27/150_2.2_250_3: q1 1.473 q2 1.183 h 0.873/0.84 slip -6.8/-15.7
  26.07.27/200_2.5_250_3: q1 1.571 q2 1.320 h 0.883/0.84 slip -7.3/-22.6
  26.07.27/250_3_250_3: q1 1.813 q2 1.997 h 0.907/0.86 slip -8.9/-21.3
  26.07.27/60_2_250_3: q1 1.315 q2 0.444 h 0.834/0.84 slip 0.6/14.9
  26.07.27/80_2_250_3: q1 1.990 q2 1.536 h 0.795/0.83 slip -1.3/-6.7
  26.04.24/120_2.2_150_2.5: q1 2.323 q2 2.268 h 0.791/0.81 slip -0.8/13.1
  26.04.24/120_2.2_200_2.8: q1 2.239 q2 3.575 h 0.749/0.795 slip -0.5/14.9
  26.04.24/120_2_120_2: q1 1.426 q2 1.561 h 0.838/0.84 slip 2.9/6.6
  26.04.24/150_2.2_250_3: q1 1.398 q2 2.448 h 0.738/0.77 slip 1.0/18.2
  26.04.24/150_2.2_350_3.5: q1 2.221 q2 4.026 h 0.714/0.77 slip -3.5/18.6
  26.04.24/150_2.2_500_4: q1 2.858 q2 5.886 h 0.710/0.775 slip -8.1/18.9
  26.04.24/60_0.75_60_2: q1 3.351 q2 8.381 h 0.966/0.9 slip -7.4/-39.7
  26.04.24/60_1.5_60_1.5: q1 2.969 q2 5.236 h 0.937/0.91 slip -5.0/-5.4
  26.04.24/90_0.75_90_2: q1 2.097 q2 7.334 h 0.938/0.894 slip 15.1/-18.6
  26.06.02/120_2_120_2: q1 1.181 q2 1.047 h 0.993/0.94 slip -17.9/3.0
  26.06.02/150_2.2_250_3: q1 1.306 q2 2.630 h 0.883/0.9 slip 17.7/34.3
  26.06.02/150_2.2_500_5: q1 1.048 q2 1.478 h 0.779/None slip 6.4/38.2
  26.06.02/60_0.75_60_2: q1 1.938 q2 3.513 h 0.973/0.94 slip -10.0/-39.2
  26.06.02/60_1.5_60_1.5: q1 2.398 q2 2.828 h 0.978/0.96 slip -8.0/-7.7
  26.06.02/90_0.75_90_2: q1 0.835 q2 2.490 h 1.015/0.98 slip -16.8/-35.2
  26.04.21/P100_D0.75_P100_D2: q1 2.761 q2 6.612 h 0.889/0.85 slip -9.7/-28.3
  26.04.21/P200_D1.5_P200_D4: q1 0.951 q2 2.071 h 0.772/0.79 slip -17.9/-25.6
  26.04.21/P60_D0.75_P60_D2: q1 3.537 q2 7.829 h 0.914/0.86 slip -9.3/-39.3
  26.04.21/P70_D0.75_P70_D2: q1 1.308 q2 2.398 h 0.847/0.85 slip -9.9/-37.5
  26.04.21/P80_D0.75_P80_D2: q1 4.539 q2 10.749 h 0.941/0.89 slip -6.3/-33.9
  26.04.21/P90_D0.75_P90_D2: q1 2.003 q2 5.297 h 0.879/0.86 slip -11.1/-33.7
  26.03.24/P100_D3: q1 1.022 q2 3.474 h 0.701/0.74 slip 5.0/16.4
  26.03.24/P40_D0.7: q1 6.817 q2 16.671 h 0.797/0.8 slip 31.9/-21.4
  26.03.24/P60_D1.5: q1 1.883 q2 7.241 h 0.746/0.77 slip 13.7/-7.8

============================================================================================================
세션            n    q1[°]    q2[°]      dq1      dq2  |h/h_v−1|  slip_sim   slip_기하
26.03.24      3    3.241    9.128    1.199    2.330      0.029      16.9      -4.2   ← held-out/gate
26.04.21      6    2.516    5.826    0.617    1.380      0.036     -10.7     -33.1   ← held-out/gate
26.04.24      9    2.320    4.524    0.847    1.889      0.048      -0.7       3.0
26.06.02      6    1.451    2.331    0.844    1.082      0.033      -4.8      -1.1
26.07.22      5    2.975    1.720    1.801    1.272      0.045      -7.5     -25.9
26.07.23      3    2.604    3.398    1.478    1.489      0.058     -12.6     -40.2
26.07.24      3    2.792    3.809    1.358    1.680      0.130      -1.3      15.1
26.07.25      4    2.768    2.322    1.788    1.093      0.024      -5.5     -41.6
26.07.27      7    1.527    1.430    1.436    1.008      0.032      -5.0     -11.9
전체           46    2.466    3.832    1.263    1.469      0.045                24.6

============================================================================================================
  Ê_MA 0.7539 · Ê_h 0.7713 · Ê_slip 0.8185   →   **J_G = 0.7721**  (p24 = 1.0000)
  게이트(0324·0421 MA q1·q2): FAIL — 26.04.21/q1: 2.258→2.516 · 26.04.21/q2: 3.970→5.826
 
### S=1.00 capK=3.8 capH=2.4 
warm-start from previous mshoot best
warm-start from previous fourbar best
보드 실행: tag=G62_1.00_3.8_2.4
  26.07.22/120_2_120_2: q1 4.105 q2 1.238 h 0.842/0.82 slip -2.4/-19.0
  26.07.22/150_2.2_250_3: q1 3.476 q2 1.223 h 0.892/0.85 slip -11.4/-18.8
  26.07.22/150_3.3_500_5: q1 4.868 q2 1.781 h 0.879/0.85 slip -16.0/-21.5
  26.07.22/60_0.75_60_2: q1 2.445 q2 1.315 h 0.738/0.74 slip -4.5/-47.2
  26.07.22/60_1.5_60_1.5: q1 1.780 q2 2.303 h 0.724/0.76 slip -2.2/-23.1
  26.07.23/150_2.2_250_3: q1 4.367 q2 1.208 h 0.823/0.81 slip 0.8/-16.8
  26.07.23/150_2.2_500_5: q1 1.189 q2 1.140 h 0.781/0.8 slip -28.6/-30.0
  26.07.23/60_0.75_60_2: q1 3.209 q2 3.514 h 0.899/0.83 slip -16.3/-73.8
  26.07.24/150_2.2_250_3: q1 2.500 q2 2.641 h 0.845/0.76 slip 9.5/17.2
  26.07.24/150_2.2_350_3.5: q1 2.652 q2 3.348 h 0.881/0.79 slip -5.5/28.5
  26.07.24/150_2.2_500_5: q1 2.397 q2 2.158 h 0.768/0.72 slip -14.1/-0.5
  26.07.25/100_1.5_250_3: q1 3.312 q2 3.550 h 0.725/0.76 slip -3.8/-34.8
  26.07.25/120_2_250_3: q1 3.555 q2 3.696 h 0.712/0.75 slip -5.1/-36.0
  26.07.25/150_2.2_250_3: q1 2.907 q2 2.754 h 0.731/0.76 slip -5.5/-45.0
  26.07.25/200_2.5_250_3: q1 2.862 q2 2.293 h 0.741/0.74 slip -6.7/-50.7
  26.07.27/100_1.5_250_3: q1 2.020 q2 3.324 h 0.775/0.82 slip -5.1/-18.7
  26.07.27/120_2_250_3: q1 1.452 q2 2.607 h 0.785/0.81 slip -5.8/-13.4
  26.07.27/150_2.2_250_3: q1 1.183 q2 1.081 h 0.849/0.84 slip -6.6/-15.7
  26.07.27/200_2.5_250_3: q1 1.803 q2 0.905 h 0.859/0.84 slip -7.0/-22.6
  26.07.27/250_3_250_3: q1 1.687 q2 0.973 h 0.883/0.86 slip -8.6/-21.3
  26.07.27/60_2_250_3: q1 1.625 q2 1.158 h 0.811/0.84 slip -0.1/14.9
  26.07.27/80_2_250_3: q1 2.521 q2 2.636 h 0.772/0.83 slip -1.3/-6.7
  26.04.24/120_2.2_150_2.5: q1 3.556 q2 4.687 h 0.763/0.81 slip -2.3/13.1
  26.04.24/120_2.2_200_2.8: q1 3.002 q2 5.119 h 0.732/0.795 slip -1.8/14.9
  26.04.24/120_2_120_2: q1 2.465 q2 2.629 h 0.816/0.84 slip -1.5/6.6
  26.04.24/150_2.2_250_3: q1 2.086 q2 3.576 h 0.724/0.77 slip -2.1/18.2
  26.04.24/150_2.2_350_3.5: q1 2.968 q2 5.436 h 0.696/0.77 slip -3.6/18.6
  26.04.24/150_2.2_500_4: q1 3.687 q2 7.535 h 0.691/0.775 slip -8.0/18.9
  26.04.24/60_0.75_60_2: q1 1.854 q2 5.105 h 0.943/0.9 slip -14.4/-39.7
  26.04.24/60_1.5_60_1.5: q1 1.737 q2 2.316 h 0.910/0.91 slip -10.2/-5.4
  26.04.24/90_0.75_90_2: q1 0.840 q2 4.165 h 0.924/0.894 slip 4.5/-18.6
  26.06.02/120_2_120_2: q1 1.970 q2 2.591 h 0.958/0.94 slip -16.2/3.0
  26.06.02/150_2.2_250_3: q1 1.001 q2 1.011 h 0.872/0.9 slip 7.8/34.3
  26.06.02/150_2.2_500_5: q1 1.709 q2 3.346 h 0.767/None slip 1.0/38.2
  26.06.02/60_0.75_60_2: q1 1.094 q2 1.897 h 0.937/0.94 slip -9.4/-39.2
  26.06.02/60_1.5_60_1.5: q1 1.222 q2 1.243 h 0.942/0.96 slip -5.7/-7.7
  26.06.02/90_0.75_90_2: q1 1.008 q2 1.211 h 0.979/0.98 slip -16.1/-35.2
  26.04.21/P100_D0.75_P100_D2: q1 1.314 q2 3.699 h 0.866/0.85 slip -13.2/-28.3
  26.04.21/P200_D1.5_P200_D4: q1 1.639 q2 2.191 h 0.740/0.79 slip -16.7/-25.6
  26.04.21/P60_D0.75_P60_D2: q1 2.126 q2 5.092 h 0.881/0.86 slip -9.7/-39.3
  26.04.21/P70_D0.75_P70_D2: q1 1.214 q2 1.259 h 0.810/0.85 slip -9.3/-37.5
  26.04.21/P80_D0.75_P80_D2: q1 2.951 q2 7.593 h 0.920/0.89 slip -10.6/-33.9
  26.04.21/P90_D0.75_P90_D2: q1 0.950 q2 2.859 h 0.849/0.86 slip -11.9/-33.7
  26.03.24/P100_D3: q1 1.864 q2 3.362 h 0.690/0.74 slip 1.0/16.4
  26.03.24/P40_D0.7: q1 5.256 q2 13.243 h 0.790/0.8 slip 23.4/-21.4
  26.03.24/P60_D1.5: q1 0.759 q2 4.924 h 0.733/0.77 slip 8.5/-7.8

============================================================================================================
세션            n    q1[°]    q2[°]      dq1      dq2  |h/h_v−1|  slip_sim   slip_기하
26.03.24      3    2.626    7.176    1.010    2.112      0.043      10.9      -4.2   ← held-out/gate
26.04.21      6    1.699    3.782    0.547    1.250      0.033     -11.9     -33.1   ← held-out/gate
26.04.24      9    2.466    4.507    0.880    2.036      0.057      -4.4       3.0
26.06.02      6    1.334    1.883    0.790    1.011      0.015      -6.4      -1.1
26.07.22      5    3.335    1.572    1.770    1.118      0.032      -7.3     -25.9
26.07.23      3    2.922    1.954    1.444    1.119      0.041     -14.7     -40.2
26.07.24      3    2.516    2.715    1.274    1.325      0.098      -3.3      15.1
26.07.25      4    3.159    3.073    1.845    1.287      0.034      -5.3     -41.6
26.07.27      7    1.756    1.812    1.447    1.108      0.036      -4.9     -11.9
전체           46    2.424    3.164    1.223    1.374      0.042                24.6

============================================================================================================
  Ê_MA 0.7185 · Ê_h 0.7212 · Ê_slip 0.8191   →   **J_G = 0.7395**  (p24 = 1.0000)
  게이트(0324·0421 MA q1·q2): PASS
 
### S=1.00 capK=3.8 capH=2.8 
warm-start from previous mshoot best
warm-start from previous fourbar best
보드 실행: tag=G62_1.00_3.8_2.8
  26.07.22/120_2_120_2: q1 3.952 q2 1.410 h 0.850/0.82 slip -2.5/-19.0
  26.07.22/150_2.2_250_3: q1 3.319 q2 1.319 h 0.901/0.85 slip -11.4/-18.8
  26.07.22/150_3.3_500_5: q1 4.688 q2 1.712 h 0.887/0.85 slip -16.0/-21.5
  26.07.22/60_0.75_60_2: q1 2.182 q2 1.611 h 0.747/0.74 slip -4.7/-47.2
  26.07.22/60_1.5_60_1.5: q1 1.511 q2 1.952 h 0.734/0.76 slip -2.3/-23.1
  26.07.23/150_2.2_250_3: q1 3.903 q2 2.086 h 0.832/0.81 slip 2.6/-16.8
  26.07.23/150_2.2_500_5: q1 1.715 q2 1.356 h 0.794/0.8 slip -30.4/-30.0
  26.07.23/60_0.75_60_2: q1 2.252 q2 3.817 h 0.901/0.83 slip -25.3/-73.8
  26.07.24/150_2.2_250_3: q1 2.266 q2 3.043 h 0.855/0.76 slip 10.0/17.2
  26.07.24/150_2.2_350_3.5: q1 2.937 q2 3.678 h 0.890/0.79 slip -6.3/28.5
  26.07.24/150_2.2_500_5: q1 2.701 q2 2.432 h 0.777/0.72 slip -15.3/-0.5
  26.07.25/100_1.5_250_3: q1 3.090 q2 3.247 h 0.732/0.76 slip -4.0/-34.8
  26.07.25/120_2_250_3: q1 3.331 q2 3.372 h 0.719/0.75 slip -5.3/-36.0
  26.07.25/150_2.2_250_3: q1 2.692 q2 2.423 h 0.739/0.76 slip -5.7/-45.0
  26.07.25/200_2.5_250_3: q1 2.663 q2 1.988 h 0.748/0.74 slip -6.9/-50.7
  26.07.27/100_1.5_250_3: q1 1.839 q2 3.040 h 0.782/0.82 slip -5.3/-18.7
  26.07.27/120_2_250_3: q1 1.298 q2 2.312 h 0.793/0.81 slip -6.0/-13.4
  26.07.27/150_2.2_250_3: q1 1.209 q2 0.931 h 0.857/0.84 slip -6.8/-15.7
  26.07.27/200_2.5_250_3: q1 1.705 q2 0.920 h 0.868/0.84 slip -7.2/-22.6
  26.07.27/250_3_250_3: q1 1.686 q2 1.178 h 0.891/0.86 slip -8.8/-21.3
  26.07.27/60_2_250_3: q1 1.507 q2 0.935 h 0.819/0.84 slip 0.0/14.9
  26.07.27/80_2_250_3: q1 2.354 q2 2.392 h 0.779/0.83 slip -1.4/-6.7
  26.04.24/120_2.2_150_2.5: q1 2.952 q2 3.464 h 0.774/0.81 slip -2.0/13.1
  26.04.24/120_2.2_200_2.8: q1 3.001 q2 5.106 h 0.731/0.795 slip -1.8/14.9
  26.04.24/120_2_120_2: q1 2.029 q2 1.876 h 0.824/0.84 slip -0.1/6.6
  26.04.24/150_2.2_250_3: q1 2.087 q2 3.574 h 0.723/0.77 slip -2.1/18.2
  26.04.24/150_2.2_350_3.5: q1 2.970 q2 5.436 h 0.695/0.77 slip -3.6/18.6
  26.04.24/150_2.2_500_4: q1 3.694 q2 7.536 h 0.690/0.775 slip -8.0/18.9
  26.04.24/60_0.75_60_2: q1 2.545 q2 6.447 h 0.954/0.9 slip -11.7/-39.7
  26.04.24/60_1.5_60_1.5: q1 2.334 q2 3.506 h 0.923/0.91 slip -8.0/-5.4
  26.04.24/90_0.75_90_2: q1 1.132 q2 4.803 h 0.931/0.894 slip 5.7/-18.6
  26.06.02/120_2_120_2: q1 1.437 q2 1.642 h 0.977/0.94 slip -17.7/3.0
  26.06.02/150_2.2_250_3: q1 1.098 q2 1.516 h 0.876/0.9 slip 11.9/34.3
  26.06.02/150_2.2_500_5: q1 1.406 q2 2.424 h 0.770/None slip 3.3/38.2
  26.06.02/60_0.75_60_2: q1 1.707 q2 2.690 h 0.955/0.94 slip -11.6/-39.2
  26.06.02/60_1.5_60_1.5: q1 2.155 q2 1.862 h 0.957/0.96 slip -9.2/-7.7
  26.06.02/90_0.75_90_2: q1 0.723 q2 1.643 h 0.997/0.98 slip -16.6/-35.2
  26.04.21/P100_D0.75_P100_D2: q1 1.916 q2 4.708 h 0.877/0.85 slip -12.6/-28.3
  26.04.21/P200_D1.5_P200_D4: q1 1.179 q2 1.614 h 0.754/0.79 slip -17.3/-25.6
  26.04.21/P60_D0.75_P60_D2: q1 2.650 q2 5.896 h 0.895/0.86 slip -10.1/-39.3
  26.04.21/P70_D0.75_P70_D2: q1 1.107 q2 1.301 h 0.826/0.85 slip -9.8/-37.5
  26.04.21/P80_D0.75_P80_D2: q1 3.437 q2 8.344 h 0.928/0.89 slip -10.0/-33.9
  26.04.21/P90_D0.75_P90_D2: q1 1.283 q2 3.549 h 0.862/0.86 slip -12.2/-33.7
  26.03.24/P100_D3: q1 1.825 q2 3.363 h 0.691/0.74 slip 0.4/16.4
  26.03.24/P40_D0.7: q1 5.521 q2 13.562 h 0.794/0.8 slip 22.5/-21.4
  26.03.24/P60_D1.5: q1 0.810 q2 4.939 h 0.736/0.77 slip 7.2/-7.8

============================================================================================================
세션            n    q1[°]    q2[°]      dq1      dq2  |h/h_v−1|  slip_sim   slip_기하
26.03.24      3    2.719    7.288    1.019    2.162      0.039      10.0      -4.2   ← held-out/gate
26.04.21      6    1.929    4.235    0.550    1.221      0.032     -12.0     -33.1   ← held-out/gate
26.04.24      9    2.527    4.639    0.879    2.009      0.059      -3.5       3.0
26.06.02      6    1.421    1.963    0.805    1.000      0.021      -6.7      -1.1
26.07.22      5    3.130    1.601    1.783    1.178      0.037      -7.4     -25.9
26.07.23      3    2.623    2.420    1.398    1.226      0.040     -17.7     -40.2
26.07.24      3    2.635    3.051    1.260    1.447      0.110      -3.9      15.1
26.07.25      4    2.944    2.757    1.809    1.191      0.030      -5.5     -41.6
26.07.27      7    1.657    1.672    1.430    1.063      0.035      -5.1     -11.9
전체           46    2.398    3.292    1.215    1.389      0.043                24.6

============================================================================================================
  Ê_MA 0.7180 · Ê_h 0.7433 · Ê_slip 0.8028   →   **J_G = 0.7426**  (p24 = 1.0000)
  게이트(0324·0421 MA q1·q2): FAIL — 26.04.21/q2: 3.970→4.235
=== done === 
