===== 05ms sweep start 2026-07-19 20:00:17.11 =====
===== t0_train_long.py fix:24:0.5 =====
warm-start from previous mshoot best
warm-start from previous fourbar best
setup done [2s] — clip=25.581 law=(-0.3823, 0.6301, 7.2968) c_cvt=0.7926 k_rise=0.2656 tm=1.31ms n429=10
  golden A — 0429/60_0.75_60_2    : dq2 RMSE=1.8560
  golden A — 0429/60_1.5_60_1.5   : dq2 RMSE=2.1339
  golden A — 0429/90_0.75_90_2    : dq2 RMSE=2.3594
  golden A — 0429/90_1.5_90_2.5   : dq2 RMSE=2.3440
  golden A — 0429/120_2_120_2     : dq2 RMSE=2.4115
  golden A — 0429/120_2.2_150_2.5 : dq2 RMSE=2.4855
  golden A — 0429/120_2.2_200_2.8 : dq2 RMSE=2.3865
  golden A — 0429/150_2.2_250_3   : dq2 RMSE=3.3899
  golden A — 0429/150_2.2_350_3.5 : dq2 RMSE=3.7922
  golden A — 0429/150_2.2_500_4   : dq2 RMSE=2.8979
  golden A — session mean 2.6057 (canonical 2.6057) PASS
  golden B — 0429/60_0.75_60_2 env vs cl_run23(is_cvt, l_i=25.08, clip=25.581) max|Δ|=0.000e+00 PASS
GOLDEN PASS (A: 0429 재생 세션평균 / B: env CVT 스텝 비트일치, clip=25.581)
[dev] NVIDIA GeForce RTX 5080 (hid 128): 400 mb-updates cpu 0.230s / gpu 0.246s → 2x128 넷이 작아 CPU가 빠름 (물리 스텝이 병목) — CPU 사용
[bc] teacher t0wc_cl_li24.npz (li=24.0): 1200 pairs, replay apex=1.071 (teacher h=1.085)
[bc] fit: MSE 0.3796 → 0.000598 (4000 iters)
[bc] det-eval h: {'24': 0.8815}
warm-start from previous mshoot best
warm-start from previous fourbar best
warm-start from previous mshoot best
warm-start from previous fourbar best
warm-start from previous mshoot best
warm-start from previous fourbar best
warm-start from previous mshoot best
warm-start from previous fourbar best
warm-start from previous mshoot best
warm-start from previous fourbar best
warm-start from previous mshoot best
warm-start from previous fourbar best
warm-start from previous mshoot best
warm-start from previous fourbar best
warm-start from previous mshoot best
warm-start from previous fourbar best
setup done [3s] — clip=25.581 law=(-0.3823, 0.6301, 7.2968) c_cvt=0.7926 k_rise=0.2656 tm=1.31ms n429=10
setup done [3s] — clip=25.581 law=(-0.3823, 0.6301, 7.2968) c_cvt=0.7926 k_rise=0.2656 tm=1.31ms n429=10
setup done [3s] — clip=25.581 law=(-0.3823, 0.6301, 7.2968) c_cvt=0.7926 k_rise=0.2656 tm=1.31ms n429=10
setup done [3s] — clip=25.581 law=(-0.3823, 0.6301, 7.2968) c_cvt=0.7926 k_rise=0.2656 tm=1.31ms n429=10
setup done [3s] — clip=25.581 law=(-0.3823, 0.6301, 7.2968) c_cvt=0.7926 k_rise=0.2656 tm=1.31ms n429=10
setup done [3s] — clip=25.581 law=(-0.3823, 0.6301, 7.2968) c_cvt=0.7926 k_rise=0.2656 tm=1.31ms n429=10
setup done [3s] — clip=25.581 law=(-0.3823, 0.6301, 7.2968) c_cvt=0.7926 k_rise=0.2656 tm=1.31ms n429=10
setup done [3s] — clip=25.581 law=(-0.3823, 0.6301, 7.2968) c_cvt=0.7926 k_rise=0.2656 tm=1.31ms n429=10
[mp] 8 workers × 2 envs = 16 — ready [15s]
PPO start — 11718 updates × batch 8192 (dev cpu, clip=25.581)
up   10 steps   0.08M  ret -0.396  apex 0.890  det h(24) 0.881 mean 0.8815 (best 0.8815)  sps 15148  std [0.4 0.4]  [VF-warm]
up   20 steps   0.16M  ret -0.402  apex 0.842  det h(24) 0.881 mean 0.8815 (best 0.8815)  sps 14920  std [0.4 0.4]  [VF-warm]
up   30 steps   0.25M  ret -0.381  apex 0.803  det h(24) 0.289 mean 0.2890 (best 0.8815)  sps 10093  std [0.386 0.401]
up   40 steps   0.33M  ret -0.074  apex 0.803  det h(24) 0.350 mean 0.3499 (best 0.8815)  sps 10375  std [0.366 0.367]
up   50 steps   0.41M  ret  0.461  apex 0.803  det h(24) 0.594 mean 0.5936 (best 0.8815)  sps 10201  std [0.363 0.372]
up   60 steps   0.49M  ret  1.178  apex 0.803  det h(24) 0.664 mean 0.6639 (best 0.8815)  sps 10240  std [0.345 0.347]
up   70 steps   0.57M  ret  1.499  apex 0.803  det h(24) 0.670 mean 0.6703 (best 0.8815)  sps 10555  std [0.331 0.324]
up   80 steps   0.66M  ret  1.429  apex 0.803  det h(24) 0.659 mean 0.6586 (best 0.8815)  sps 10265  std [0.326 0.32 ]
up   90 steps   0.74M  ret  1.303  apex 0.803  det h(24) 0.672 mean 0.6723 (best 0.8815)  sps 10442  std [0.318 0.318]
up  100 steps   0.82M  ret  1.343  apex 0.803  det h(24) 0.695 mean 0.6947 (best 0.8815)  sps 10433  std [0.326 0.32 ]
up  110 steps   0.90M  ret  1.461  apex 0.803  det h(24) 0.695 mean 0.6948 (best 0.8815)  sps 10345  std [0.329 0.328]
up  120 steps   0.98M  ret  1.644  apex 0.803  det h(24) 0.711 mean 0.7108 (best 0.8815)  sps 10567  std [0.344 0.321]
up  130 steps   1.06M  ret  1.710  apex 0.803  det h(24) 0.709 mean 0.7087 (best 0.8815)  sps 10545  std [0.357 0.294]
up  140 steps   1.15M  ret  1.753  apex 0.803  det h(24) 0.745 mean 0.7446 (best 0.8815)  sps 10297  std [0.343 0.289]
up  150 steps   1.23M  ret  1.867  apex 0.803  det h(24) 0.751 mean 0.7508 (best 0.8815)  sps 10505  std [0.323 0.287]
up  160 steps   1.31M  ret  1.946  apex 0.803  det h(24) 0.760 mean 0.7604 (best 0.8815)  sps 10470  std [0.306 0.292]
up  170 steps   1.39M  ret  1.995  apex 0.803  det h(24) 0.781 mean 0.7806 (best 0.8815)  sps 10428  std [0.303 0.287]
up  180 steps   1.47M  ret  2.053  apex 0.803  det h(24) 0.791 mean 0.7908 (best 0.8815)  sps 10442  std [0.281 0.268]
up  190 steps   1.56M  ret  2.126  apex 0.803  det h(24) 0.806 mean 0.8063 (best 0.8815)  sps 10474  std [0.278 0.267]
up  200 steps   1.64M  ret  2.018  apex 0.803  det h(24) 0.809 mean 0.8094 (best 0.8815)  sps 10483  std [0.295 0.3  ]
up  210 steps   1.72M  ret  2.114  apex 0.803  det h(24) 0.807 mean 0.8069 (best 0.8815)  sps 10405  std [0.286 0.293]
up  220 steps   1.80M  ret  2.139  apex 0.803  det h(24) 0.802 mean 0.8024 (best 0.8815)  sps 10342  std [0.286 0.274]
up  230 steps   1.88M  ret  2.175  apex 0.799  det h(24) 0.809 mean 0.8089 (best 0.8815)  sps 10403  std [0.295 0.266]
up  240 steps   1.97M  ret  2.195  apex 0.797  det h(24) 0.820 mean 0.8196 (best 0.8815)  sps 10387  std [0.291 0.25 ]
up  250 steps   2.05M  ret  2.294  apex 0.797  det h(24) 0.841 mean 0.8409 (best 0.8815)  sps 10582  std [0.297 0.259]
up  260 steps   2.13M  ret  2.281  apex 0.797  det h(24) 0.830 mean 0.8298 (best 0.8815)  sps 10332  std [0.28  0.268]
up  270 steps   2.21M  ret  2.321  apex 0.797  det h(24) 0.833 mean 0.8333 (best 0.8815)  sps 10396  std [0.281 0.266]
up  280 steps   2.29M  ret  2.340  apex 0.797  det h(24) 0.846 mean 0.8462 (best 0.8815)  sps 10304  std [0.272 0.252]
up  290 steps   2.38M  ret  2.383  apex 0.801  det h(24) 0.855 mean 0.8554 (best 0.8815)  sps 10462  std [0.27 0.25]
up  300 steps   2.46M  ret  2.756  apex 0.847  det h(24) 0.860 mean 0.8599 (best 0.8815)  sps 10403  std [0.265 0.251]
up  310 steps   2.54M  ret  2.962  apex 0.858  det h(24) 0.862 mean 0.8624 (best 0.8815)  sps 10535  std [0.268 0.265]
up  320 steps   2.62M  ret  2.935  apex 0.859  det h(24) 0.859 mean 0.8586 (best 0.8815)  sps 10609  std [0.255 0.269]
up  330 steps   2.70M  ret  2.917  apex 0.856  det h(24) 0.862 mean 0.8616 (best 0.8815)  sps 10423  std [0.262 0.25 ]
up  340 steps   2.79M  ret  2.991  apex 0.863  det h(24) 0.874 mean 0.8735 (best 0.8815)  sps 10446  std [0.251 0.25 ]
up  350 steps   2.87M  ret  3.028  apex 0.872  det h(24) 0.874 mean 0.8735 (best 0.8815)  sps 10444  std [0.25  0.252]
up  360 steps   2.95M  ret  3.032  apex 0.871  det h(24) 0.871 mean 0.8708 (best 0.8815)  sps 10485  std [0.25  0.254]
up  370 steps   3.03M  ret  3.017  apex 0.868  det h(24) 0.869 mean 0.8688 (best 0.8815)  sps 10479  std [0.25  0.265]
up  380 steps   3.11M  ret  2.921  apex 0.867  det h(24) 0.864 mean 0.8639 (best 0.8815)  sps 10361  std [0.284 0.29 ]
up  390 steps   3.19M  ret  2.938  apex 0.857  det h(24) 0.850 mean 0.8503 (best 0.8815)  sps 10466  std [0.277 0.287]
up  400 steps   3.28M  ret  2.921  apex 0.847  det h(24) 0.851 mean 0.8512 (best 0.8815)  sps 10408  std [0.267 0.29 ]
up  410 steps   3.36M  ret  2.885  apex 0.847  det h(24) 0.848 mean 0.8476 (best 0.8815)  sps 10537  std [0.291 0.297]
up  420 steps   3.44M  ret  2.787  apex 0.840  det h(24) 0.844 mean 0.8436 (best 0.8815)  sps 10494  std [0.284 0.296]
up  430 steps   3.52M  ret  2.863  apex 0.836  det h(24) 0.832 mean 0.8323 (best 0.8815)  sps 10528  std [0.285 0.296]
up  440 steps   3.60M  ret  2.832  apex 0.830  det h(24) 0.839 mean 0.8389 (best 0.8815)  sps 10405  std [0.273 0.28 ]
up  450 steps   3.69M  ret  2.833  apex 0.832  det h(24) 0.827 mean 0.8274 (best 0.8815)  sps 10530  std [0.275 0.287]
up  460 steps   3.77M  ret  2.658  apex 0.828  det h(24) 0.834 mean 0.8336 (best 0.8815)  sps 10603  std [0.305 0.305]
up  470 steps   3.85M  ret  2.641  apex 0.830  det h(24) 0.840 mean 0.8400 (best 0.8815)  sps 10339  std [0.314 0.309]
up  480 steps   3.93M  ret  2.578  apex 0.835  det h(24) 0.838 mean 0.8383 (best 0.8815)  sps 10490  std [0.337 0.323]
up  490 steps   4.01M  ret  2.578  apex 0.836  det h(24) 0.831 mean 0.8310 (best 0.8815)  sps 10592  std [0.38  0.326]
up  500 steps   4.10M  ret  2.318  apex 0.836  det h(24) 0.830 mean 0.8297 (best 0.8815)  sps 10437  std [0.399 0.332]
up  510 steps   4.18M  ret  2.467  apex 0.837  det h(24) 0.840 mean 0.8405 (best 0.8815)  sps 10553  std [0.388 0.345]
up  520 steps   4.26M  ret  2.831  apex 0.838  det h(24) 0.841 mean 0.8411 (best 0.8815)  sps 10591  std [0.375 0.353]
up  530 steps   4.34M  ret  2.839  apex 0.832  det h(24) 0.830 mean 0.8297 (best 0.8815)  sps 10512  std [0.358 0.365]
up  540 steps   4.42M  ret  2.715  apex 0.826  det h(24) 0.818 mean 0.8181 (best 0.8815)  sps 10665  std [0.376 0.376]
up  550 steps   4.51M  ret  2.655  apex 0.815  det h(24) 0.814 mean 0.8139 (best 0.8815)  sps 10425  std [0.403 0.358]
up  560 steps   4.59M  ret  2.654  apex 0.811  det h(24) 0.817 mean 0.8166 (best 0.8815)  sps 10500  std [0.421 0.388]
up  570 steps   4.67M  ret  2.677  apex 0.807  det h(24) 0.815 mean 0.8149 (best 0.8815)  sps 10483  std [0.436 0.384]
up  580 steps   4.75M  ret  2.716  apex 0.809  det h(24) 0.815 mean 0.8153 (best 0.8815)  sps 10574  std [0.45  0.355]
up  590 steps   4.83M  ret  2.713  apex 0.808  det h(24) 0.820 mean 0.8200 (best 0.8815)  sps 10687  std [0.405 0.329]
up  600 steps   4.92M  ret  2.773  apex 0.817  det h(24) 0.821 mean 0.8213 (best 0.8815)  sps 10464  std [0.368 0.312]
up  610 steps   5.00M  ret  2.797  apex 0.821  det h(24) 0.821 mean 0.8214 (best 0.8815)  sps 10446  std [0.344 0.292]
up  620 steps   5.08M  ret  2.795  apex 0.820  det h(24) 0.815 mean 0.8147 (best 0.8815)  sps 10544  std [0.313 0.285]
up  630 steps   5.16M  ret  2.798  apex 0.820  det h(24) 0.827 mean 0.8274 (best 0.8815)  sps 10553  std [0.273 0.269]
up  640 steps   5.24M  ret  2.840  apex 0.828  det h(24) 0.827 mean 0.8271 (best 0.8815)  sps 10467  std [0.258 0.256]
up  650 steps   5.32M  ret  2.817  apex 0.825  det h(24) 0.853 mean 0.8531 (best 0.8815)  sps 10476  std [0.254 0.26 ]
up  660 steps   5.41M  ret  2.930  apex 0.849  det h(24) 0.858 mean 0.8584 (best 0.8815)  sps 10421  std [0.252 0.253]
up  670 steps   5.49M  ret  2.969  apex 0.855  det h(24) 0.858 mean 0.8579 (best 0.8815)  sps 10560  std [0.25  0.255]
up  680 steps   5.57M  ret  2.984  apex 0.858  det h(24) 0.863 mean 0.8631 (best 0.8815)  sps 10528  std [0.251 0.254]
up  690 steps   5.65M  ret  3.006  apex 0.863  det h(24) 0.874 mean 0.8745 (best 0.8815)  sps 10424  std [0.254 0.262]
up  700 steps   5.73M  ret  3.029  apex 0.878  det h(24) 0.899 mean 0.8990 (best 0.8990)  sps 10523  std [0.253 0.282]
up  710 steps   5.82M  ret  3.143  apex 0.898  det h(24) 0.902 mean 0.9022 (best 0.9022)  sps 10539  std [0.252 0.259]
up  720 steps   5.90M  ret  3.190  apex 0.901  det h(24) 0.900 mean 0.8998 (best 0.9022)  sps 10548  std [0.25 0.25]
up  730 steps   5.98M  ret  3.156  apex 0.900  det h(24) 0.897 mean 0.8967 (best 0.9022)  sps 10535  std [0.253 0.252]
up  740 steps   6.06M  ret  3.106  apex 0.892  det h(24) 0.905 mean 0.9053 (best 0.9053)  sps 10420  std [0.271 0.265]
up  750 steps   6.14M  ret  3.177  apex 0.901  det h(24) 0.910 mean 0.9102 (best 0.9102)  sps 10401  std [0.258 0.259]
up  760 steps   6.23M  ret  3.231  apex 0.908  det h(24) 0.913 mean 0.9131 (best 0.9131)  sps 10574  std [0.25 0.25]
up  770 steps   6.31M  ret  3.169  apex 0.912  det h(24) 0.916 mean 0.9159 (best 0.9159)  sps 10620  std [0.27  0.266]
up  780 steps   6.39M  ret  3.206  apex 0.912  det h(24) 0.899 mean 0.8986 (best 0.9159)  sps 10417  std [0.271 0.253]
up  790 steps   6.47M  ret  3.170  apex 0.895  det h(24) 0.886 mean 0.8864 (best 0.9159)  sps 10371  std [0.271 0.254]
up  800 steps   6.55M  ret  2.798  apex 0.891  det h(24) 0.881 mean 0.8811 (best 0.9159)  sps 10376  std [0.305 0.264]
up  810 steps   6.64M  ret  2.615  apex 0.891  det h(24) 0.884 mean 0.8840 (best 0.9159)  sps 10475  std [0.32  0.268]
up  820 steps   6.72M  ret  2.610  apex 0.891  det h(24) 0.882 mean 0.8817 (best 0.9159)  sps 10442  std [0.3   0.276]
up  830 steps   6.80M  ret  2.611  apex 0.891  det h(24) 0.890 mean 0.8898 (best 0.9159)  sps 10472  std [0.311 0.289]
up  840 steps   6.88M  ret  2.650  apex 0.890  det h(24) 0.897 mean 0.8969 (best 0.9159)  sps 10486  std [0.316 0.31 ]
up  850 steps   6.96M  ret  2.769  apex 0.893  det h(24) 0.918 mean 0.9177 (best 0.9177)  sps 10663  std [0.302 0.304]
up  860 steps   7.05M  ret  3.198  apex 0.911  det h(24) 0.916 mean 0.9163 (best 0.9177)  sps 10493  std [0.295 0.307]
up  870 steps   7.13M  ret  2.835  apex 0.914  det h(24) 0.912 mean 0.9115 (best 0.9177)  sps 10558  std [0.314 0.343]
up  880 steps   7.21M  ret  2.754  apex 0.914  det h(24) 0.911 mean 0.9107 (best 0.9177)  sps 10394  std [0.33  0.355]
up  890 steps   7.29M  ret  2.695  apex 0.914  det h(24) 0.907 mean 0.9073 (best 0.9177)  sps 10513  std [0.333 0.363]
up  900 steps   7.37M  ret  2.727  apex 0.914  det h(24) 0.906 mean 0.9062 (best 0.9177)  sps 10410  std [0.321 0.356]
up  910 steps   7.45M  ret  2.676  apex 0.914  det h(24) 0.908 mean 0.9078 (best 0.9177)  sps 10317  std [0.319 0.373]
up  920 steps   7.54M  ret  2.682  apex 0.914  det h(24) 0.910 mean 0.9098 (best 0.9177)  sps 10514  std [0.323 0.372]
up  930 steps   7.62M  ret  2.785  apex 0.914  det h(24) 0.945 mean 0.9449 (best 0.9449)  sps 10505  std [0.319 0.355]
up  940 steps   7.70M  ret  2.903  apex 0.914  det h(24) 0.951 mean 0.9510 (best 0.9510)  sps 10700  std [0.326 0.348]
up  950 steps   7.78M  ret  2.926  apex 0.914  det h(24) 0.958 mean 0.9577 (best 0.9577)  sps 10445  std [0.315 0.341]
up  960 steps   7.86M  ret  3.160  apex 0.932  det h(24) 0.958 mean 0.9583 (best 0.9583)  sps 10452  std [0.288 0.318]
up  970 steps   7.95M  ret  2.997  apex 0.955  det h(24) 0.953 mean 0.9532 (best 0.9583)  sps 10494  std [0.328 0.335]
up  980 steps   8.03M  ret  2.449  apex 0.949  det h(24) 0.947 mean 0.9472 (best 0.9583)  sps 10590  std [0.357 0.337]
up  990 steps   8.11M  ret  3.312  apex 0.947  det h(24) 0.954 mean 0.9536 (best 0.9583)  sps 10516  std [0.376 0.361]
up 1000 steps   8.19M  ret  2.936  apex 0.949  det h(24) 0.948 mean 0.9484 (best 0.9583)  sps 10441  std [0.364 0.359]
up 1010 steps   8.27M  ret  3.364  apex 0.944  det h(24) 0.944 mean 0.9437 (best 0.9583)  sps 10437  std [0.392 0.395]
up 1020 steps   8.36M  ret  3.288  apex 0.928  det h(24) 0.915 mean 0.9147 (best 0.9583)  sps 10465  std [0.42  0.388]
up 1030 steps   8.44M  ret  3.196  apex 0.911  det h(24) 0.917 mean 0.9170 (best 0.9583)  sps 10242  std [0.405 0.381]
up 1040 steps   8.52M  ret  3.202  apex 0.910  det h(24) 0.913 mean 0.9126 (best 0.9583)  sps 10668  std [0.366 0.363]
up 1050 steps   8.60M  ret  3.212  apex 0.909  det h(24) 0.913 mean 0.9130 (best 0.9583)  sps 10529  std [0.339 0.33 ]
up 1060 steps   8.68M  ret  3.237  apex 0.913  det h(24) 0.917 mean 0.9167 (best 0.9583)  sps 10495  std [0.306 0.304]
up 1070 steps   8.77M  ret  3.241  apex 0.913  det h(24) 0.912 mean 0.9118 (best 0.9583)  sps 10386  std [0.286 0.285]
up 1080 steps   8.85M  ret  3.226  apex 0.911  det h(24) 0.911 mean 0.9115 (best 0.9583)  sps 10523  std [0.28  0.287]
up 1090 steps   8.93M  ret  3.218  apex 0.910  det h(24) 0.904 mean 0.9045 (best 0.9583)  sps 10495  std [0.257 0.275]
up 1100 steps   9.01M  ret  3.218  apex 0.906  det h(24) 0.909 mean 0.9086 (best 0.9583)  sps 10575  std [0.25  0.262]
up 1110 steps   9.09M  ret  3.236  apex 0.913  det h(24) 0.923 mean 0.9226 (best 0.9583)  sps 10516  std [0.252 0.258]
up 1120 steps   9.18M  ret  3.137  apex 0.922  det h(24) 0.936 mean 0.9359 (best 0.9583)  sps 10344  std [0.285 0.296]
up 1130 steps   9.26M  ret  3.329  apex 0.931  det h(24) 0.933 mean 0.9333 (best 0.9583)  sps 10544  std [0.273 0.299]
up 1140 steps   9.34M  ret  3.342  apex 0.931  det h(24) 0.928 mean 0.9279 (best 0.9583)  sps 10502  std [0.272 0.291]
up 1150 steps   9.42M  ret  3.296  apex 0.929  det h(24) 0.936 mean 0.9356 (best 0.9583)  sps 10409  std [0.266 0.286]
up 1160 steps   9.50M  ret  3.362  apex 0.935  det h(24) 0.945 mean 0.9447 (best 0.9583)  sps 10487  std [0.274 0.293]
up 1170 steps   9.58M  ret  3.407  apex 0.943  det h(24) 0.945 mean 0.9454 (best 0.9583)  sps 10428  std [0.257 0.275]
up 1180 steps   9.67M  ret  3.418  apex 0.946  det h(24) 0.956 mean 0.9560 (best 0.9583)  sps 10661  std [0.256 0.258]
up 1190 steps   9.75M  ret  3.330  apex 0.952  det h(24) 0.955 mean 0.9547 (best 0.9583)  sps 10509  std [0.269 0.263]
up 1200 steps   9.83M  ret  3.437  apex 0.952  det h(24) 0.962 mean 0.9618 (best 0.9618)  sps 10506  std [0.262 0.267]
up 1210 steps   9.91M  ret  3.487  apex 0.960  det h(24) 0.965 mean 0.9653 (best 0.9653)  sps 10410  std [0.25  0.252]
up 1220 steps   9.99M  ret  3.502  apex 0.962  det h(24) 0.962 mean 0.9616 (best 0.9653)  sps 10507  std [0.25 0.25]
up 1230 steps  10.08M  ret  3.389  apex 0.969  det h(24) 0.982 mean 0.9820 (best 0.9820)  sps 10362  std [0.256 0.261]
up 1240 steps  10.16M  ret  3.509  apex 0.981  det h(24) 0.986 mean 0.9861 (best 0.9861)  sps 10348  std [0.26 0.25]
up 1250 steps  10.24M  ret  3.578  apex 0.984  det h(24) 0.982 mean 0.9825 (best 0.9861)  sps 10483  std [0.252 0.25 ]
up 1260 steps  10.32M  ret  3.563  apex 0.981  det h(24) 0.985 mean 0.9845 (best 0.9861)  sps 10516  std [0.25  0.251]
up 1270 steps  10.40M  ret  2.862  apex 0.985  det h(24) 1.009 mean 1.0093 (best 1.0093)  sps 10314  std [0.27  0.275]
up 1280 steps  10.49M  ret  2.217  apex 0.997  det h(24) 0.999 mean 0.9993 (best 1.0093)  sps 10567  std [0.268 0.287]
up 1290 steps  10.57M  ret  2.795  apex 0.995  det h(24) 0.995 mean 0.9952 (best 1.0093)  sps 10571  std [0.288 0.31 ]
up 1300 steps  10.65M  ret  3.198  apex 0.990  det h(24) 0.999 mean 0.9986 (best 1.0093)  sps 10457  std [0.276 0.301]
up 1310 steps  10.73M  ret  3.011  apex 0.988  det h(24) 0.989 mean 0.9889 (best 1.0093)  sps 10275  std [0.281 0.314]
up 1320 steps  10.81M  ret  3.420  apex 0.979  det h(24) 0.979 mean 0.9787 (best 1.0093)  sps 10455  std [0.268 0.309]
up 1330 steps  10.90M  ret  3.445  apex 0.971  det h(24) 0.954 mean 0.9539 (best 1.0093)  sps 10610  std [0.265 0.329]
up 1340 steps  10.98M  ret  3.441  apex 0.959  det h(24) 0.971 mean 0.9708 (best 1.0093)  sps 10539  std [0.25  0.312]
up 1350 steps  11.06M  ret  3.490  apex 0.965  det h(24) 0.964 mean 0.9640 (best 1.0093)  sps 10473  std [0.25  0.293]
up 1360 steps  11.14M  ret  3.485  apex 0.961  det h(24) 0.962 mean 0.9622 (best 1.0093)  sps 10358  std [0.25  0.288]
up 1370 steps  11.22M  ret  3.439  apex 0.960  det h(24) 0.966 mean 0.9660 (best 1.0093)  sps 10491  std [0.272 0.322]
up 1380 steps  11.30M  ret  3.479  apex 0.962  det h(24) 0.963 mean 0.9633 (best 1.0093)  sps 10524  std [0.272 0.309]
up 1390 steps  11.39M  ret  3.470  apex 0.959  det h(24) 0.959 mean 0.9586 (best 1.0093)  sps 10482  std [0.25 0.27]
up 1400 steps  11.47M  ret  3.202  apex 0.957  det h(24) 0.960 mean 0.9595 (best 1.0093)  sps 10473  std [0.262 0.283]
up 1410 steps  11.55M  ret  3.360  apex 0.954  det h(24) 0.958 mean 0.9584 (best 1.0093)  sps 10564  std [0.284 0.294]
up 1420 steps  11.63M  ret  3.383  apex 0.950  det h(24) 0.952 mean 0.9524 (best 1.0093)  sps 10310  std [0.292 0.306]
up 1430 steps  11.71M  ret  3.417  apex 0.948  det h(24) 0.948 mean 0.9476 (best 1.0093)  sps 10433  std [0.296 0.304]
up 1440 steps  11.80M  ret  3.385  apex 0.942  det h(24) 0.935 mean 0.9353 (best 1.0093)  sps 10531  std [0.287 0.301]
up 1450 steps  11.88M  ret  3.347  apex 0.933  det h(24) 0.936 mean 0.9360 (best 1.0093)  sps 10414  std [0.275 0.288]
up 1460 steps  11.96M  ret  3.350  apex 0.934  det h(24) 0.936 mean 0.9360 (best 1.0093)  sps 10482  std [0.271 0.28 ]
up 1470 steps  12.04M  ret  3.352  apex 0.934  det h(24) 0.931 mean 0.9307 (best 1.0093)  sps 10420  std [0.255 0.274]
up 1480 steps  12.12M  ret  3.330  apex 0.929  det h(24) 0.925 mean 0.9252 (best 1.0093)  sps 10299  std [0.259 0.283]
up 1490 steps  12.21M  ret  3.292  apex 0.923  det h(24) 0.922 mean 0.9220 (best 1.0093)  sps 10493  std [0.251 0.279]
up 1500 steps  12.29M  ret  3.238  apex 0.911  det h(24) 0.912 mean 0.9119 (best 1.0093)  sps 10441  std [0.261 0.272]
up 1510 steps  12.37M  ret  3.217  apex 0.908  det h(24) 0.910 mean 0.9103 (best 1.0093)  sps 10507  std [0.262 0.271]
up 1520 steps  12.45M  ret  3.213  apex 0.907  det h(24) 0.911 mean 0.9114 (best 1.0093)  sps 10435  std [0.25 0.26]
up 1530 steps  12.53M  ret  3.220  apex 0.907  det h(24) 0.915 mean 0.9147 (best 1.0093)  sps 10550  std [0.251 0.25 ]
up 1540 steps  12.62M  ret  3.094  apex 0.910  det h(24) 0.915 mean 0.9153 (best 1.0093)  sps 10378  std [0.28  0.269]
up 1550 steps  12.70M  ret  3.163  apex 0.910  det h(24) 0.909 mean 0.9094 (best 1.0093)  sps 10574  std [0.273 0.279]
up 1560 steps  12.78M  ret  3.193  apex 0.906  det h(24) 0.906 mean 0.9059 (best 1.0093)  sps 10529  std [0.274 0.282]
up 1570 steps  12.86M  ret  3.075  apex 0.898  det h(24) 0.921 mean 0.9205 (best 1.0093)  sps 10533  std [0.291 0.294]
up 1580 steps  12.94M  ret  3.232  apex 0.912  det h(24) 0.917 mean 0.9167 (best 1.0093)  sps 10441  std [0.277 0.28 ]
up 1590 steps  13.03M  ret  2.829  apex 0.914  det h(24) 0.917 mean 0.9167 (best 1.0093)  sps 10569  std [0.301 0.296]
up 1600 steps  13.11M  ret  3.194  apex 0.911  det h(24) 0.919 mean 0.9195 (best 1.0093)  sps 10518  std [0.294 0.297]
up 1610 steps  13.19M  ret  3.244  apex 0.912  det h(24) 0.928 mean 0.9281 (best 1.0093)  sps 10575  std [0.29  0.306]
up 1620 steps  13.27M  ret  3.250  apex 0.920  det h(24) 0.932 mean 0.9321 (best 1.0093)  sps 10455  std [0.292 0.3  ]
up 1630 steps  13.35M  ret  3.315  apex 0.928  det h(24) 0.936 mean 0.9359 (best 1.0093)  sps 10362  std [0.285 0.288]
up 1640 steps  13.43M  ret  3.329  apex 0.931  det h(24) 0.939 mean 0.9391 (best 1.0093)  sps 10383  std [0.286 0.276]
up 1650 steps  13.52M  ret  3.338  apex 0.933  det h(24) 0.939 mean 0.9393 (best 1.0093)  sps 10449  std [0.263 0.263]
up 1660 steps  13.60M  ret  3.327  apex 0.933  det h(24) 0.942 mean 0.9417 (best 1.0093)  sps 10229  std [0.267 0.265]
up 1670 steps  13.68M  ret  3.324  apex 0.935  det h(24) 0.946 mean 0.9464 (best 1.0093)  sps 10343  std [0.263 0.257]
up 1680 steps  13.76M  ret  3.325  apex 0.936  det h(24) 0.924 mean 0.9243 (best 1.0093)  sps 10617  std [0.285 0.259]
up 1690 steps  13.84M  ret  3.259  apex 0.918  det h(24) 0.920 mean 0.9195 (best 1.0093)  sps 10562  std [0.301 0.253]
up 1700 steps  13.93M  ret  3.273  apex 0.917  det h(24) 0.926 mean 0.9263 (best 1.0093)  sps 10597  std [0.301 0.262]
up 1710 steps  14.01M  ret  3.288  apex 0.920  det h(24) 0.932 mean 0.9322 (best 1.0093)  sps 10517  std [0.291 0.264]
up 1720 steps  14.09M  ret  3.313  apex 0.925  det h(24) 0.931 mean 0.9313 (best 1.0093)  sps 10411  std [0.262 0.25 ]
up 1730 steps  14.17M  ret  3.095  apex 0.926  det h(24) 0.934 mean 0.9336 (best 1.0093)  sps 10533  std [0.274 0.277]
up 1740 steps  14.25M  ret  3.263  apex 0.926  det h(24) 0.918 mean 0.9176 (best 1.0093)  sps 10566  std [0.269 0.27 ]
up 1750 steps  14.34M  ret  3.241  apex 0.917  det h(24) 0.926 mean 0.9256 (best 1.0093)  sps 10613  std [0.276 0.285]
up 1760 steps  14.42M  ret  3.285  apex 0.919  det h(24) 0.893 mean 0.8925 (best 1.0093)  sps 10500  std [0.3   0.285]
up 1770 steps  14.50M  ret  3.168  apex 0.895  det h(24) 0.903 mean 0.9029 (best 1.0093)  sps 10389  std [0.312 0.305]
up 1780 steps  14.58M  ret  3.175  apex 0.897  det h(24) 0.905 mean 0.9047 (best 1.0093)  sps 10464  std [0.292 0.277]
up 1790 steps  14.66M  ret  3.207  apex 0.904  det h(24) 0.917 mean 0.9175 (best 1.0093)  sps 10491  std [0.27  0.268]
up 1800 steps  14.75M  ret  3.177  apex 0.909  det h(24) 0.907 mean 0.9068 (best 1.0093)  sps 10506  std [0.3   0.259]
up 1810 steps  14.83M  ret  3.217  apex 0.904  det h(24) 0.911 mean 0.9112 (best 1.0093)  sps 10296  std [0.299 0.253]
up 1820 steps  14.91M  ret  3.239  apex 0.909  det h(24) 0.915 mean 0.9153 (best 1.0093)  sps 10416  std [0.271 0.25 ]
up 1830 steps  14.99M  ret  3.275  apex 0.916  det h(24) 0.916 mean 0.9160 (best 1.0093)  sps 10524  std [0.253 0.25 ]
up 1840 steps  15.07M  ret  3.203  apex 0.902  det h(24) 0.863 mean 0.8627 (best 1.0093)  sps 10428  std [0.266 0.273]
up 1850 steps  15.16M  ret  3.009  apex 0.862  det h(24) 0.864 mean 0.8642 (best 1.0093)  sps 10513  std [0.274 0.274]
up 1860 steps  15.24M  ret  2.994  apex 0.859  det h(24) 0.851 mean 0.8508 (best 1.0093)  sps 10486  std [0.288 0.296]
up 1870 steps  15.32M  ret  2.936  apex 0.847  det h(24) 0.855 mean 0.8553 (best 1.0093)  sps 10441  std [0.277 0.286]
up 1880 steps  15.40M  ret  2.968  apex 0.853  det h(24) 0.858 mean 0.8577 (best 1.0093)  sps 10537  std [0.266 0.256]
up 1890 steps  15.48M  ret  2.994  apex 0.858  det h(24) 0.862 mean 0.8622 (best 1.0093)  sps 10467  std [0.25 0.25]
up 1900 steps  15.56M  ret  3.016  apex 0.862  det h(24) 0.868 mean 0.8679 (best 1.0093)  sps 10358  std [0.25 0.25]
up 1910 steps  15.65M  ret  3.014  apex 0.865  det h(24) 0.870 mean 0.8702 (best 1.0093)  sps 10430  std [0.254 0.261]
up 1920 steps  15.73M  ret  2.691  apex 0.865  det h(24) 0.869 mean 0.8691 (best 1.0093)  sps 10602  std [0.282 0.303]
up 1930 steps  15.81M  ret  2.934  apex 0.869  det h(24) 0.872 mean 0.8716 (best 1.0093)  sps 10486  std [0.27  0.287]
up 1940 steps  15.89M  ret  3.046  apex 0.870  det h(24) 0.868 mean 0.8684 (best 1.0093)  sps 10459  std [0.268 0.291]
up 1950 steps  15.97M  ret  3.021  apex 0.866  det h(24) 0.866 mean 0.8656 (best 1.0093)  sps 10358  std [0.269 0.293]
up 1960 steps  16.06M  ret  3.020  apex 0.867  det h(24) 0.870 mean 0.8696 (best 1.0093)  sps 10491  std [0.261 0.292]
up 1970 steps  16.14M  ret  2.809  apex 0.867  det h(24) 0.868 mean 0.8676 (best 1.0093)  sps 10496  std [0.28  0.316]
up 1980 steps  16.22M  ret  3.016  apex 0.865  det h(24) 0.873 mean 0.8725 (best 1.0093)  sps 10414  std [0.275 0.317]
up 1990 steps  16.30M  ret  3.027  apex 0.867  det h(24) 0.875 mean 0.8747 (best 1.0093)  sps 10422  std [0.271 0.302]
up 2000 steps  16.38M  ret  3.063  apex 0.877  det h(24) 0.898 mean 0.8983 (best 1.0093)  sps 10537  std [0.26  0.309]
up 2010 steps  16.47M  ret  3.166  apex 0.898  det h(24) 0.901 mean 0.9014 (best 1.0093)  sps 10471  std [0.25  0.293]
up 2020 steps  16.55M  ret  3.195  apex 0.904  det h(24) 0.907 mean 0.9072 (best 1.0093)  sps 10476  std [0.261 0.271]
up 2030 steps  16.63M  ret  3.148  apex 0.904  det h(24) 0.905 mean 0.9047 (best 1.0093)  sps 10428  std [0.274 0.278]
up 2040 steps  16.71M  ret  3.225  apex 0.906  det h(24) 0.914 mean 0.9140 (best 1.0093)  sps 10522  std [0.264 0.281]
up 2050 steps  16.79M  ret  3.243  apex 0.915  det h(24) 0.924 mean 0.9236 (best 1.0093)  sps 10413  std [0.258 0.296]
up 2060 steps  16.88M  ret  3.253  apex 0.916  det h(24) 0.924 mean 0.9241 (best 1.0093)  sps 10427  std [0.266 0.307]
up 2070 steps  16.96M  ret  3.294  apex 0.921  det h(24) 0.923 mean 0.9229 (best 1.0093)  sps 10526  std [0.25 0.29]
up 2080 steps  17.04M  ret  3.296  apex 0.920  det h(24) 0.922 mean 0.9222 (best 1.0093)  sps 10619  std [0.25  0.265]
up 2090 steps  17.12M  ret  3.294  apex 0.920  det h(24) 0.925 mean 0.9255 (best 1.0093)  sps 10572  std [0.251 0.256]
up 2100 steps  17.20M  ret  3.289  apex 0.919  det h(24) 0.910 mean 0.9102 (best 1.0093)  sps 10234  std [0.257 0.254]
up 2110 steps  17.29M  ret  3.258  apex 0.913  det h(24) 0.921 mean 0.9211 (best 1.0093)  sps 10396  std [0.252 0.254]
up 2120 steps  17.37M  ret  3.300  apex 0.922  det h(24) 0.927 mean 0.9275 (best 1.0093)  sps 10453  std [0.254 0.252]
up 2130 steps  17.45M  ret  3.333  apex 0.927  det h(24) 0.936 mean 0.9357 (best 1.0093)  sps 10425  std [0.25 0.25]
up 2140 steps  17.53M  ret  3.369  apex 0.935  det h(24) 0.936 mean 0.9365 (best 1.0093)  sps 10370  std [0.25 0.25]
up 2150 steps  17.61M  ret  3.340  apex 0.936  det h(24) 0.942 mean 0.9423 (best 1.0093)  sps 10476  std [0.261 0.255]
up 2160 steps  17.69M  ret  3.303  apex 0.940  det h(24) 0.939 mean 0.9390 (best 1.0093)  sps 10461  std [0.269 0.261]
up 2170 steps  17.78M  ret  3.378  apex 0.938  det h(24) 0.937 mean 0.9366 (best 1.0093)  sps 10514  std [0.271 0.277]
up 2180 steps  17.86M  ret  3.336  apex 0.933  det h(24) 0.933 mean 0.9328 (best 1.0093)  sps 10494  std [0.274 0.278]
up 2190 steps  17.94M  ret  3.349  apex 0.932  det h(24) 0.935 mean 0.9353 (best 1.0093)  sps 10408  std [0.265 0.269]
up 2200 steps  18.02M  ret  3.360  apex 0.934  det h(24) 0.936 mean 0.9362 (best 1.0093)  sps 10495  std [0.252 0.257]
up 2210 steps  18.10M  ret  3.377  apex 0.938  det h(24) 0.938 mean 0.9380 (best 1.0093)  sps 10561  std [0.25 0.25]
up 2220 steps  18.19M  ret  3.395  apex 0.942  det h(24) 0.944 mean 0.9438 (best 1.0093)  sps 10446  std [0.256 0.251]
up 2230 steps  18.27M  ret  3.403  apex 0.943  det h(24) 0.945 mean 0.9447 (best 1.0093)  sps 10579  std [0.25 0.25]
up 2240 steps  18.35M  ret  3.413  apex 0.945  det h(24) 0.949 mean 0.9488 (best 1.0093)  sps 10450  std [0.25 0.25]
up 2250 steps  18.43M  ret  3.439  apex 0.951  det h(24) 0.967 mean 0.9672 (best 1.0093)  sps 10445  std [0.25 0.25]
up 2260 steps  18.51M  ret  3.350  apex 0.963  det h(24) 0.969 mean 0.9693 (best 1.0093)  sps 10443  std [0.269 0.275]
up 2270 steps  18.60M  ret  3.241  apex 0.965  det h(24) 0.962 mean 0.9623 (best 1.0093)  sps 10500  std [0.281 0.274]
up 2280 steps  18.68M  ret  3.487  apex 0.960  det h(24) 0.959 mean 0.9590 (best 1.0093)  sps 10349  std [0.274 0.268]
up 2290 steps  18.76M  ret  3.497  apex 0.962  det h(24) 0.973 mean 0.9732 (best 1.0093)  sps 10625  std [0.289 0.262]
up 2300 steps  18.84M  ret  3.530  apex 0.972  det h(24) 0.979 mean 0.9788 (best 1.0093)  sps 10534  std [0.279 0.251]
up 2310 steps  18.92M  ret  3.314  apex 0.976  det h(24) 0.975 mean 0.9746 (best 1.0093)  sps 10469  std [0.29  0.254]
up 2320 steps  19.01M  ret  3.011  apex 0.970  det h(24) 0.994 mean 0.9944 (best 1.0093)  sps 10476  std [0.317 0.272]
up 2330 steps  19.09M  ret  2.455  apex 0.967  det h(24) 0.961 mean 0.9614 (best 1.0093)  sps 10458  std [0.32  0.292]
up 2340 steps  19.17M  ret  3.237  apex 0.961  det h(24) 1.002 mean 1.0021 (best 1.0093)  sps 10486  std [0.321 0.29 ]
up 2350 steps  19.25M  ret  0.753  apex 0.961  det h(24) 0.994 mean 0.9936 (best 1.0093)  sps 10386  std [0.326 0.298]
up 2360 steps  19.33M  ret  0.869  apex 0.961  det h(24) 0.997 mean 0.9969 (best 1.0093)  sps 10306  std [0.306 0.292]
up 2370 steps  19.42M  ret  0.891  apex 0.961  det h(24) 1.011 mean 1.0107 (best 1.0107)  sps 10361  std [0.306 0.286]
up 2380 steps  19.50M  ret  0.895  apex 0.961  det h(24) 1.020 mean 1.0202 (best 1.0202)  sps 10408  std [0.288 0.276]
up 2390 steps  19.58M  ret  1.313  apex 0.961  det h(24) 0.982 mean 0.9821 (best 1.0202)  sps 10444  std [0.263 0.265]
up 2400 steps  19.66M  ret  2.693  apex 0.968  det h(24) 0.990 mean 0.9898 (best 1.0202)  sps 10492  std [0.25  0.255]
up 2410 steps  19.74M  ret  3.246  apex 0.991  det h(24) 1.002 mean 1.0024 (best 1.0202)  sps 10490  std [0.25 0.25]
up 2420 steps  19.82M  ret  3.528  apex 0.998  det h(24) 0.995 mean 0.9946 (best 1.0202)  sps 10423  std [0.25  0.254]
up 2430 steps  19.91M  ret  3.535  apex 0.991  det h(24) 0.989 mean 0.9890 (best 1.0202)  sps 10571  std [0.25 0.25]
up 2440 steps  19.99M  ret  3.586  apex 0.985  det h(24) 0.981 mean 0.9806 (best 1.0202)  sps 10410  std [0.251 0.251]
up 2450 steps  20.07M  ret  3.544  apex 0.980  det h(24) 0.981 mean 0.9814 (best 1.0202)  sps 10558  std [0.252 0.256]
up 2460 steps  20.15M  ret  3.526  apex 0.977  det h(24) 0.974 mean 0.9743 (best 1.0202)  sps 10494  std [0.251 0.256]
up 2470 steps  20.23M  ret  3.544  apex 0.974  det h(24) 0.975 mean 0.9753 (best 1.0202)  sps 10458  std [0.254 0.252]
up 2480 steps  20.32M  ret  3.567  apex 0.977  det h(24) 0.981 mean 0.9807 (best 1.0202)  sps 10571  std [0.252 0.252]
up 2490 steps  20.40M  ret  3.574  apex 0.978  det h(24) 0.973 mean 0.9730 (best 1.0202)  sps 10434  std [0.253 0.25 ]
up 2500 steps  20.48M  ret  3.542  apex 0.975  det h(24) 0.974 mean 0.9736 (best 1.0202)  sps 10415  std [0.257 0.256]
up 2510 steps  20.56M  ret  3.519  apex 0.969  det h(24) 0.964 mean 0.9638 (best 1.0202)  sps 10320  std [0.25 0.25]
up 2520 steps  20.64M  ret  3.483  apex 0.959  det h(24) 0.946 mean 0.9459 (best 1.0202)  sps 10599  std [0.256 0.251]
up 2530 steps  20.73M  ret  3.429  apex 0.949  det h(24) 0.949 mean 0.9494 (best 1.0202)  sps 10447  std [0.261 0.254]
up 2540 steps  20.81M  ret  3.430  apex 0.949  det h(24) 0.937 mean 0.9368 (best 1.0202)  sps 10558  std [0.255 0.25 ]
up 2550 steps  20.89M  ret  3.336  apex 0.938  det h(24) 0.924 mean 0.9243 (best 1.0202)  sps 10498  std [0.268 0.252]
up 2560 steps  20.97M  ret  3.286  apex 0.920  det h(24) 0.927 mean 0.9267 (best 1.0202)  sps 10344  std [0.275 0.251]
up 2570 steps  21.05M  ret  3.313  apex 0.925  det h(24) 0.928 mean 0.9281 (best 1.0202)  sps 10500  std [0.26  0.251]
up 2580 steps  21.14M  ret  3.329  apex 0.928  det h(24) 0.926 mean 0.9260 (best 1.0202)  sps 10424  std [0.25 0.25]
up 2590 steps  21.22M  ret  3.310  apex 0.925  det h(24) 0.925 mean 0.9249 (best 1.0202)  sps 10436  std [0.251 0.25 ]
up 2600 steps  21.30M  ret  3.297  apex 0.921  det h(24) 0.923 mean 0.9228 (best 1.0202)  sps 10574  std [0.251 0.252]
up 2610 steps  21.38M  ret  3.291  apex 0.920  det h(24) 0.923 mean 0.9231 (best 1.0202)  sps 10598  std [0.254 0.252]
up 2620 steps  21.46M  ret  3.272  apex 0.922  det h(24) 0.926 mean 0.9261 (best 1.0202)  sps 10509  std [0.25  0.254]
up 2630 steps  21.54M  ret  3.307  apex 0.925  det h(24) 0.927 mean 0.9273 (best 1.0202)  sps 10631  std [0.25 0.25]
up 2640 steps  21.63M  ret  3.304  apex 0.926  det h(24) 0.924 mean 0.9236 (best 1.0202)  sps 10466  std [0.25 0.25]
up 2650 steps  21.71M  ret  3.299  apex 0.924  det h(24) 0.926 mean 0.9257 (best 1.0202)  sps 10648  std [0.253 0.25 ]
up 2660 steps  21.79M  ret  3.308  apex 0.928  det h(24) 0.931 mean 0.9305 (best 1.0202)  sps 10478  std [0.26  0.254]
up 2670 steps  21.87M  ret  3.318  apex 0.928  det h(24) 0.930 mean 0.9296 (best 1.0202)  sps 10583  std [0.25 0.25]
up 2680 steps  21.95M  ret  3.325  apex 0.927  det h(24) 0.930 mean 0.9300 (best 1.0202)  sps 10460  std [0.255 0.253]
up 2690 steps  22.04M  ret  3.307  apex 0.926  det h(24) 0.927 mean 0.9266 (best 1.0202)  sps 10366  std [0.253 0.25 ]
up 2700 steps  22.12M  ret  3.280  apex 0.926  det h(24) 0.934 mean 0.9341 (best 1.0202)  sps 10560  std [0.262 0.254]
up 2710 steps  22.20M  ret  3.211  apex 0.929  det h(24) 0.931 mean 0.9306 (best 1.0202)  sps 10298  std [0.269 0.269]
up 2720 steps  22.28M  ret  3.337  apex 0.931  det h(24) 0.941 mean 0.9406 (best 1.0202)  sps 10384  std [0.261 0.268]
up 2730 steps  22.36M  ret  3.360  apex 0.940  det h(24) 0.943 mean 0.9430 (best 1.0202)  sps 10545  std [0.262 0.265]
up 2740 steps  22.45M  ret  3.355  apex 0.938  det h(24) 0.943 mean 0.9428 (best 1.0202)  sps 10499  std [0.26  0.264]
up 2750 steps  22.53M  ret  3.376  apex 0.941  det h(24) 0.947 mean 0.9469 (best 1.0202)  sps 10450  std [0.26  0.265]
up 2760 steps  22.61M  ret  3.401  apex 0.948  det h(24) 0.956 mean 0.9556 (best 1.0202)  sps 10586  std [0.254 0.269]
up 2770 steps  22.69M  ret  3.449  apex 0.953  det h(24) 0.952 mean 0.9523 (best 1.0202)  sps 10554  std [0.254 0.256]
up 2780 steps  22.77M  ret  3.365  apex 0.945  det h(24) 0.944 mean 0.9443 (best 1.0202)  sps 10610  std [0.25  0.268]
up 2790 steps  22.86M  ret  3.406  apex 0.946  det h(24) 0.951 mean 0.9513 (best 1.0202)  sps 10489  std [0.25 0.25]
up 2800 steps  22.94M  ret  3.450  apex 0.952  det h(24) 0.956 mean 0.9559 (best 1.0202)  sps 10506  std [0.252 0.25 ]
up 2810 steps  23.02M  ret  3.448  apex 0.956  det h(24) 0.957 mean 0.9575 (best 1.0202)  sps 10506  std [0.257 0.261]
up 2820 steps  23.10M  ret  3.444  apex 0.956  det h(24) 0.954 mean 0.9543 (best 1.0202)  sps 10559  std [0.258 0.271]
up 2830 steps  23.18M  ret  3.472  apex 0.957  det h(24) 0.962 mean 0.9618 (best 1.0202)  sps 10394  std [0.25  0.253]
up 2840 steps  23.27M  ret  3.469  apex 0.959  det h(24) 0.952 mean 0.9515 (best 1.0202)  sps 10356  std [0.253 0.253]
up 2850 steps  23.35M  ret  3.420  apex 0.946  det h(24) 0.941 mean 0.9405 (best 1.0202)  sps 10572  std [0.258 0.265]
up 2860 steps  23.43M  ret  3.393  apex 0.941  det h(24) 0.942 mean 0.9425 (best 1.0202)  sps 10470  std [0.25  0.266]
up 2870 steps  23.51M  ret  3.403  apex 0.947  det h(24) 0.953 mean 0.9530 (best 1.0202)  sps 10576  std [0.254 0.26 ]
up 2880 steps  23.59M  ret  3.410  apex 0.958  det h(24) 0.959 mean 0.9586 (best 1.0202)  sps 10564  std [0.253 0.271]
up 2890 steps  23.67M  ret  3.457  apex 0.956  det h(24) 0.957 mean 0.9574 (best 1.0202)  sps 10520  std [0.25 0.25]
up 2900 steps  23.76M  ret  3.456  apex 0.955  det h(24) 0.958 mean 0.9581 (best 1.0202)  sps 10567  std [0.25 0.25]
up 2910 steps  23.84M  ret  3.405  apex 0.953  det h(24) 0.950 mean 0.9500 (best 1.0202)  sps 10587  std [0.256 0.26 ]
up 2920 steps  23.92M  ret  3.372  apex 0.949  det h(24) 0.949 mean 0.9491 (best 1.0202)  sps 10446  std [0.259 0.264]
up 2930 steps  24.00M  ret  3.427  apex 0.949  det h(24) 0.945 mean 0.9453 (best 1.0202)  sps 10625  std [0.255 0.25 ]
up 2940 steps  24.08M  ret  3.393  apex 0.943  det h(24) 0.928 mean 0.9279 (best 1.0202)  sps 10496  std [0.257 0.257]
up 2950 steps  24.17M  ret  3.358  apex 0.934  det h(24) 0.925 mean 0.9251 (best 1.0202)  sps 10508  std [0.255 0.267]
up 2960 steps  24.25M  ret  3.307  apex 0.924  det h(24) 0.903 mean 0.9031 (best 1.0202)  sps 10426  std [0.263 0.264]
up 2970 steps  24.33M  ret  3.126  apex 0.902  det h(24) 0.896 mean 0.8958 (best 1.0202)  sps 10425  std [0.259 0.269]
up 2980 steps  24.41M  ret  3.169  apex 0.896  det h(24) 0.898 mean 0.8977 (best 1.0202)  sps 10413  std [0.258 0.267]
up 2990 steps  24.49M  ret  3.176  apex 0.899  det h(24) 0.903 mean 0.9034 (best 1.0202)  sps 10445  std [0.251 0.27 ]
up 3000 steps  24.58M  ret  3.191  apex 0.902  det h(24) 0.903 mean 0.9029 (best 1.0202)  sps 10479  std [0.252 0.265]
up 3010 steps  24.66M  ret  3.218  apex 0.906  det h(24) 0.905 mean 0.9054 (best 1.0202)  sps 10391  std [0.253 0.252]
up 3020 steps  24.74M  ret  3.217  apex 0.906  det h(24) 0.906 mean 0.9062 (best 1.0202)  sps 10574  std [0.25 0.25]
up 3030 steps  24.82M  ret  3.220  apex 0.907  det h(24) 0.911 mean 0.9111 (best 1.0202)  sps 10463  std [0.25 0.25]
up 3040 steps  24.90M  ret  3.228  apex 0.909  det h(24) 0.910 mean 0.9101 (best 1.0202)  sps 10422  std [0.254 0.25 ]
up 3050 steps  24.99M  ret  3.236  apex 0.909  det h(24) 0.913 mean 0.9133 (best 1.0202)  sps 10592  std [0.25 0.25]
up 3060 steps  25.07M  ret  3.176  apex 0.913  det h(24) 0.915 mean 0.9152 (best 1.0202)  sps 10499  std [0.258 0.27 ]
up 3070 steps  25.15M  ret  3.234  apex 0.914  det h(24) 0.917 mean 0.9166 (best 1.0202)  sps 10501  std [0.25  0.255]
up 3080 steps  25.23M  ret  3.254  apex 0.917  det h(24) 0.914 mean 0.9138 (best 1.0202)  sps 10613  std [0.253 0.263]
up 3090 steps  25.31M  ret  3.231  apex 0.911  det h(24) 0.912 mean 0.9120 (best 1.0202)  sps 10398  std [0.25 0.25]
up 3100 steps  25.40M  ret  3.246  apex 0.912  det h(24) 0.910 mean 0.9100 (best 1.0202)  sps 10432  std [0.254 0.25 ]
up 3110 steps  25.48M  ret  3.230  apex 0.909  det h(24) 0.910 mean 0.9098 (best 1.0202)  sps 10512  std [0.253 0.251]
up 3120 steps  25.56M  ret  3.243  apex 0.912  det h(24) 0.919 mean 0.9191 (best 1.0202)  sps 10551  std [0.25  0.251]
up 3130 steps  25.64M  ret  3.266  apex 0.917  det h(24) 0.920 mean 0.9196 (best 1.0202)  sps 10366  std [0.25 0.25]
up 3140 steps  25.72M  ret  3.262  apex 0.917  det h(24) 0.919 mean 0.9191 (best 1.0202)  sps 10620  std [0.25  0.252]
up 3150 steps  25.80M  ret  3.270  apex 0.919  det h(24) 0.925 mean 0.9245 (best 1.0202)  sps 10541  std [0.257 0.258]
up 3160 steps  25.89M  ret  3.302  apex 0.925  det h(24) 0.928 mean 0.9284 (best 1.0202)  sps 10394  std [0.25  0.251]
up 3170 steps  25.97M  ret  3.294  apex 0.925  det h(24) 0.921 mean 0.9211 (best 1.0202)  sps 10726  std [0.263 0.259]
up 3180 steps  26.05M  ret  3.280  apex 0.920  det h(24) 0.920 mean 0.9197 (best 1.0202)  sps 10308  std [0.261 0.251]
up 3190 steps  26.13M  ret  3.277  apex 0.920  det h(24) 0.924 mean 0.9238 (best 1.0202)  sps 10550  std [0.254 0.251]
up 3200 steps  26.21M  ret  3.302  apex 0.924  det h(24) 0.930 mean 0.9303 (best 1.0202)  sps 10503  std [0.25 0.25]
up 3210 steps  26.30M  ret  3.308  apex 0.929  det h(24) 0.931 mean 0.9310 (best 1.0202)  sps 10420  std [0.255 0.256]
up 3220 steps  26.38M  ret  3.309  apex 0.929  det h(24) 0.930 mean 0.9296 (best 1.0202)  sps 10398  std [0.253 0.254]
up 3230 steps  26.46M  ret  3.305  apex 0.933  det h(24) 0.944 mean 0.9439 (best 1.0202)  sps 10625  std [0.262 0.25 ]
up 3240 steps  26.54M  ret  3.360  apex 0.942  det h(24) 0.939 mean 0.9389 (best 1.0202)  sps 10549  std [0.268 0.25 ]
up 3250 steps  26.62M  ret  3.368  apex 0.939  det h(24) 0.946 mean 0.9457 (best 1.0202)  sps 10298  std [0.267 0.252]
up 3260 steps  26.71M  ret  3.390  apex 0.945  det h(24) 0.952 mean 0.9516 (best 1.0202)  sps 10404  std [0.256 0.25 ]
up 3270 steps  26.79M  ret  3.428  apex 0.952  det h(24) 0.952 mean 0.9524 (best 1.0202)  sps 10545  std [0.259 0.256]
up 3280 steps  26.87M  ret  3.394  apex 0.953  det h(24) 0.967 mean 0.9674 (best 1.0202)  sps 10414  std [0.266 0.267]
up 3290 steps  26.95M  ret  3.506  apex 0.967  det h(24) 0.968 mean 0.9682 (best 1.0202)  sps 10421  std [0.251 0.253]
up 3300 steps  27.03M  ret  3.526  apex 0.970  det h(24) 0.970 mean 0.9698 (best 1.0202)  sps 10681  std [0.25 0.25]
up 3310 steps  27.12M  ret  3.530  apex 0.969  det h(24) 0.969 mean 0.9694 (best 1.0202)  sps 10692  std [0.25 0.25]
up 3320 steps  27.20M  ret  3.512  apex 0.969  det h(24) 0.963 mean 0.9633 (best 1.0202)  sps 10557  std [0.263 0.251]
up 3330 steps  27.28M  ret  3.494  apex 0.962  det h(24) 0.953 mean 0.9532 (best 1.0202)  sps 10546  std [0.264 0.254]
up 3340 steps  27.36M  ret  3.433  apex 0.950  det h(24) 0.932 mean 0.9318 (best 1.0202)  sps 10303  std [0.266 0.276]
up 3350 steps  27.44M  ret  3.322  apex 0.928  det h(24) 0.917 mean 0.9170 (best 1.0202)  sps 10566  std [0.289 0.304]
up 3360 steps  27.53M  ret  3.264  apex 0.916  det h(24) 0.923 mean 0.9229 (best 1.0202)  sps 10284  std [0.303 0.321]
up 3370 steps  27.61M  ret  3.324  apex 0.929  det h(24) 0.940 mean 0.9403 (best 1.0202)  sps 10466  std [0.287 0.311]
up 3380 steps  27.69M  ret  3.373  apex 0.941  det h(24) 0.949 mean 0.9488 (best 1.0202)  sps 10479  std [0.282 0.284]
up 3390 steps  27.77M  ret  3.403  apex 0.945  det h(24) 0.947 mean 0.9465 (best 1.0202)  sps 10564  std [0.268 0.265]
up 3400 steps  27.85M  ret  3.411  apex 0.944  det h(24) 0.940 mean 0.9404 (best 1.0202)  sps 10382  std [0.251 0.25 ]
up 3410 steps  27.93M  ret  3.407  apex 0.943  det h(24) 0.946 mean 0.9457 (best 1.0202)  sps 10539  std [0.25 0.25]
up 3420 steps  28.02M  ret  3.411  apex 0.945  det h(24) 0.946 mean 0.9464 (best 1.0202)  sps 10475  std [0.251 0.25 ]
up 3430 steps  28.10M  ret  3.402  apex 0.944  det h(24) 0.936 mean 0.9361 (best 1.0202)  sps 10552  std [0.257 0.253]
up 3440 steps  28.18M  ret  3.292  apex 0.930  det h(24) 0.920 mean 0.9198 (best 1.0202)  sps 10588  std [0.261 0.256]
up 3450 steps  28.26M  ret  3.268  apex 0.917  det h(24) 0.919 mean 0.9188 (best 1.0202)  sps 10578  std [0.255 0.25 ]
up 3460 steps  28.34M  ret  3.280  apex 0.920  det h(24) 0.928 mean 0.9279 (best 1.0202)  sps 10428  std [0.262 0.256]
up 3470 steps  28.43M  ret  3.303  apex 0.929  det h(24) 0.931 mean 0.9313 (best 1.0202)  sps 10416  std [0.269 0.258]
up 3480 steps  28.51M  ret  3.339  apex 0.933  det h(24) 0.941 mean 0.9405 (best 1.0202)  sps 10558  std [0.271 0.274]
up 3490 steps  28.59M  ret  3.385  apex 0.940  det h(24) 0.944 mean 0.9440 (best 1.0202)  sps 10549  std [0.264 0.256]
up 3500 steps  28.67M  ret  3.407  apex 0.947  det h(24) 0.956 mean 0.9565 (best 1.0202)  sps 10508  std [0.251 0.265]
up 3510 steps  28.75M  ret  3.463  apex 0.956  det h(24) 0.956 mean 0.9556 (best 1.0202)  sps 10603  std [0.25 0.25]
up 3520 steps  28.84M  ret  3.434  apex 0.954  det h(24) 0.954 mean 0.9540 (best 1.0202)  sps 10335  std [0.255 0.253]
up 3530 steps  28.92M  ret  3.431  apex 0.954  det h(24) 0.956 mean 0.9557 (best 1.0202)  sps 10337  std [0.25  0.254]
up 3540 steps  29.00M  ret  3.413  apex 0.955  det h(24) 0.953 mean 0.9533 (best 1.0202)  sps 10452  std [0.265 0.262]
up 3550 steps  29.08M  ret  3.428  apex 0.951  det h(24) 0.944 mean 0.9444 (best 1.0202)  sps 10502  std [0.253 0.251]
up 3560 steps  29.16M  ret  3.419  apex 0.945  det h(24) 0.949 mean 0.9485 (best 1.0202)  sps 10411  std [0.254 0.25 ]
up 3570 steps  29.25M  ret  3.433  apex 0.948  det h(24) 0.946 mean 0.9460 (best 1.0202)  sps 10610  std [0.262 0.262]
up 3580 steps  29.33M  ret  3.423  apex 0.946  det h(24) 0.941 mean 0.9408 (best 1.0202)  sps 10404  std [0.263 0.282]
early stop: plateau (best 1.0202 이후 120회 미개선)
done — steps 29327360 wall 47.5min best_h 1.0202 (plateau (best 1.0202 이후 120회 미개선))
curve saved: t0wc_ppo_curve_lifix24_long_05ms.png
===== t0_rollout_long.py fix:24:0.5 =====
warm-start from previous mshoot best
warm-start from previous fourbar best
setup done [2s] — clip=25.581 law=(-0.3823, 0.6301, 7.2968) c_cvt=0.7926 k_rise=0.2656 tm=1.31ms n429=10
  golden A — 0429/60_0.75_60_2    : dq2 RMSE=1.8560
  golden A — 0429/60_1.5_60_1.5   : dq2 RMSE=2.1339
  golden A — 0429/90_0.75_90_2    : dq2 RMSE=2.3594
  golden A — 0429/90_1.5_90_2.5   : dq2 RMSE=2.3440
  golden A — 0429/120_2_120_2     : dq2 RMSE=2.4115
  golden A — 0429/120_2.2_150_2.5 : dq2 RMSE=2.4855
  golden A — 0429/120_2.2_200_2.8 : dq2 RMSE=2.3865
  golden A — 0429/150_2.2_250_3   : dq2 RMSE=3.3899
  golden A — 0429/150_2.2_350_3.5 : dq2 RMSE=3.7922
  golden A — 0429/150_2.2_500_4   : dq2 RMSE=2.8979
  golden A — session mean 2.6057 (canonical 2.6057) PASS
  golden B — 0429/60_0.75_60_2 env vs cl_run23(is_cvt, l_i=25.08, clip=25.581) max|Δ|=0.000e+00 PASS
GOLDEN PASS (A: 0429 재생 세션평균 / B: env CVT 스텝 비트일치, clip=25.581)
[final] l_i= 24.00mm  h=0.9408  audit=PASS  stance=0.113s  외삽
[best] l_i= 24.00mm  h=1.0202  audit=FAIL  stance=0.118s  외삽  range_viol

l_i* = 24.00 mm (final ckpt)  h=0.9408 m  pass_all=True  extrapolated=True
saved: t0wc_ppo_lifix24_long_05ms.npz / t0wc_ppo_audit_lifix24_long_05ms.json [1s]
===== t0_train_long.py fix:25.08:0.5 =====
warm-start from previous mshoot best
warm-start from previous fourbar best
setup done [2s] — clip=25.581 law=(-0.3823, 0.6301, 7.2968) c_cvt=0.7926 k_rise=0.2656 tm=1.31ms n429=10
  golden A — 0429/60_0.75_60_2    : dq2 RMSE=1.8560
  golden A — 0429/60_1.5_60_1.5   : dq2 RMSE=2.1339
  golden A — 0429/90_0.75_90_2    : dq2 RMSE=2.3594
  golden A — 0429/90_1.5_90_2.5   : dq2 RMSE=2.3440
  golden A — 0429/120_2_120_2     : dq2 RMSE=2.4115
  golden A — 0429/120_2.2_150_2.5 : dq2 RMSE=2.4855
  golden A — 0429/120_2.2_200_2.8 : dq2 RMSE=2.3865
  golden A — 0429/150_2.2_250_3   : dq2 RMSE=3.3899
  golden A — 0429/150_2.2_350_3.5 : dq2 RMSE=3.7922
  golden A — 0429/150_2.2_500_4   : dq2 RMSE=2.8979
  golden A — session mean 2.6057 (canonical 2.6057) PASS
  golden B — 0429/60_0.75_60_2 env vs cl_run23(is_cvt, l_i=25.08, clip=25.581) max|Δ|=0.000e+00 PASS
GOLDEN PASS (A: 0429 재생 세션평균 / B: env CVT 스텝 비트일치, clip=25.581)
[dev] NVIDIA GeForce RTX 5080 (hid 128): 400 mb-updates cpu 0.263s / gpu 0.262s → 2x128 넷이 작아 CPU가 빠름 (물리 스텝이 병목) — CPU 사용
[bc] teacher t0wc_cl_li2508.npz (li=25.08): 1200 pairs, replay apex=1.083 (teacher h=1.104)
[bc] fit: MSE 0.3587 → 0.000503 (4000 iters)
[bc] det-eval h: {'25.08': 1.1009}
warm-start from previous mshoot best
warm-start from previous fourbar best
warm-start from previous mshoot best
warm-start from previous fourbar best
warm-start from previous mshoot best
warm-start from previous fourbar best
warm-start from previous mshoot best
warm-start from previous fourbar best
warm-start from previous mshoot best
warm-start from previous fourbar best
warm-start from previous mshoot best
warm-start from previous fourbar best
warm-start from previous mshoot best
warm-start from previous fourbar best
warm-start from previous mshoot best
warm-start from previous fourbar best
setup done [3s] — clip=25.581 law=(-0.3823, 0.6301, 7.2968) c_cvt=0.7926 k_rise=0.2656 tm=1.31ms n429=10
setup done [3s] — clip=25.581 law=(-0.3823, 0.6301, 7.2968) c_cvt=0.7926 k_rise=0.2656 tm=1.31ms n429=10
setup done [3s] — clip=25.581 law=(-0.3823, 0.6301, 7.2968) c_cvt=0.7926 k_rise=0.2656 tm=1.31ms n429=10
setup done [3s] — clip=25.581 law=(-0.3823, 0.6301, 7.2968) c_cvt=0.7926 k_rise=0.2656 tm=1.31ms n429=10
setup done [3s] — clip=25.581 law=(-0.3823, 0.6301, 7.2968) c_cvt=0.7926 k_rise=0.2656 tm=1.31ms n429=10
setup done [3s] — clip=25.581 law=(-0.3823, 0.6301, 7.2968) c_cvt=0.7926 k_rise=0.2656 tm=1.31ms n429=10
setup done [3s] — clip=25.581 law=(-0.3823, 0.6301, 7.2968) c_cvt=0.7926 k_rise=0.2656 tm=1.31ms n429=10
setup done [3s] — clip=25.581 law=(-0.3823, 0.6301, 7.2968) c_cvt=0.7926 k_rise=0.2656 tm=1.31ms n429=10
[mp] 8 workers × 2 envs = 16 — ready [15s]
PPO start — 11718 updates × batch 8192 (dev cpu, clip=25.581)
up   10 steps   0.08M  ret -0.454  apex 0.651  det h(25.08) 1.101 mean 1.1009 (best 1.1009)  sps 14084  std [0.4 0.4]  [VF-warm]
up   20 steps   0.16M  ret -0.539  apex 0.624  det h(25.08) 1.101 mean 1.1009 (best 1.1009)  sps 14028  std [0.4 0.4]  [VF-warm]
up   30 steps   0.25M  ret -0.127  apex 0.653  det h(25.08) 1.009 mean 1.0092 (best 1.1009)  sps  9609  std [0.405 0.401]
up   40 steps   0.33M  ret  1.216  apex 0.653  det h(25.08) 1.032 mean 1.0316 (best 1.1009)  sps  9586  std [0.4   0.407]
up   50 steps   0.41M  ret  2.196  apex 0.653  det h(25.08) 1.018 mean 1.0176 (best 1.1009)  sps  9560  std [0.404 0.4  ]
up   60 steps   0.49M  ret  2.813  apex 0.653  det h(25.08) 1.015 mean 1.0146 (best 1.1009)  sps  9458  std [0.406 0.395]
up   70 steps   0.57M  ret  2.766  apex 0.653  det h(25.08) 1.016 mean 1.0156 (best 1.1009)  sps  9538  std [0.417 0.42 ]
up   80 steps   0.66M  ret  2.894  apex 0.653  det h(25.08) 1.026 mean 1.0257 (best 1.1009)  sps  9530  std [0.408 0.434]
up   90 steps   0.74M  ret  2.950  apex 0.653  det h(25.08) 1.037 mean 1.0373 (best 1.1009)  sps  9505  std [0.42 0.43]
up  100 steps   0.82M  ret  2.958  apex 0.653  det h(25.08) 1.029 mean 1.0286 (best 1.1009)  sps  9493  std [0.399 0.454]
up  110 steps   0.90M  ret  3.137  apex 0.653  det h(25.08) 1.013 mean 1.0131 (best 1.1009)  sps  9510  std [0.389 0.448]
up  120 steps   0.98M  ret  3.071  apex 0.653  det h(25.08) 1.003 mean 1.0035 (best 1.1009)  sps  9512  std [0.381 0.42 ]
up  130 steps   1.06M  ret  3.126  apex 0.653  det h(25.08) 1.022 mean 1.0221 (best 1.1009)  sps  9568  std [0.374 0.381]
up  140 steps   1.15M  ret  3.207  apex 0.653  det h(25.08) 1.026 mean 1.0260 (best 1.1009)  sps  9455  std [0.354 0.394]
up  150 steps   1.23M  ret  3.212  apex 0.653  det h(25.08) 1.016 mean 1.0155 (best 1.1009)  sps  9585  std [0.352 0.377]
up  160 steps   1.31M  ret  3.145  apex 0.653  det h(25.08) 1.012 mean 1.0125 (best 1.1009)  sps  9567  std [0.337 0.357]
up  170 steps   1.39M  ret  3.138  apex 0.653  det h(25.08) 0.988 mean 0.9882 (best 1.1009)  sps  9509  std [0.321 0.35 ]
up  180 steps   1.47M  ret  3.085  apex 0.653  det h(25.08) 0.990 mean 0.9899 (best 1.1009)  sps  9437  std [0.291 0.331]
up  190 steps   1.56M  ret  3.119  apex 0.653  det h(25.08) 0.994 mean 0.9942 (best 1.1009)  sps  9648  std [0.267 0.303]
up  200 steps   1.64M  ret  3.161  apex 0.653  det h(25.08) 1.012 mean 1.0122 (best 1.1009)  sps  9585  std [0.254 0.286]
up  210 steps   1.72M  ret  3.264  apex 0.653  det h(25.08) 1.010 mean 1.0098 (best 1.1009)  sps  9443  std [0.252 0.273]
up  220 steps   1.80M  ret  3.254  apex 0.653  det h(25.08) 1.009 mean 1.0087 (best 1.1009)  sps  9564  std [0.25 0.26]
up  230 steps   1.88M  ret  3.248  apex 0.653  det h(25.08) 1.010 mean 1.0103 (best 1.1009)  sps  9514  std [0.25 0.25]
up  240 steps   1.97M  ret  3.252  apex 0.653  det h(25.08) 1.006 mean 1.0063 (best 1.1009)  sps  9498  std [0.251 0.257]
up  250 steps   2.05M  ret  3.220  apex 0.653  det h(25.08) 1.010 mean 1.0103 (best 1.1009)  sps  9461  std [0.25  0.255]
up  260 steps   2.13M  ret  3.245  apex 0.653  det h(25.08) 1.006 mean 1.0062 (best 1.1009)  sps  9553  std [0.25  0.251]
up  270 steps   2.21M  ret  3.273  apex 0.653  det h(25.08) 1.011 mean 1.0107 (best 1.1009)  sps  9549  std [0.25 0.25]
up  280 steps   2.29M  ret  3.273  apex 0.653  det h(25.08) 1.002 mean 1.0015 (best 1.1009)  sps  9547  std [0.25  0.254]
up  290 steps   2.38M  ret  3.215  apex 0.653  det h(25.08) 0.997 mean 0.9966 (best 1.1009)  sps  9450  std [0.265 0.259]
up  300 steps   2.46M  ret  3.140  apex 0.653  det h(25.08) 0.996 mean 0.9964 (best 1.1009)  sps  9542  std [0.25  0.258]
up  310 steps   2.54M  ret  3.221  apex 0.653  det h(25.08) 0.987 mean 0.9869 (best 1.1009)  sps  9456  std [0.25 0.27]
up  320 steps   2.62M  ret  3.180  apex 0.653  det h(25.08) 0.980 mean 0.9804 (best 1.1009)  sps  9634  std [0.25  0.259]
up  330 steps   2.70M  ret  3.160  apex 0.653  det h(25.08) 0.982 mean 0.9821 (best 1.1009)  sps  9557  std [0.25 0.25]
up  340 steps   2.79M  ret  3.159  apex 0.653  det h(25.08) 0.977 mean 0.9766 (best 1.1009)  sps  9628  std [0.252 0.254]
up  350 steps   2.87M  ret  3.156  apex 0.653  det h(25.08) 0.980 mean 0.9797 (best 1.1009)  sps  9717  std [0.25 0.25]
up  360 steps   2.95M  ret  3.155  apex 0.653  det h(25.08) 0.976 mean 0.9764 (best 1.1009)  sps  9529  std [0.252 0.251]
up  370 steps   3.03M  ret  3.135  apex 0.653  det h(25.08) 0.972 mean 0.9716 (best 1.1009)  sps  9524  std [0.251 0.25 ]
up  380 steps   3.11M  ret  3.163  apex 0.653  det h(25.08) 0.984 mean 0.9836 (best 1.1009)  sps  9384  std [0.25  0.251]
up  390 steps   3.19M  ret  3.166  apex 0.653  det h(25.08) 0.976 mean 0.9757 (best 1.1009)  sps  9520  std [0.25  0.251]
up  400 steps   3.28M  ret  3.158  apex 0.653  det h(25.08) 0.973 mean 0.9731 (best 1.1009)  sps  9527  std [0.25  0.251]
up  410 steps   3.36M  ret  3.155  apex 0.653  det h(25.08) 0.971 mean 0.9706 (best 1.1009)  sps  9619  std [0.25  0.251]
up  420 steps   3.44M  ret  3.125  apex 0.653  det h(25.08) 0.971 mean 0.9710 (best 1.1009)  sps  9481  std [0.254 0.251]
up  430 steps   3.52M  ret  3.144  apex 0.653  det h(25.08) 0.980 mean 0.9802 (best 1.1009)  sps  9491  std [0.254 0.25 ]
up  440 steps   3.60M  ret  3.183  apex 0.653  det h(25.08) 0.980 mean 0.9796 (best 1.1009)  sps  9521  std [0.25 0.25]
up  450 steps   3.69M  ret  3.167  apex 0.653  det h(25.08) 0.977 mean 0.9771 (best 1.1009)  sps  9570  std [0.252 0.25 ]
up  460 steps   3.77M  ret  3.170  apex 0.653  det h(25.08) 0.967 mean 0.9668 (best 1.1009)  sps  9554  std [0.253 0.255]
up  470 steps   3.85M  ret  3.103  apex 0.653  det h(25.08) 0.959 mean 0.9592 (best 1.1009)  sps  9455  std [0.252 0.254]
up  480 steps   3.93M  ret  3.080  apex 0.653  det h(25.08) 0.963 mean 0.9635 (best 1.1009)  sps  9419  std [0.25  0.251]
up  490 steps   4.01M  ret  3.101  apex 0.653  det h(25.08) 0.963 mean 0.9631 (best 1.1009)  sps  9457  std [0.25 0.25]
up  500 steps   4.10M  ret  3.082  apex 0.653  det h(25.08) 0.960 mean 0.9605 (best 1.1009)  sps  9602  std [0.25 0.25]
up  510 steps   4.18M  ret  3.077  apex 0.653  det h(25.08) 0.963 mean 0.9628 (best 1.1009)  sps  9479  std [0.25 0.25]
up  520 steps   4.26M  ret  3.121  apex 0.653  det h(25.08) 0.983 mean 0.9825 (best 1.1009)  sps  9559  std [0.251 0.25 ]
up  530 steps   4.34M  ret  3.169  apex 0.653  det h(25.08) 0.981 mean 0.9806 (best 1.1009)  sps  9519  std [0.252 0.252]
up  540 steps   4.42M  ret  3.163  apex 0.653  det h(25.08) 0.976 mean 0.9758 (best 1.1009)  sps  9573  std [0.25 0.25]
up  550 steps   4.51M  ret  3.140  apex 0.653  det h(25.08) 0.975 mean 0.9754 (best 1.1009)  sps  9557  std [0.25 0.25]
up  560 steps   4.59M  ret  3.128  apex 0.653  det h(25.08) 0.972 mean 0.9723 (best 1.1009)  sps  9609  std [0.252 0.252]
up  570 steps   4.67M  ret  3.124  apex 0.653  det h(25.08) 0.959 mean 0.9589 (best 1.1009)  sps  9603  std [0.25  0.252]
up  580 steps   4.75M  ret  3.074  apex 0.653  det h(25.08) 0.961 mean 0.9612 (best 1.1009)  sps  9644  std [0.252 0.25 ]
up  590 steps   4.83M  ret  3.081  apex 0.653  det h(25.08) 0.961 mean 0.9610 (best 1.1009)  sps  9544  std [0.25  0.253]
up  600 steps   4.92M  ret  2.758  apex 0.653  det h(25.08) 0.996 mean 0.9963 (best 1.1009)  sps  9584  std [0.265 0.256]
up  610 steps   5.00M  ret  3.081  apex 0.653  det h(25.08) 0.996 mean 0.9964 (best 1.1009)  sps  9522  std [0.252 0.258]
up  620 steps   5.08M  ret  3.215  apex 0.653  det h(25.08) 0.991 mean 0.9907 (best 1.1009)  sps  9623  std [0.252 0.25 ]
up  630 steps   5.16M  ret  3.304  apex 0.878  det h(25.08) 0.977 mean 0.9766 (best 1.1009)  sps  9364  std [0.262 0.26 ]
up  640 steps   5.24M  ret  3.136  apex 0.888  det h(25.08) 0.950 mean 0.9502 (best 1.1009)  sps  9476  std [0.266 0.272]
up  650 steps   5.32M  ret  2.975  apex 0.888  det h(25.08) 0.911 mean 0.9115 (best 1.1009)  sps  9577  std [0.254 0.265]
up  660 steps   5.41M  ret  2.820  apex 0.888  det h(25.08) 0.898 mean 0.8985 (best 1.1009)  sps  9515  std [0.254 0.254]
up  670 steps   5.49M  ret  2.743  apex 0.888  det h(25.08) 0.894 mean 0.8936 (best 1.1009)  sps  9570  std [0.259 0.25 ]
up  680 steps   5.57M  ret  2.859  apex 0.893  det h(25.08) 0.906 mean 0.9058 (best 1.1009)  sps  9563  std [0.254 0.25 ]
up  690 steps   5.65M  ret  3.031  apex 0.900  det h(25.08) 0.914 mean 0.9144 (best 1.1009)  sps  9444  std [0.256 0.257]
up  700 steps   5.73M  ret  3.086  apex 0.906  det h(25.08) 0.908 mean 0.9075 (best 1.1009)  sps  9621  std [0.264 0.269]
up  710 steps   5.82M  ret  3.072  apex 0.907  det h(25.08) 0.896 mean 0.8961 (best 1.1009)  sps  9480  std [0.262 0.275]
up  720 steps   5.90M  ret  3.028  apex 0.904  det h(25.08) 0.897 mean 0.8965 (best 1.1009)  sps  9574  std [0.268 0.29 ]
up  730 steps   5.98M  ret  3.209  apex 0.890  det h(25.08) 0.882 mean 0.8825 (best 1.1009)  sps  9467  std [0.258 0.295]
up  740 steps   6.06M  ret  3.092  apex 0.891  det h(25.08) 0.896 mean 0.8961 (best 1.1009)  sps  9655  std [0.257 0.312]
up  750 steps   6.14M  ret  3.185  apex 0.888  det h(25.08) 0.875 mean 0.8749 (best 1.1009)  sps  9502  std [0.254 0.298]
up  760 steps   6.23M  ret  2.873  apex 0.877  det h(25.08) 0.864 mean 0.8636 (best 1.1009)  sps  9488  std [0.252 0.323]
up  770 steps   6.31M  ret  3.074  apex 0.858  det h(25.08) 0.856 mean 0.8558 (best 1.1009)  sps  9395  std [0.25  0.309]
up  780 steps   6.39M  ret  2.871  apex 0.855  det h(25.08) 0.872 mean 0.8719 (best 1.1009)  sps  9526  std [0.26  0.325]
up  790 steps   6.47M  ret  2.714  apex 0.857  det h(25.08) 0.866 mean 0.8656 (best 1.1009)  sps  9489  std [0.264 0.339]
up  800 steps   6.55M  ret  2.790  apex 0.858  det h(25.08) 0.861 mean 0.8613 (best 1.1009)  sps  9467  std [0.264 0.352]
up  810 steps   6.64M  ret  2.976  apex 0.856  det h(25.08) 0.853 mean 0.8533 (best 1.1009)  sps  9577  std [0.261 0.338]
up  820 steps   6.72M  ret  3.027  apex 0.849  det h(25.08) 0.847 mean 0.8466 (best 1.1009)  sps  9553  std [0.257 0.336]
up  830 steps   6.80M  ret  2.975  apex 0.840  det h(25.08) 0.822 mean 0.8217 (best 1.1009)  sps  9467  std [0.271 0.329]
up  840 steps   6.88M  ret  2.702  apex 0.824  det h(25.08) 0.819 mean 0.8193 (best 1.1009)  sps  9425  std [0.29  0.346]
up  850 steps   6.96M  ret  2.731  apex 0.810  det h(25.08) 0.805 mean 0.8052 (best 1.1009)  sps  9589  std [0.288 0.34 ]
up  860 steps   7.05M  ret  2.771  apex 0.799  det h(25.08) 0.780 mean 0.7805 (best 1.1009)  sps  9514  std [0.283 0.338]
up  870 steps   7.13M  ret  2.470  apex 0.786  det h(25.08) 0.758 mean 0.7578 (best 1.1009)  sps  9345  std [0.283 0.341]
up  880 steps   7.21M  ret  2.301  apex 0.776  det h(25.08) 0.775 mean 0.7753 (best 1.1009)  sps  9644  std [0.271 0.355]
up  890 steps   7.29M  ret  2.608  apex 0.766  det h(25.08) 0.750 mean 0.7500 (best 1.1009)  sps  9555  std [0.276 0.353]
up  900 steps   7.37M  ret  2.493  apex 0.747  det h(25.08) 0.759 mean 0.7593 (best 1.1009)  sps  9581  std [0.261 0.353]
up  910 steps   7.45M  ret  2.558  apex 0.755  det h(25.08) 0.772 mean 0.7715 (best 1.1009)  sps  9471  std [0.25  0.323]
up  920 steps   7.54M  ret  2.638  apex 0.769  det h(25.08) 0.788 mean 0.7880 (best 1.1009)  sps  9596  std [0.251 0.297]
up  930 steps   7.62M  ret  2.568  apex 0.777  det h(25.08) 0.776 mean 0.7765 (best 1.1009)  sps  9634  std [0.261 0.305]
up  940 steps   7.70M  ret  2.671  apex 0.777  det h(25.08) 0.796 mean 0.7961 (best 1.1009)  sps  9406  std [0.256 0.305]
up  950 steps   7.78M  ret  2.570  apex 0.786  det h(25.08) 0.778 mean 0.7784 (best 1.1009)  sps  9615  std [0.263 0.31 ]
up  960 steps   7.86M  ret  2.645  apex 0.781  det h(25.08) 0.804 mean 0.8039 (best 1.1009)  sps  9615  std [0.268 0.294]
up  970 steps   7.95M  ret  2.804  apex 0.802  det h(25.08) 0.802 mean 0.8018 (best 1.1009)  sps  9501  std [0.27  0.298]
up  980 steps   8.03M  ret  2.766  apex 0.795  det h(25.08) 0.802 mean 0.8022 (best 1.1009)  sps  9442  std [0.258 0.293]
up  990 steps   8.11M  ret  2.773  apex 0.796  det h(25.08) 0.782 mean 0.7819 (best 1.1009)  sps  9383  std [0.26  0.304]
up 1000 steps   8.19M  ret  2.726  apex 0.785  det h(25.08) 0.792 mean 0.7922 (best 1.1009)  sps  9611  std [0.254 0.304]
up 1010 steps   8.27M  ret  2.760  apex 0.800  det h(25.08) 0.827 mean 0.8266 (best 1.1009)  sps  9640  std [0.257 0.289]
up 1020 steps   8.36M  ret  2.869  apex 0.816  det h(25.08) 0.823 mean 0.8225 (best 1.1009)  sps  9511  std [0.25  0.274]
up 1030 steps   8.44M  ret  2.886  apex 0.819  det h(25.08) 0.839 mean 0.8391 (best 1.1009)  sps  9536  std [0.25  0.253]
up 1040 steps   8.52M  ret  2.923  apex 0.834  det h(25.08) 0.845 mean 0.8449 (best 1.1009)  sps  9434  std [0.262 0.269]
up 1050 steps   8.60M  ret  2.816  apex 0.838  det h(25.08) 0.834 mean 0.8340 (best 1.1009)  sps  9607  std [0.26 0.3 ]
up 1060 steps   8.68M  ret  2.860  apex 0.821  det h(25.08) 0.824 mean 0.8238 (best 1.1009)  sps  9615  std [0.262 0.296]
up 1070 steps   8.77M  ret  2.828  apex 0.820  det h(25.08) 0.827 mean 0.8272 (best 1.1009)  sps  9544  std [0.269 0.303]
up 1080 steps   8.85M  ret  2.922  apex 0.829  det h(25.08) 0.834 mean 0.8341 (best 1.1009)  sps  9662  std [0.266 0.291]
up 1090 steps   8.93M  ret  2.954  apex 0.843  det h(25.08) 0.857 mean 0.8575 (best 1.1009)  sps  9577  std [0.265 0.29 ]
up 1100 steps   9.01M  ret  2.888  apex 0.849  det h(25.08) 0.851 mean 0.8509 (best 1.1009)  sps  9443  std [0.279 0.308]
up 1110 steps   9.09M  ret  3.002  apex 0.844  det h(25.08) 0.852 mean 0.8524 (best 1.1009)  sps  9493  std [0.259 0.293]
up 1120 steps   9.18M  ret  3.009  apex 0.845  det h(25.08) 0.858 mean 0.8576 (best 1.1009)  sps  9505  std [0.25 0.27]
up 1130 steps   9.26M  ret  3.035  apex 0.852  det h(25.08) 0.864 mean 0.8644 (best 1.1009)  sps  9694  std [0.25 0.26]
up 1140 steps   9.34M  ret  3.123  apex 0.867  det h(25.08) 0.887 mean 0.8872 (best 1.1009)  sps  9578  std [0.25  0.262]
up 1150 steps   9.42M  ret  3.221  apex 0.887  det h(25.08) 0.891 mean 0.8905 (best 1.1009)  sps  9537  std [0.25 0.25]
up 1160 steps   9.50M  ret  3.259  apex 0.894  det h(25.08) 0.905 mean 0.9052 (best 1.1009)  sps  9440  std [0.25 0.25]
up 1170 steps   9.58M  ret  3.318  apex 0.909  det h(25.08) 0.913 mean 0.9132 (best 1.1009)  sps  9669  std [0.256 0.25 ]
up 1180 steps   9.67M  ret  3.323  apex 0.910  det h(25.08) 0.908 mean 0.9079 (best 1.1009)  sps  9471  std [0.25  0.253]
up 1190 steps   9.75M  ret  3.306  apex 0.903  det h(25.08) 0.911 mean 0.9114 (best 1.1009)  sps  9470  std [0.25 0.25]
up 1200 steps   9.83M  ret  3.345  apex 0.911  det h(25.08) 0.924 mean 0.9245 (best 1.1009)  sps  9533  std [0.25 0.25]
up 1210 steps   9.91M  ret  3.380  apex 0.920  det h(25.08) 0.921 mean 0.9211 (best 1.1009)  sps  9633  std [0.25  0.252]
up 1220 steps   9.99M  ret  3.329  apex 0.912  det h(25.08) 0.913 mean 0.9132 (best 1.1009)  sps  9614  std [0.256 0.251]
up 1230 steps  10.08M  ret  3.324  apex 0.908  det h(25.08) 0.920 mean 0.9203 (best 1.1009)  sps  9552  std [0.259 0.255]
up 1240 steps  10.16M  ret  3.288  apex 0.913  det h(25.08) 0.916 mean 0.9163 (best 1.1009)  sps  9511  std [0.264 0.261]
up 1250 steps  10.24M  ret  3.278  apex 0.906  det h(25.08) 0.910 mean 0.9097 (best 1.1009)  sps  9366  std [0.264 0.258]
up 1260 steps  10.32M  ret  3.294  apex 0.901  det h(25.08) 0.889 mean 0.8892 (best 1.1009)  sps  9530  std [0.256 0.25 ]
up 1270 steps  10.40M  ret  3.273  apex 0.896  det h(25.08) 0.921 mean 0.9212 (best 1.1009)  sps  9549  std [0.255 0.253]
up 1280 steps  10.49M  ret  3.291  apex 0.901  det h(25.08) 0.912 mean 0.9116 (best 1.1009)  sps  9592  std [0.256 0.258]
up 1290 steps  10.57M  ret  3.310  apex 0.905  det h(25.08) 0.920 mean 0.9198 (best 1.1009)  sps  9626  std [0.25  0.264]
up 1300 steps  10.65M  ret  3.347  apex 0.912  det h(25.08) 0.928 mean 0.9278 (best 1.1009)  sps  9521  std [0.25 0.25]
up 1310 steps  10.73M  ret  3.376  apex 0.918  det h(25.08) 0.926 mean 0.9262 (best 1.1009)  sps  9512  std [0.25  0.254]
up 1320 steps  10.81M  ret  3.385  apex 0.919  det h(25.08) 0.934 mean 0.9344 (best 1.1009)  sps  9607  std [0.25 0.25]
up 1330 steps  10.90M  ret  3.406  apex 0.926  det h(25.08) 0.940 mean 0.9395 (best 1.1009)  sps  9484  std [0.25 0.25]
up 1340 steps  10.98M  ret  3.430  apex 0.934  det h(25.08) 0.943 mean 0.9433 (best 1.1009)  sps  9632  std [0.254 0.261]
up 1350 steps  11.06M  ret  3.461  apex 0.938  det h(25.08) 0.947 mean 0.9468 (best 1.1009)  sps  9578  std [0.26 0.26]
up 1360 steps  11.14M  ret  3.368  apex 0.940  det h(25.08) 0.949 mean 0.9495 (best 1.1009)  sps  9425  std [0.262 0.26 ]
up 1370 steps  11.22M  ret  3.389  apex 0.938  det h(25.08) 0.942 mean 0.9420 (best 1.1009)  sps  9510  std [0.276 0.272]
up 1380 steps  11.30M  ret  3.445  apex 0.933  det h(25.08) 0.943 mean 0.9434 (best 1.1009)  sps  9493  std [0.271 0.265]
up 1390 steps  11.39M  ret  2.661  apex 0.934  det h(25.08) 0.875 mean 0.8755 (best 1.1009)  sps  9576  std [0.3   0.305]
up 1400 steps  11.47M  ret  2.195  apex 0.933  det h(25.08) 0.862 mean 0.8616 (best 1.1009)  sps  9552  std [0.315 0.315]
up 1410 steps  11.55M  ret  2.095  apex 0.933  det h(25.08) 0.857 mean 0.8567 (best 1.1009)  sps  9391  std [0.325 0.318]
up 1420 steps  11.63M  ret  2.051  apex 0.933  det h(25.08) 0.856 mean 0.8558 (best 1.1009)  sps  9535  std [0.334 0.316]
up 1430 steps  11.71M  ret  2.055  apex 0.933  det h(25.08) 0.869 mean 0.8688 (best 1.1009)  sps  9556  std [0.337 0.31 ]
up 1440 steps  11.80M  ret  2.090  apex 0.933  det h(25.08) 0.889 mean 0.8894 (best 1.1009)  sps  9441  std [0.33  0.322]
up 1450 steps  11.88M  ret -0.117  apex 0.933  det h(25.08) 0.911 mean 0.9115 (best 1.1009)  sps  9504  std [0.321 0.303]
up 1460 steps  11.96M  ret  0.230  apex 0.933  det h(25.08) 0.931 mean 0.9315 (best 1.1009)  sps  9489  std [0.302 0.283]
up 1470 steps  12.04M  ret  0.833  apex 0.929  det h(25.08) 0.922 mean 0.9220 (best 1.1009)  sps  9590  std [0.3   0.268]
up 1480 steps  12.12M  ret  2.203  apex 0.926  det h(25.08) 0.894 mean 0.8939 (best 1.1009)  sps  9461  std [0.285 0.268]
up 1490 steps  12.21M  ret  1.814  apex 0.926  det h(25.08) 0.878 mean 0.8776 (best 1.1009)  sps  9480  std [0.285 0.278]
up 1500 steps  12.29M  ret  1.955  apex 0.926  det h(25.08) 0.899 mean 0.8985 (best 1.1009)  sps  9509  std [0.28  0.287]
up 1510 steps  12.37M  ret  2.025  apex 0.926  det h(25.08) 0.903 mean 0.9026 (best 1.1009)  sps  9625  std [0.254 0.276]
up 1520 steps  12.45M  ret  2.115  apex 0.925  det h(25.08) 0.917 mean 0.9171 (best 1.1009)  sps  9467  std [0.25  0.281]
up 1530 steps  12.53M  ret  2.898  apex 0.919  det h(25.08) 0.920 mean 0.9197 (best 1.1009)  sps  9517  std [0.255 0.289]
up 1540 steps  12.62M  ret  3.328  apex 0.914  det h(25.08) 0.917 mean 0.9168 (best 1.1009)  sps  9599  std [0.259 0.29 ]
up 1550 steps  12.70M  ret  3.361  apex 0.917  det h(25.08) 0.923 mean 0.9226 (best 1.1009)  sps  9655  std [0.25  0.278]
up 1560 steps  12.78M  ret  3.389  apex 0.925  det h(25.08) 0.931 mean 0.9311 (best 1.1009)  sps  9549  std [0.251 0.268]
up 1570 steps  12.86M  ret  3.419  apex 0.932  det h(25.08) 0.941 mean 0.9407 (best 1.1009)  sps  9547  std [0.25  0.284]
up 1580 steps  12.94M  ret  3.341  apex 0.937  det h(25.08) 0.936 mean 0.9358 (best 1.1009)  sps  9633  std [0.256 0.302]
up 1590 steps  13.03M  ret  2.989  apex 0.938  det h(25.08) 0.936 mean 0.9355 (best 1.1009)  sps  9499  std [0.272 0.297]
up 1600 steps  13.11M  ret  2.812  apex 0.938  det h(25.08) 0.939 mean 0.9391 (best 1.1009)  sps  9598  std [0.29  0.306]
up 1610 steps  13.19M  ret  2.935  apex 0.938  det h(25.08) 0.930 mean 0.9302 (best 1.1009)  sps  9661  std [0.277 0.295]
up 1620 steps  13.27M  ret  2.920  apex 0.938  det h(25.08) 0.937 mean 0.9371 (best 1.1009)  sps  9510  std [0.26  0.292]
up 1630 steps  13.35M  ret  2.953  apex 0.938  det h(25.08) 0.932 mean 0.9319 (best 1.1009)  sps  9519  std [0.261 0.279]
up 1640 steps  13.43M  ret  2.881  apex 0.938  det h(25.08) 0.907 mean 0.9071 (best 1.1009)  sps  9693  std [0.271 0.29 ]
up 1650 steps  13.52M  ret  2.791  apex 0.938  det h(25.08) 0.905 mean 0.9048 (best 1.1009)  sps  9437  std [0.261 0.272]
up 1660 steps  13.60M  ret  2.793  apex 0.938  det h(25.08) 0.890 mean 0.8895 (best 1.1009)  sps  9561  std [0.25  0.279]
up 1670 steps  13.68M  ret  2.767  apex 0.938  det h(25.08) 0.888 mean 0.8881 (best 1.1009)  sps  9616  std [0.253 0.277]
up 1680 steps  13.76M  ret  2.738  apex 0.938  det h(25.08) 0.893 mean 0.8932 (best 1.1009)  sps  9625  std [0.25 0.29]
up 1690 steps  13.84M  ret  2.772  apex 0.938  det h(25.08) 0.911 mean 0.9107 (best 1.1009)  sps  9606  std [0.253 0.28 ]
up 1700 steps  13.93M  ret  2.823  apex 0.938  det h(25.08) 0.898 mean 0.8982 (best 1.1009)  sps  9458  std [0.25  0.276]
up 1710 steps  14.01M  ret  2.769  apex 0.938  det h(25.08) 0.880 mean 0.8801 (best 1.1009)  sps  9584  std [0.25 0.27]
up 1720 steps  14.09M  ret  2.586  apex 0.938  det h(25.08) 0.885 mean 0.8853 (best 1.1009)  sps  9594  std [0.255 0.258]
up 1730 steps  14.17M  ret  2.732  apex 0.938  det h(25.08) 0.895 mean 0.8947 (best 1.1009)  sps  9535  std [0.26  0.259]
up 1740 steps  14.25M  ret  2.834  apex 0.938  det h(25.08) 0.918 mean 0.9179 (best 1.1009)  sps  9529  std [0.263 0.274]
up 1750 steps  14.34M  ret  2.861  apex 0.938  det h(25.08) 0.923 mean 0.9232 (best 1.1009)  sps  9490  std [0.25  0.267]
up 1760 steps  14.42M  ret  2.867  apex 0.938  det h(25.08) 0.929 mean 0.9286 (best 1.1009)  sps  9467  std [0.252 0.269]
up 1770 steps  14.50M  ret  2.886  apex 0.938  det h(25.08) 0.935 mean 0.9348 (best 1.1009)  sps  9466  std [0.25  0.261]
up 1780 steps  14.58M  ret  2.954  apex 0.938  det h(25.08) 0.945 mean 0.9446 (best 1.1009)  sps  9651  std [0.257 0.258]
up 1790 steps  14.66M  ret  2.972  apex 0.938  det h(25.08) 0.945 mean 0.9448 (best 1.1009)  sps  9512  std [0.25  0.256]
up 1800 steps  14.75M  ret  2.992  apex 0.938  det h(25.08) 0.951 mean 0.9506 (best 1.1009)  sps  9547  std [0.25  0.251]
up 1810 steps  14.83M  ret  3.019  apex 0.938  det h(25.08) 0.956 mean 0.9564 (best 1.1009)  sps  9499  std [0.251 0.255]
up 1820 steps  14.91M  ret  3.045  apex 0.938  det h(25.08) 0.960 mean 0.9602 (best 1.1009)  sps  9585  std [0.25 0.26]
up 1830 steps  14.99M  ret  3.025  apex 0.938  det h(25.08) 0.949 mean 0.9487 (best 1.1009)  sps  9470  std [0.252 0.254]
up 1840 steps  15.07M  ret  3.023  apex 0.938  det h(25.08) 0.956 mean 0.9563 (best 1.1009)  sps  9535  std [0.256 0.25 ]
up 1850 steps  15.16M  ret  3.015  apex 0.938  det h(25.08) 0.957 mean 0.9573 (best 1.1009)  sps  9528  std [0.271 0.25 ]
up 1860 steps  15.24M  ret  3.056  apex 0.938  det h(25.08) 0.969 mean 0.9691 (best 1.1009)  sps  9515  std [0.272 0.255]
up 1870 steps  15.32M  ret  3.084  apex 0.938  det h(25.08) 0.963 mean 0.9635 (best 1.1009)  sps  9468  std [0.266 0.264]
up 1880 steps  15.40M  ret  3.162  apex 0.941  det h(25.08) 0.971 mean 0.9712 (best 1.1009)  sps  9458  std [0.25 0.25]
up 1890 steps  15.48M  ret  3.588  apex 0.968  det h(25.08) 0.988 mean 0.9877 (best 1.1009)  sps  9448  std [0.26  0.253]
up 1900 steps  15.56M  ret  3.603  apex 0.977  det h(25.08) 0.968 mean 0.9677 (best 1.1009)  sps  9582  std [0.272 0.259]
up 1910 steps  15.65M  ret  3.537  apex 0.952  det h(25.08) 0.932 mean 0.9320 (best 1.1009)  sps  9527  std [0.267 0.26 ]
up 1920 steps  15.73M  ret  3.429  apex 0.935  det h(25.08) 0.947 mean 0.9470 (best 1.1009)  sps  9480  std [0.269 0.262]
up 1930 steps  15.81M  ret  3.423  apex 0.948  det h(25.08) 0.957 mean 0.9572 (best 1.1009)  sps  9521  std [0.259 0.268]
up 1940 steps  15.89M  ret  3.560  apex 0.955  det h(25.08) 0.955 mean 0.9552 (best 1.1009)  sps  9579  std [0.255 0.252]
up 1950 steps  15.97M  ret  3.572  apex 0.959  det h(25.08) 0.964 mean 0.9641 (best 1.1009)  sps  9493  std [0.255 0.255]
up 1960 steps  16.06M  ret  3.590  apex 0.963  det h(25.08) 0.972 mean 0.9716 (best 1.1009)  sps  9508  std [0.252 0.25 ]
up 1970 steps  16.14M  ret  3.642  apex 0.973  det h(25.08) 0.983 mean 0.9830 (best 1.1009)  sps  9598  std [0.253 0.252]
up 1980 steps  16.22M  ret  3.688  apex 0.981  det h(25.08) 0.984 mean 0.9842 (best 1.1009)  sps  9495  std [0.25  0.255]
up 1990 steps  16.30M  ret  3.345  apex 0.983  det h(25.08) 0.991 mean 0.9906 (best 1.1009)  sps  9633  std [0.266 0.275]
up 2000 steps  16.38M  ret  3.366  apex 0.985  det h(25.08) 0.994 mean 0.9943 (best 1.1009)  sps  9517  std [0.255 0.262]
up 2010 steps  16.47M  ret  3.295  apex 0.986  det h(25.08) 0.991 mean 0.9912 (best 1.1009)  sps  9490  std [0.251 0.256]
up 2020 steps  16.55M  ret  3.348  apex 0.988  det h(25.08) 0.991 mean 0.9915 (best 1.1009)  sps  9659  std [0.251 0.253]
up 2030 steps  16.63M  ret  3.604  apex 0.985  det h(25.08) 0.969 mean 0.9694 (best 1.1009)  sps  9558  std [0.253 0.254]
up 2040 steps  16.71M  ret  3.628  apex 0.969  det h(25.08) 0.979 mean 0.9795 (best 1.1009)  sps  9476  std [0.261 0.262]
up 2050 steps  16.79M  ret  3.669  apex 0.978  det h(25.08) 0.981 mean 0.9806 (best 1.1009)  sps  9613  std [0.253 0.255]
up 2060 steps  16.88M  ret  3.686  apex 0.982  det h(25.08) 0.989 mean 0.9885 (best 1.1009)  sps  9547  std [0.251 0.25 ]
up 2070 steps  16.96M  ret  3.713  apex 0.986  det h(25.08) 0.988 mean 0.9882 (best 1.1009)  sps  9368  std [0.253 0.25 ]
up 2080 steps  17.04M  ret  3.675  apex 0.987  det h(25.08) 0.981 mean 0.9807 (best 1.1009)  sps  9536  std [0.25  0.254]
up 2090 steps  17.12M  ret  3.627  apex 0.978  det h(25.08) 0.982 mean 0.9821 (best 1.1009)  sps  9517  std [0.253 0.269]
up 2100 steps  17.20M  ret  3.657  apex 0.978  det h(25.08) 0.987 mean 0.9873 (best 1.1009)  sps  9544  std [0.25 0.28]
up 2110 steps  17.29M  ret  3.572  apex 0.982  det h(25.08) 0.988 mean 0.9878 (best 1.1009)  sps  9438  std [0.266 0.292]
up 2120 steps  17.37M  ret  3.694  apex 0.984  det h(25.08) 0.994 mean 0.9935 (best 1.1009)  sps  9525  std [0.25  0.288]
up 2130 steps  17.45M  ret  3.728  apex 0.990  det h(25.08) 1.000 mean 0.9999 (best 1.1009)  sps  9444  std [0.25  0.279]
up 2140 steps  17.53M  ret  3.764  apex 0.997  det h(25.08) 1.007 mean 1.0073 (best 1.1009)  sps  9525  std [0.251 0.269]
up 2150 steps  17.61M  ret  3.803  apex 1.005  det h(25.08) 1.010 mean 1.0096 (best 1.1009)  sps  9522  std [0.254 0.264]
up 2160 steps  17.69M  ret  3.797  apex 1.007  det h(25.08) 1.015 mean 1.0154 (best 1.1009)  sps  9602  std [0.261 0.26 ]
up 2170 steps  17.78M  ret  3.813  apex 1.013  det h(25.08) 1.014 mean 1.0136 (best 1.1009)  sps  9523  std [0.25  0.252]
up 2180 steps  17.86M  ret  3.840  apex 1.014  det h(25.08) 1.022 mean 1.0222 (best 1.1009)  sps  9463  std [0.25 0.25]
up 2190 steps  17.94M  ret  3.860  apex 1.019  det h(25.08) 1.025 mean 1.0253 (best 1.1009)  sps  9645  std [0.25 0.25]
up 2200 steps  18.02M  ret  3.892  apex 1.024  det h(25.08) 1.024 mean 1.0240 (best 1.1009)  sps  9482  std [0.25 0.25]
up 2210 steps  18.10M  ret  3.875  apex 1.023  det h(25.08) 1.031 mean 1.0311 (best 1.1009)  sps  9600  std [0.25 0.25]
up 2220 steps  18.19M  ret  3.723  apex 1.031  det h(25.08) 1.025 mean 1.0254 (best 1.1009)  sps  9381  std [0.25  0.257]
up 2230 steps  18.27M  ret  3.892  apex 1.030  det h(25.08) 1.033 mean 1.0328 (best 1.1009)  sps  9467  std [0.251 0.264]
up 2240 steps  18.35M  ret  3.818  apex 1.028  det h(25.08) 1.030 mean 1.0297 (best 1.1009)  sps  9591  std [0.25  0.259]
up 2250 steps  18.43M  ret  3.883  apex 1.031  det h(25.08) 1.041 mean 1.0406 (best 1.1009)  sps  9652  std [0.251 0.255]
up 2260 steps  18.51M  ret  3.956  apex 1.039  det h(25.08) 1.042 mean 1.0421 (best 1.1009)  sps  9563  std [0.253 0.261]
up 2270 steps  18.60M  ret  3.935  apex 1.039  det h(25.08) 1.037 mean 1.0370 (best 1.1009)  sps  9609  std [0.25 0.27]
up 2280 steps  18.68M  ret  3.925  apex 1.034  det h(25.08) 1.037 mean 1.0367 (best 1.1009)  sps  9560  std [0.255 0.259]
up 2290 steps  18.76M  ret  3.929  apex 1.035  det h(25.08) 1.052 mean 1.0520 (best 1.1009)  sps  9615  std [0.258 0.263]
up 2300 steps  18.84M  ret  3.884  apex 1.048  det h(25.08) 1.050 mean 1.0497 (best 1.1009)  sps  9451  std [0.253 0.266]
up 2310 steps  18.92M  ret  3.922  apex 1.047  det h(25.08) 1.045 mean 1.0451 (best 1.1009)  sps  9484  std [0.254 0.261]
up 2320 steps  19.01M  ret  3.949  apex 1.042  det h(25.08) 1.044 mean 1.0439 (best 1.1009)  sps  9491  std [0.257 0.279]
up 2330 steps  19.09M  ret  3.938  apex 1.040  det h(25.08) 1.043 mean 1.0429 (best 1.1009)  sps  9462  std [0.25  0.304]
up 2340 steps  19.17M  ret  3.905  apex 1.040  det h(25.08) 1.043 mean 1.0431 (best 1.1009)  sps  9594  std [0.259 0.305]
up 2350 steps  19.25M  ret  3.675  apex 1.041  det h(25.08) 1.044 mean 1.0442 (best 1.1009)  sps  9620  std [0.293 0.336]
up 2360 steps  19.33M  ret  3.787  apex 1.041  det h(25.08) 1.034 mean 1.0341 (best 1.1009)  sps  9366  std [0.289 0.321]
up 2370 steps  19.42M  ret  3.888  apex 1.034  det h(25.08) 1.037 mean 1.0370 (best 1.1009)  sps  9451  std [0.284 0.324]
up 2380 steps  19.50M  ret  3.862  apex 1.032  det h(25.08) 1.030 mean 1.0299 (best 1.1009)  sps  9563  std [0.265 0.321]
up 2390 steps  19.58M  ret  3.893  apex 1.029  det h(25.08) 1.033 mean 1.0334 (best 1.1009)  sps  9582  std [0.257 0.319]
up 2400 steps  19.66M  ret  3.909  apex 1.032  det h(25.08) 1.035 mean 1.0354 (best 1.1009)  sps  9574  std [0.25  0.298]
up 2410 steps  19.74M  ret  3.921  apex 1.035  det h(25.08) 1.036 mean 1.0364 (best 1.1009)  sps  9489  std [0.254 0.287]
up 2420 steps  19.82M  ret  3.921  apex 1.034  det h(25.08) 1.031 mean 1.0313 (best 1.1009)  sps  9593  std [0.253 0.272]
up 2430 steps  19.91M  ret  3.875  apex 1.024  det h(25.08) 1.020 mean 1.0199 (best 1.1009)  sps  9503  std [0.252 0.278]
up 2440 steps  19.99M  ret  3.877  apex 1.023  det h(25.08) 1.028 mean 1.0282 (best 1.1009)  sps  9322  std [0.259 0.288]
up 2450 steps  20.07M  ret  3.904  apex 1.029  det h(25.08) 1.028 mean 1.0285 (best 1.1009)  sps  9496  std [0.25  0.271]
up 2460 steps  20.15M  ret  3.767  apex 1.028  det h(25.08) 1.031 mean 1.0312 (best 1.1009)  sps  9548  std [0.253 0.294]
up 2470 steps  20.23M  ret  3.768  apex 1.028  det h(25.08) 1.044 mean 1.0435 (best 1.1009)  sps  9520  std [0.25 0.29]
up 2480 steps  20.32M  ret  3.919  apex 1.037  det h(25.08) 1.036 mean 1.0356 (best 1.1009)  sps  9593  std [0.259 0.281]
up 2490 steps  20.40M  ret  3.901  apex 1.033  det h(25.08) 1.034 mean 1.0338 (best 1.1009)  sps  9529  std [0.25  0.267]
up 2500 steps  20.48M  ret  3.908  apex 1.033  det h(25.08) 1.033 mean 1.0330 (best 1.1009)  sps  9589  std [0.25  0.253]
up 2510 steps  20.56M  ret  3.885  apex 1.032  det h(25.08) 1.034 mean 1.0339 (best 1.1009)  sps  9579  std [0.252 0.25 ]
up 2520 steps  20.64M  ret  3.891  apex 1.032  det h(25.08) 1.039 mean 1.0391 (best 1.1009)  sps  9574  std [0.25  0.255]
up 2530 steps  20.73M  ret  3.915  apex 1.037  det h(25.08) 1.030 mean 1.0302 (best 1.1009)  sps  9481  std [0.25  0.273]
up 2540 steps  20.81M  ret  3.863  apex 1.029  det h(25.08) 1.025 mean 1.0247 (best 1.1009)  sps  9618  std [0.25  0.276]
up 2550 steps  20.89M  ret  3.869  apex 1.025  det h(25.08) 1.028 mean 1.0284 (best 1.1009)  sps  9594  std [0.25 0.27]
up 2560 steps  20.97M  ret  3.885  apex 1.026  det h(25.08) 1.035 mean 1.0350 (best 1.1009)  sps  9524  std [0.253 0.252]
up 2570 steps  21.05M  ret  3.933  apex 1.033  det h(25.08) 1.038 mean 1.0380 (best 1.1009)  sps  9536  std [0.251 0.25 ]
up 2580 steps  21.14M  ret  3.945  apex 1.035  det h(25.08) 1.040 mean 1.0401 (best 1.1009)  sps  9372  std [0.25 0.25]
up 2590 steps  21.22M  ret  3.891  apex 1.039  det h(25.08) 1.063 mean 1.0626 (best 1.1009)  sps  9482  std [0.252 0.252]
up 2600 steps  21.30M  ret  3.447  apex 1.045  det h(25.08) 1.048 mean 1.0483 (best 1.1009)  sps  9487  std [0.259 0.273]
up 2610 steps  21.38M  ret  3.655  apex 1.046  det h(25.08) 1.039 mean 1.0395 (best 1.1009)  sps  9542  std [0.256 0.273]
up 2620 steps  21.46M  ret  3.800  apex 1.042  det h(25.08) 1.042 mean 1.0425 (best 1.1009)  sps  9594  std [0.252 0.261]
up 2630 steps  21.54M  ret  3.884  apex 1.044  det h(25.08) 1.046 mean 1.0457 (best 1.1009)  sps  9485  std [0.251 0.25 ]
up 2640 steps  21.63M  ret  3.946  apex 1.046  det h(25.08) 1.051 mean 1.0507 (best 1.1009)  sps  9449  std [0.254 0.26 ]
up 2650 steps  21.71M  ret  3.928  apex 1.046  det h(25.08) 1.045 mean 1.0447 (best 1.1009)  sps  9561  std [0.26  0.263]
up 2660 steps  21.79M  ret  3.945  apex 1.045  det h(25.08) 1.044 mean 1.0439 (best 1.1009)  sps  9503  std [0.254 0.262]
up 2670 steps  21.87M  ret  3.947  apex 1.043  det h(25.08) 1.036 mean 1.0360 (best 1.1009)  sps  9546  std [0.251 0.261]
up 2680 steps  21.95M  ret  3.928  apex 1.036  det h(25.08) 1.034 mean 1.0340 (best 1.1009)  sps  9489  std [0.252 0.261]
up 2690 steps  22.04M  ret  3.937  apex 1.034  det h(25.08) 1.030 mean 1.0304 (best 1.1009)  sps  9525  std [0.252 0.25 ]
up 2700 steps  22.12M  ret  3.899  apex 1.026  det h(25.08) 1.023 mean 1.0228 (best 1.1009)  sps  9572  std [0.254 0.253]
up 2710 steps  22.20M  ret  3.785  apex 1.019  det h(25.08) 1.016 mean 1.0162 (best 1.1009)  sps  9490  std [0.251 0.258]
up 2720 steps  22.28M  ret  3.857  apex 1.016  det h(25.08) 1.020 mean 1.0196 (best 1.1009)  sps  9399  std [0.254 0.251]
up 2730 steps  22.36M  ret  3.874  apex 1.020  det h(25.08) 1.025 mean 1.0248 (best 1.1009)  sps  9585  std [0.255 0.25 ]
up 2740 steps  22.45M  ret  3.894  apex 1.024  det h(25.08) 1.027 mean 1.0275 (best 1.1009)  sps  9478  std [0.254 0.25 ]
up 2750 steps  22.53M  ret  3.869  apex 1.018  det h(25.08) 1.016 mean 1.0157 (best 1.1009)  sps  9591  std [0.252 0.252]
up 2760 steps  22.61M  ret  3.860  apex 1.016  det h(25.08) 1.022 mean 1.0217 (best 1.1009)  sps  9535  std [0.253 0.25 ]
up 2770 steps  22.69M  ret  3.882  apex 1.020  det h(25.08) 1.029 mean 1.0285 (best 1.1009)  sps  9509  std [0.25  0.252]
up 2780 steps  22.77M  ret  3.907  apex 1.026  det h(25.08) 1.027 mean 1.0275 (best 1.1009)  sps  9413  std [0.256 0.25 ]
up 2790 steps  22.86M  ret  3.918  apex 1.028  det h(25.08) 1.035 mean 1.0351 (best 1.1009)  sps  9551  std [0.25  0.251]
up 2800 steps  22.94M  ret  3.936  apex 1.032  det h(25.08) 1.032 mean 1.0322 (best 1.1009)  sps  9649  std [0.25 0.25]
up 2810 steps  23.02M  ret  3.908  apex 1.027  det h(25.08) 1.027 mean 1.0270 (best 1.1009)  sps  9561  std [0.252 0.25 ]
up 2820 steps  23.10M  ret  3.895  apex 1.031  det h(25.08) 1.037 mean 1.0371 (best 1.1009)  sps  9504  std [0.261 0.258]
up 2830 steps  23.18M  ret  3.930  apex 1.034  det h(25.08) 1.035 mean 1.0350 (best 1.1009)  sps  9552  std [0.258 0.258]
up 2840 steps  23.27M  ret  3.884  apex 1.025  det h(25.08) 1.025 mean 1.0249 (best 1.1009)  sps  9541  std [0.255 0.257]
up 2850 steps  23.35M  ret  3.866  apex 1.020  det h(25.08) 1.025 mean 1.0246 (best 1.1009)  sps  9545  std [0.25  0.261]
up 2860 steps  23.43M  ret  3.829  apex 1.022  det h(25.08) 1.026 mean 1.0261 (best 1.1009)  sps  9512  std [0.252 0.266]
up 2870 steps  23.51M  ret  3.874  apex 1.023  det h(25.08) 1.018 mean 1.0182 (best 1.1009)  sps  9577  std [0.252 0.252]
up 2880 steps  23.59M  ret  3.863  apex 1.022  det h(25.08) 1.029 mean 1.0292 (best 1.1009)  sps  9491  std [0.252 0.261]
up 2890 steps  23.67M  ret  3.898  apex 1.028  det h(25.08) 1.036 mean 1.0363 (best 1.1009)  sps  9402  std [0.254 0.263]
up 2900 steps  23.76M  ret  3.451  apex 1.031  det h(25.08) 1.035 mean 1.0348 (best 1.1009)  sps  9462  std [0.274 0.292]
up 2910 steps  23.84M  ret  3.744  apex 1.032  det h(25.08) 1.027 mean 1.0274 (best 1.1009)  sps  9508  std [0.267 0.277]
up 2920 steps  23.92M  ret  3.768  apex 1.026  det h(25.08) 1.023 mean 1.0228 (best 1.1009)  sps  9630  std [0.27  0.287]
up 2930 steps  24.00M  ret  3.862  apex 1.020  det h(25.08) 1.016 mean 1.0157 (best 1.1009)  sps  9625  std [0.265 0.294]
early stop: plateau (best 1.1009 이후 120회 미개선)
done — steps 24002560 wall 42.7min best_h 1.1009 (plateau (best 1.1009 이후 120회 미개선))
curve saved: t0wc_ppo_curve_lifix25p08_long_05ms.png
===== t0_rollout_long.py fix:25.08:0.5 =====
warm-start from previous mshoot best
warm-start from previous fourbar best
setup done [2s] — clip=25.581 law=(-0.3823, 0.6301, 7.2968) c_cvt=0.7926 k_rise=0.2656 tm=1.31ms n429=10
  golden A — 0429/60_0.75_60_2    : dq2 RMSE=1.8560
  golden A — 0429/60_1.5_60_1.5   : dq2 RMSE=2.1339
  golden A — 0429/90_0.75_90_2    : dq2 RMSE=2.3594
  golden A — 0429/90_1.5_90_2.5   : dq2 RMSE=2.3440
  golden A — 0429/120_2_120_2     : dq2 RMSE=2.4115
  golden A — 0429/120_2.2_150_2.5 : dq2 RMSE=2.4855
  golden A — 0429/120_2.2_200_2.8 : dq2 RMSE=2.3865
  golden A — 0429/150_2.2_250_3   : dq2 RMSE=3.3899
  golden A — 0429/150_2.2_350_3.5 : dq2 RMSE=3.7922
  golden A — 0429/150_2.2_500_4   : dq2 RMSE=2.8979
  golden A — session mean 2.6057 (canonical 2.6057) PASS
  golden B — 0429/60_0.75_60_2 env vs cl_run23(is_cvt, l_i=25.08, clip=25.581) max|Δ|=0.000e+00 PASS
GOLDEN PASS (A: 0429 재생 세션평균 / B: env CVT 스텝 비트일치, clip=25.581)
[final] l_i= 25.08mm  h=1.0157  audit=PASS  stance=0.118s  내삽
[best] l_i= 25.08mm  h=1.1009  audit=FAIL  stance=0.102s  내삽

l_i* = 25.08 mm (final ckpt)  h=1.0157 m  pass_all=True  extrapolated=False
saved: t0wc_ppo_lifix25p08_long_05ms.npz / t0wc_ppo_audit_lifix25p08_long_05ms.json [1s]
===== t0_train_long.py fix:28:0.5 =====
warm-start from previous mshoot best
warm-start from previous fourbar best
setup done [2s] — clip=25.581 law=(-0.3823, 0.6301, 7.2968) c_cvt=0.7926 k_rise=0.2656 tm=1.31ms n429=10
  golden A — 0429/60_0.75_60_2    : dq2 RMSE=1.8560
  golden A — 0429/60_1.5_60_1.5   : dq2 RMSE=2.1339
  golden A — 0429/90_0.75_90_2    : dq2 RMSE=2.3594
  golden A — 0429/90_1.5_90_2.5   : dq2 RMSE=2.3440
  golden A — 0429/120_2_120_2     : dq2 RMSE=2.4115
  golden A — 0429/120_2.2_150_2.5 : dq2 RMSE=2.4855
  golden A — 0429/120_2.2_200_2.8 : dq2 RMSE=2.3865
  golden A — 0429/150_2.2_250_3   : dq2 RMSE=3.3899
  golden A — 0429/150_2.2_350_3.5 : dq2 RMSE=3.7922
  golden A — 0429/150_2.2_500_4   : dq2 RMSE=2.8979
  golden A — session mean 2.6057 (canonical 2.6057) PASS
  golden B — 0429/60_0.75_60_2 env vs cl_run23(is_cvt, l_i=25.08, clip=25.581) max|Δ|=0.000e+00 PASS
GOLDEN PASS (A: 0429 재생 세션평균 / B: env CVT 스텝 비트일치, clip=25.581)
[dev] NVIDIA GeForce RTX 5080 (hid 128): 400 mb-updates cpu 0.258s / gpu 0.256s → 2x128 넷이 작아 CPU가 빠름 (물리 스텝이 병목) — CPU 사용
[bc] teacher t0wc_cl_li28.npz (li=28.0): 1200 pairs, replay apex=1.094 (teacher h=1.117)
[bc] fit: MSE 0.3115 → 0.000481 (4000 iters)
[bc] det-eval h: {'28': 1.0958}
warm-start from previous mshoot best
warm-start from previous fourbar best
warm-start from previous mshoot best
warm-start from previous fourbar best
warm-start from previous mshoot best
warm-start from previous fourbar best
warm-start from previous mshoot best
warm-start from previous fourbar best
warm-start from previous mshoot best
warm-start from previous fourbar best
warm-start from previous mshoot best
warm-start from previous fourbar best
warm-start from previous mshoot best
warm-start from previous fourbar best
warm-start from previous mshoot best
warm-start from previous fourbar best
setup done [3s] — clip=25.581 law=(-0.3823, 0.6301, 7.2968) c_cvt=0.7926 k_rise=0.2656 tm=1.31ms n429=10
setup done [3s] — clip=25.581 law=(-0.3823, 0.6301, 7.2968) c_cvt=0.7926 k_rise=0.2656 tm=1.31ms n429=10
setup done [3s] — clip=25.581 law=(-0.3823, 0.6301, 7.2968) c_cvt=0.7926 k_rise=0.2656 tm=1.31ms n429=10
setup done [3s] — clip=25.581 law=(-0.3823, 0.6301, 7.2968) c_cvt=0.7926 k_rise=0.2656 tm=1.31ms n429=10
setup done [3s] — clip=25.581 law=(-0.3823, 0.6301, 7.2968) c_cvt=0.7926 k_rise=0.2656 tm=1.31ms n429=10
setup done [3s] — clip=25.581 law=(-0.3823, 0.6301, 7.2968) c_cvt=0.7926 k_rise=0.2656 tm=1.31ms n429=10
setup done [3s] — clip=25.581 law=(-0.3823, 0.6301, 7.2968) c_cvt=0.7926 k_rise=0.2656 tm=1.31ms n429=10
setup done [3s] — clip=25.581 law=(-0.3823, 0.6301, 7.2968) c_cvt=0.7926 k_rise=0.2656 tm=1.31ms n429=10
[mp] 8 workers × 2 envs = 16 — ready [15s]
PPO start — 11718 updates × batch 8192 (dev cpu, clip=25.581)
up   10 steps   0.08M  ret  0.855  apex 0.819  det h(28) 1.096 mean 1.0958 (best 1.0958)  sps 13835  std [0.4 0.4]  [VF-warm]
up   20 steps   0.16M  ret  0.669  apex 0.819  det h(28) 1.096 mean 1.0958 (best 1.0958)  sps 13948  std [0.4 0.4]  [VF-warm]
up   30 steps   0.25M  ret  1.110  apex 0.813  det h(28) 0.185 mean 0.1845 (best 1.0958)  sps  9367  std [0.4   0.406]
up   40 steps   0.33M  ret -0.218  apex 0.786  det h(28) 0.184 mean 0.1845 (best 1.0958)  sps  9303  std [0.428 0.434]
up   50 steps   0.41M  ret -0.506  apex 0.763  det h(28) 0.185 mean 0.1845 (best 1.0958)  sps  9283  std [0.434 0.485]
up   60 steps   0.49M  ret -0.508  apex 0.718  det h(28) 0.185 mean 0.1845 (best 1.0958)  sps  9526  std [0.424 0.47 ]
up   70 steps   0.57M  ret -0.506  apex 0.707  det h(28) 0.185 mean 0.1845 (best 1.0958)  sps  9267  std [0.416 0.452]
up   80 steps   0.66M  ret  0.172  apex 0.558  det h(28) 0.539 mean 0.5391 (best 1.0958)  sps  9425  std [0.429 0.44 ]
up   90 steps   0.74M  ret  0.520  apex 0.508  det h(28) 0.540 mean 0.5402 (best 1.0958)  sps  9404  std [0.42  0.424]
up  100 steps   0.82M  ret  0.606  apex 0.517  det h(28) 0.625 mean 0.6246 (best 1.0958)  sps  9450  std [0.436 0.396]
up  110 steps   0.90M  ret  1.074  apex 0.629  det h(28) 0.566 mean 0.5663 (best 1.0958)  sps  9487  std [0.43  0.398]
up  120 steps   0.98M  ret  0.994  apex 0.634  det h(28) 0.585 mean 0.5851 (best 1.0958)  sps  9405  std [0.438 0.413]
up  130 steps   1.06M  ret  0.829  apex 0.592  det h(28) 0.543 mean 0.5432 (best 1.0958)  sps  9395  std [0.484 0.429]
up  140 steps   1.15M  ret  0.408  apex 0.585  det h(28) 0.651 mean 0.6505 (best 1.0958)  sps  9515  std [0.481 0.429]
up  150 steps   1.23M  ret  0.955  apex 0.624  det h(28) 0.620 mean 0.6195 (best 1.0958)  sps  9462  std [0.469 0.422]
up  160 steps   1.31M  ret -6.594  apex 0.632  det h(28) 0.185 mean 0.1845 (best 1.0958)  sps  9561  std [0.49  0.444]
up  170 steps   1.39M  ret -24.561  apex 0.606  det h(28) 0.184 mean 0.1845 (best 1.0958)  sps  9523  std [0.481 0.453]
up  180 steps   1.47M  ret  0.383  apex 0.606  det h(28) 0.468 mean 0.4679 (best 1.0958)  sps  9498  std [0.468 0.423]
up  190 steps   1.56M  ret -0.084  apex 0.580  det h(28) 0.184 mean 0.1845 (best 1.0958)  sps  9336  std [0.493 0.456]
up  200 steps   1.64M  ret  0.316  apex 0.469  det h(28) 0.434 mean 0.4345 (best 1.0958)  sps  9509  std [0.52  0.461]
up  210 steps   1.72M  ret  0.379  apex 0.481  det h(28) 0.454 mean 0.4539 (best 1.0958)  sps  9492  std [0.526 0.442]
up  220 steps   1.80M  ret  0.573  apex 0.472  det h(28) 0.405 mean 0.4049 (best 1.0958)  sps  9522  std [0.523 0.43 ]
up  230 steps   1.88M  ret  0.274  apex 0.456  det h(28) 0.424 mean 0.4242 (best 1.0958)  sps  9576  std [0.5   0.417]
up  240 steps   1.97M  ret  0.367  apex 0.456  det h(28) 0.484 mean 0.4836 (best 1.0958)  sps  9533  std [0.506 0.41 ]
up  250 steps   2.05M  ret  0.377  apex 0.456  det h(28) 0.490 mean 0.4905 (best 1.0958)  sps  9458  std [0.525 0.406]
up  260 steps   2.13M  ret  0.168  apex 0.456  det h(28) 0.325 mean 0.3247 (best 1.0958)  sps  9482  std [0.521 0.429]
up  270 steps   2.21M  ret -0.225  apex 0.456  det h(28) 0.371 mean 0.3710 (best 1.0958)  sps  9421  std [0.494 0.423]
up  280 steps   2.29M  ret -0.149  apex 0.456  det h(28) 0.363 mean 0.3635 (best 1.0958)  sps  9367  std [0.482 0.428]
up  290 steps   2.38M  ret -0.027  apex 0.456  det h(28) 0.403 mean 0.4029 (best 1.0958)  sps  9586  std [0.51  0.442]
up  300 steps   2.46M  ret  0.139  apex 0.456  det h(28) 0.425 mean 0.4248 (best 1.0958)  sps  9447  std [0.488 0.419]
up  310 steps   2.54M  ret  0.494  apex 0.442  det h(28) 0.466 mean 0.4664 (best 1.0958)  sps  9384  std [0.462 0.387]
up  320 steps   2.62M  ret  0.600  apex 0.461  det h(28) 0.487 mean 0.4873 (best 1.0958)  sps  9577  std [0.45  0.398]
up  330 steps   2.70M  ret  0.774  apex 0.486  det h(28) 0.496 mean 0.4956 (best 1.0958)  sps  9523  std [0.44  0.385]
up  340 steps   2.79M  ret  0.683  apex 0.512  det h(28) 0.546 mean 0.5464 (best 1.0958)  sps  9388  std [0.434 0.371]
up  350 steps   2.87M  ret  0.789  apex 0.550  det h(28) 0.610 mean 0.6095 (best 1.0958)  sps  9606  std [0.418 0.363]
up  360 steps   2.95M  ret  1.226  apex 0.604  det h(28) 0.633 mean 0.6328 (best 1.0958)  sps  9358  std [0.42  0.357]
up  370 steps   3.03M  ret  1.193  apex 0.634  det h(28) 0.673 mean 0.6733 (best 1.0958)  sps  9346  std [0.447 0.37 ]
up  380 steps   3.11M  ret  0.558  apex 0.637  det h(28) 0.671 mean 0.6713 (best 1.0958)  sps  9520  std [0.421 0.373]
up  390 steps   3.19M  ret  0.762  apex 0.645  det h(28) 0.658 mean 0.6577 (best 1.0958)  sps  9499  std [0.395 0.357]
up  400 steps   3.28M  ret  1.156  apex 0.641  det h(28) 0.654 mean 0.6535 (best 1.0958)  sps  9456  std [0.394 0.38 ]
up  410 steps   3.36M  ret  0.870  apex 0.639  det h(28) 0.696 mean 0.6962 (best 1.0958)  sps  9413  std [0.377 0.413]
up  420 steps   3.44M  ret  1.115  apex 0.649  det h(28) 0.733 mean 0.7333 (best 1.0958)  sps  9499  std [0.381 0.383]
up  430 steps   3.52M  ret  1.000  apex 0.653  det h(28) 0.752 mean 0.7517 (best 1.0958)  sps  9510  std [0.41  0.398]
up  440 steps   3.60M  ret  1.046  apex 0.653  det h(28) 0.787 mean 0.7866 (best 1.0958)  sps  9616  std [0.41  0.405]
up  450 steps   3.69M  ret  1.352  apex 0.653  det h(28) 0.818 mean 0.8180 (best 1.0958)  sps  9502  std [0.417 0.394]
up  460 steps   3.77M  ret  1.568  apex 0.653  det h(28) 0.827 mean 0.8271 (best 1.0958)  sps  9409  std [0.424 0.384]
up  470 steps   3.85M  ret  1.239  apex 0.653  det h(28) 0.814 mean 0.8140 (best 1.0958)  sps  9538  std [0.431 0.385]
up  480 steps   3.93M  ret  1.582  apex 0.653  det h(28) 0.828 mean 0.8285 (best 1.0958)  sps  9420  std [0.418 0.393]
up  490 steps   4.01M  ret  1.446  apex 0.653  det h(28) 0.826 mean 0.8256 (best 1.0958)  sps  9374  std [0.433 0.383]
up  500 steps   4.10M  ret  1.617  apex 0.653  det h(28) 0.824 mean 0.8243 (best 1.0958)  sps  9456  std [0.426 0.373]
up  510 steps   4.18M  ret  1.276  apex 0.653  det h(28) 0.842 mean 0.8419 (best 1.0958)  sps  9484  std [0.422 0.377]
up  520 steps   4.26M  ret  1.435  apex 0.653  det h(28) 0.865 mean 0.8654 (best 1.0958)  sps  9497  std [0.445 0.383]
up  530 steps   4.34M  ret  1.488  apex 0.653  det h(28) 0.871 mean 0.8711 (best 1.0958)  sps  9661  std [0.447 0.403]
up  540 steps   4.42M  ret  1.470  apex 0.653  det h(28) 0.876 mean 0.8760 (best 1.0958)  sps  9566  std [0.463 0.387]
up  550 steps   4.51M  ret  1.309  apex 0.653  det h(28) 0.881 mean 0.8809 (best 1.0958)  sps  9449  std [0.482 0.399]
up  560 steps   4.59M  ret  1.704  apex 0.653  det h(28) 0.886 mean 0.8858 (best 1.0958)  sps  9625  std [0.49  0.388]
up  570 steps   4.67M  ret  1.689  apex 0.653  det h(28) 0.890 mean 0.8898 (best 1.0958)  sps  9641  std [0.483 0.39 ]
up  580 steps   4.75M  ret  1.502  apex 0.653  det h(28) 0.889 mean 0.8894 (best 1.0958)  sps  9491  std [0.454 0.393]
up  590 steps   4.83M  ret  1.238  apex 0.653  det h(28) 0.891 mean 0.8914 (best 1.0958)  sps  9451  std [0.482 0.383]
up  600 steps   4.92M  ret -8.018  apex 0.653  det h(28) 0.883 mean 0.8829 (best 1.0958)  sps  9439  std [0.498 0.385]
up  610 steps   5.00M  ret  1.901  apex 0.653  det h(28) 0.864 mean 0.8642 (best 1.0958)  sps  9497  std [0.484 0.371]
up  620 steps   5.08M  ret  1.496  apex 0.653  det h(28) 0.870 mean 0.8701 (best 1.0958)  sps  9490  std [0.487 0.391]
up  630 steps   5.16M  ret  1.747  apex 0.653  det h(28) 0.858 mean 0.8576 (best 1.0958)  sps  9452  std [0.504 0.401]
up  640 steps   5.24M  ret  1.512  apex 0.666  det h(28) 0.856 mean 0.8563 (best 1.0958)  sps  9473  std [0.493 0.39 ]
up  650 steps   5.32M  ret  1.480  apex 0.685  det h(28) 0.838 mean 0.8381 (best 1.0958)  sps  9513  std [0.516 0.38 ]
up  660 steps   5.41M  ret  1.545  apex 0.700  det h(28) 0.845 mean 0.8449 (best 1.0958)  sps  9578  std [0.504 0.39 ]
up  670 steps   5.49M  ret  1.685  apex 0.759  det h(28) 0.849 mean 0.8488 (best 1.0958)  sps  9371  std [0.489 0.377]
up  680 steps   5.57M  ret  1.568  apex 0.838  det h(28) 0.822 mean 0.8216 (best 1.0958)  sps  9493  std [0.479 0.367]
up  690 steps   5.65M  ret  1.592  apex 0.816  det h(28) 0.804 mean 0.8041 (best 1.0958)  sps  9532  std [0.507 0.387]
up  700 steps   5.73M  ret  1.353  apex 0.816  det h(28) 0.812 mean 0.8123 (best 1.0958)  sps  9393  std [0.524 0.387]
up  710 steps   5.82M  ret  1.618  apex 0.816  det h(28) 0.813 mean 0.8129 (best 1.0958)  sps  9617  std [0.533 0.377]
up  720 steps   5.90M  ret  1.476  apex 0.816  det h(28) 0.829 mean 0.8286 (best 1.0958)  sps  9579  std [0.569 0.392]
up  730 steps   5.98M  ret  1.853  apex 0.816  det h(28) 0.841 mean 0.8407 (best 1.0958)  sps  9464  std [0.535 0.364]
up  740 steps   6.06M  ret  1.369  apex 0.816  det h(28) 0.828 mean 0.8278 (best 1.0958)  sps  9552  std [0.572 0.377]
up  750 steps   6.14M  ret  1.496  apex 0.816  det h(28) 0.819 mean 0.8190 (best 1.0958)  sps  9573  std [0.598 0.379]
up  760 steps   6.23M  ret  1.359  apex 0.816  det h(28) 0.818 mean 0.8176 (best 1.0958)  sps  9501  std [0.621 0.408]
up  770 steps   6.31M  ret  1.295  apex 0.816  det h(28) 0.821 mean 0.8210 (best 1.0958)  sps  9429  std [0.573 0.399]
up  780 steps   6.39M  ret  1.479  apex 0.816  det h(28) 0.817 mean 0.8165 (best 1.0958)  sps  9435  std [0.549 0.403]
up  790 steps   6.47M  ret  1.290  apex 0.816  det h(28) 0.818 mean 0.8177 (best 1.0958)  sps  9351  std [0.523 0.39 ]
up  800 steps   6.55M  ret  1.041  apex 0.816  det h(28) 0.816 mean 0.8159 (best 1.0958)  sps  9544  std [0.535 0.397]
up  810 steps   6.64M  ret  1.384  apex 0.816  det h(28) 0.817 mean 0.8174 (best 1.0958)  sps  9482  std [0.522 0.404]
up  820 steps   6.72M  ret  1.474  apex 0.816  det h(28) 0.823 mean 0.8234 (best 1.0958)  sps  9567  std [0.54  0.417]
up  830 steps   6.80M  ret -10.852  apex 0.816  det h(28) 0.802 mean 0.8024 (best 1.0958)  sps  9521  std [0.554 0.422]
up  840 steps   6.88M  ret  0.976  apex 0.816  det h(28) 0.814 mean 0.8137 (best 1.0958)  sps  9540  std [0.527 0.424]
up  850 steps   6.96M  ret  1.054  apex 0.816  det h(28) 0.763 mean 0.7635 (best 1.0958)  sps  9499  std [0.551 0.449]
up  860 steps   7.05M  ret  0.942  apex 0.816  det h(28) 0.756 mean 0.7560 (best 1.0958)  sps  9489  std [0.53  0.481]
up  870 steps   7.13M  ret -2.358  apex 0.816  det h(28) 0.762 mean 0.7622 (best 1.0958)  sps  9423  std [0.533 0.485]
up  880 steps   7.21M  ret  0.873  apex 0.816  det h(28) 0.774 mean 0.7739 (best 1.0958)  sps  9428  std [0.519 0.483]
up  890 steps   7.29M  ret  1.386  apex 0.816  det h(28) 0.770 mean 0.7701 (best 1.0958)  sps  9585  std [0.503 0.474]
up  900 steps   7.37M  ret  1.287  apex 0.816  det h(28) 0.788 mean 0.7880 (best 1.0958)  sps  9554  std [0.523 0.459]
up  910 steps   7.45M  ret  1.116  apex 0.816  det h(28) 0.793 mean 0.7935 (best 1.0958)  sps  9577  std [0.553 0.464]
up  920 steps   7.54M  ret  1.633  apex 0.816  det h(28) 0.808 mean 0.8085 (best 1.0958)  sps  9511  std [0.537 0.458]
up  930 steps   7.62M  ret  1.166  apex 0.816  det h(28) 0.825 mean 0.8249 (best 1.0958)  sps  9240  std [0.535 0.441]
up  940 steps   7.70M  ret  1.369  apex 0.816  det h(28) 0.816 mean 0.8158 (best 1.0958)  sps  9507  std [0.494 0.437]
up  950 steps   7.78M  ret  1.283  apex 0.816  det h(28) 0.810 mean 0.8103 (best 1.0958)  sps  9397  std [0.475 0.434]
up  960 steps   7.86M  ret  1.240  apex 0.812  det h(28) 0.778 mean 0.7775 (best 1.0958)  sps  9433  std [0.487 0.43 ]
up  970 steps   7.95M  ret  1.224  apex 0.781  det h(28) 0.767 mean 0.7674 (best 1.0958)  sps  9520  std [0.479 0.431]
up  980 steps   8.03M  ret  1.178  apex 0.764  det h(28) 0.741 mean 0.7409 (best 1.0958)  sps  9431  std [0.502 0.456]
up  990 steps   8.11M  ret  1.451  apex 0.739  det h(28) 0.736 mean 0.7361 (best 1.0958)  sps  9580  std [0.511 0.45 ]
up 1000 steps   8.19M  ret  1.403  apex 0.729  det h(28) 0.741 mean 0.7408 (best 1.0958)  sps  9367  std [0.51  0.444]
up 1010 steps   8.27M  ret -1.088  apex 0.734  det h(28) 0.744 mean 0.7435 (best 1.0958)  sps  9532  std [0.547 0.491]
up 1020 steps   8.36M  ret  0.790  apex 0.733  det h(28) 0.730 mean 0.7301 (best 1.0958)  sps  9583  std [0.51  0.464]
up 1030 steps   8.44M  ret  1.233  apex 0.729  det h(28) 0.706 mean 0.7060 (best 1.0958)  sps  9404  std [0.485 0.447]
up 1040 steps   8.52M  ret  1.506  apex 0.720  det h(28) 0.760 mean 0.7600 (best 1.0958)  sps  9665  std [0.463 0.454]
up 1050 steps   8.60M  ret  1.421  apex 0.749  det h(28) 0.758 mean 0.7584 (best 1.0958)  sps  9519  std [0.469 0.489]
up 1060 steps   8.68M  ret  1.591  apex 0.758  det h(28) 0.766 mean 0.7659 (best 1.0958)  sps  9588  std [0.491 0.516]
up 1070 steps   8.77M  ret  1.561  apex 0.755  det h(28) 0.754 mean 0.7539 (best 1.0958)  sps  9492  std [0.525 0.495]
up 1080 steps   8.85M  ret  1.399  apex 0.764  det h(28) 0.792 mean 0.7920 (best 1.0958)  sps  9503  std [0.548 0.497]
up 1090 steps   8.93M  ret  1.496  apex 0.790  det h(28) 0.830 mean 0.8299 (best 1.0958)  sps  9601  std [0.584 0.528]
up 1100 steps   9.01M  ret  1.497  apex 0.827  det h(28) 0.857 mean 0.8567 (best 1.0958)  sps  9460  std [0.603 0.541]
up 1110 steps   9.09M  ret  1.999  apex 0.850  det h(28) 0.855 mean 0.8551 (best 1.0958)  sps  9530  std [0.63 0.56]
up 1120 steps   9.18M  ret  1.786  apex 0.859  det h(28) 0.868 mean 0.8676 (best 1.0958)  sps  9296  std [0.624 0.561]
up 1130 steps   9.26M  ret  2.230  apex 0.853  det h(28) 0.867 mean 0.8671 (best 1.0958)  sps  9438  std [0.631 0.59 ]
up 1140 steps   9.34M  ret  1.897  apex 0.854  det h(28) 0.863 mean 0.8631 (best 1.0958)  sps  9595  std [0.652 0.607]
up 1150 steps   9.42M  ret  1.951  apex 0.861  det h(28) 0.866 mean 0.8659 (best 1.0958)  sps  9535  std [0.677 0.63 ]
up 1160 steps   9.50M  ret  1.586  apex 0.866  det h(28) 0.880 mean 0.8804 (best 1.0958)  sps  9551  std [0.687 0.654]
up 1170 steps   9.58M  ret  2.055  apex 0.869  det h(28) 0.880 mean 0.8798 (best 1.0958)  sps  9497  std [0.724 0.678]
up 1180 steps   9.67M  ret  1.552  apex 0.869  det h(28) 0.875 mean 0.8753 (best 1.0958)  sps  9395  std [0.719 0.686]
up 1190 steps   9.75M  ret  1.792  apex 0.869  det h(28) 0.878 mean 0.8777 (best 1.0958)  sps  9500  std [0.759 0.721]
up 1200 steps   9.83M  ret  1.959  apex 0.871  det h(28) 0.885 mean 0.8854 (best 1.0958)  sps  9520  std [0.771 0.729]
up 1210 steps   9.91M  ret  1.533  apex 0.881  det h(28) 0.892 mean 0.8918 (best 1.0958)  sps  9613  std [0.734 0.647]
up 1220 steps   9.99M  ret  1.908  apex 0.891  det h(28) 0.907 mean 0.9066 (best 1.0958)  sps  9383  std [0.711 0.627]
up 1230 steps  10.08M  ret  1.566  apex 0.897  det h(28) 0.902 mean 0.9019 (best 1.0958)  sps  9603  std [0.715 0.621]
up 1240 steps  10.16M  ret  1.868  apex 0.896  det h(28) 0.881 mean 0.8812 (best 1.0958)  sps  9461  std [0.716 0.605]
up 1250 steps  10.24M  ret  1.757  apex 0.885  det h(28) 0.895 mean 0.8947 (best 1.0958)  sps  9501  std [0.703 0.605]
up 1260 steps  10.32M  ret  2.268  apex 0.896  det h(28) 0.899 mean 0.8986 (best 1.0958)  sps  9470  std [0.69  0.611]
up 1270 steps  10.40M  ret  1.900  apex 0.908  det h(28) 0.916 mean 0.9157 (best 1.0958)  sps  9367  std [0.699 0.613]
up 1280 steps  10.49M  ret  2.143  apex 0.916  det h(28) 0.940 mean 0.9401 (best 1.0958)  sps  9491  std [0.715 0.634]
up 1290 steps  10.57M  ret  1.740  apex 0.924  det h(28) 0.920 mean 0.9199 (best 1.0958)  sps  9571  std [0.695 0.617]
up 1300 steps  10.65M  ret  2.363  apex 0.909  det h(28) 0.893 mean 0.8929 (best 1.0958)  sps  9614  std [0.69  0.596]
up 1310 steps  10.73M  ret  1.754  apex 0.893  det h(28) 0.879 mean 0.8788 (best 1.0958)  sps  9647  std [0.701 0.566]
up 1320 steps  10.81M  ret  1.813  apex 0.873  det h(28) 0.870 mean 0.8696 (best 1.0958)  sps  9416  std [0.695 0.569]
up 1330 steps  10.90M  ret  2.054  apex 0.865  det h(28) 0.841 mean 0.8412 (best 1.0958)  sps  9615  std [0.702 0.581]
up 1340 steps  10.98M  ret  1.616  apex 0.851  det h(28) 0.851 mean 0.8506 (best 1.0958)  sps  9437  std [0.724 0.612]
up 1350 steps  11.06M  ret  1.782  apex 0.849  det h(28) 0.832 mean 0.8319 (best 1.0958)  sps  9537  std [0.728 0.645]
up 1360 steps  11.14M  ret  1.665  apex 0.837  det h(28) 0.825 mean 0.8249 (best 1.0958)  sps  9489  std [0.748 0.696]
up 1370 steps  11.22M  ret  1.544  apex 0.829  det h(28) 0.842 mean 0.8423 (best 1.0958)  sps  9478  std [0.726 0.707]
up 1380 steps  11.30M  ret  1.972  apex 0.833  det h(28) 0.815 mean 0.8145 (best 1.0958)  sps  9620  std [0.712 0.705]
up 1390 steps  11.39M  ret  1.487  apex 0.811  det h(28) 0.778 mean 0.7785 (best 1.0958)  sps  9489  std [0.726 0.69 ]
up 1400 steps  11.47M  ret  1.383  apex 0.774  det h(28) 0.752 mean 0.7520 (best 1.0958)  sps  9646  std [0.731 0.706]
up 1410 steps  11.55M  ret  1.442  apex 0.774  det h(28) 0.720 mean 0.7196 (best 1.0958)  sps  9419  std [0.751 0.742]
up 1420 steps  11.63M  ret  1.308  apex 0.765  det h(28) 0.781 mean 0.7807 (best 1.0958)  sps  9506  std [0.759 0.758]
up 1430 steps  11.71M  ret  1.375  apex 0.778  det h(28) 0.790 mean 0.7898 (best 1.0958)  sps  9556  std [0.708 0.734]
up 1440 steps  11.80M  ret  1.865  apex 0.784  det h(28) 0.786 mean 0.7859 (best 1.0958)  sps  9545  std [0.755 0.735]
up 1450 steps  11.88M  ret  1.735  apex 0.781  det h(28) 0.773 mean 0.7728 (best 1.0958)  sps  9418  std [0.753 0.707]
up 1460 steps  11.96M  ret  1.474  apex 0.773  det h(28) 0.781 mean 0.7806 (best 1.0958)  sps  9584  std [0.774 0.779]
up 1470 steps  12.04M  ret  1.878  apex 0.774  det h(28) 0.785 mean 0.7850 (best 1.0958)  sps  9508  std [0.816 0.78 ]
up 1480 steps  12.12M  ret  1.425  apex 0.780  det h(28) 0.799 mean 0.7987 (best 1.0958)  sps  9570  std [0.805 0.763]
up 1490 steps  12.21M  ret  1.502  apex 0.795  det h(28) 0.778 mean 0.7779 (best 1.0958)  sps  9431  std [0.804 0.787]
up 1500 steps  12.29M  ret  0.745  apex 0.797  det h(28) 0.753 mean 0.7535 (best 1.0958)  sps  9429  std [0.875 0.887]
up 1510 steps  12.37M  ret  1.347  apex 0.794  det h(28) 0.798 mean 0.7983 (best 1.0958)  sps  9387  std [0.893 0.883]
up 1520 steps  12.45M  ret  1.251  apex 0.793  det h(28) 0.808 mean 0.8075 (best 1.0958)  sps  9441  std [0.838 0.815]
up 1530 steps  12.53M  ret  1.045  apex 0.793  det h(28) 0.797 mean 0.7965 (best 1.0958)  sps  9476  std [0.809 0.807]
up 1540 steps  12.62M  ret  1.270  apex 0.793  det h(28) 0.794 mean 0.7940 (best 1.0958)  sps  9512  std [0.786 0.753]
up 1550 steps  12.70M  ret  1.297  apex 0.793  det h(28) 0.813 mean 0.8127 (best 1.0958)  sps  9647  std [0.729 0.709]
up 1560 steps  12.78M  ret  1.403  apex 0.793  det h(28) 0.785 mean 0.7853 (best 1.0958)  sps  9569  std [0.717 0.736]
up 1570 steps  12.86M  ret  1.544  apex 0.789  det h(28) 0.815 mean 0.8148 (best 1.0958)  sps  9467  std [0.729 0.744]
up 1580 steps  12.94M  ret  1.884  apex 0.797  det h(28) 0.789 mean 0.7888 (best 1.0958)  sps  9531  std [0.729 0.75 ]
up 1590 steps  13.03M  ret  1.594  apex 0.803  det h(28) 0.796 mean 0.7959 (best 1.0958)  sps  9593  std [0.715 0.778]
up 1600 steps  13.11M  ret  1.654  apex 0.792  det h(28) 0.780 mean 0.7797 (best 1.0958)  sps  9400  std [0.736 0.796]
up 1610 steps  13.19M  ret  1.245  apex 0.781  det h(28) 0.785 mean 0.7847 (best 1.0958)  sps  9649  std [0.72  0.805]
up 1620 steps  13.27M  ret  1.196  apex 0.780  det h(28) 0.775 mean 0.7751 (best 1.0958)  sps  9623  std [0.734 0.777]
up 1630 steps  13.35M  ret  1.350  apex 0.780  det h(28) 0.772 mean 0.7720 (best 1.0958)  sps  9575  std [0.728 0.74 ]
up 1640 steps  13.43M  ret  1.126  apex 0.780  det h(28) 0.761 mean 0.7606 (best 1.0958)  sps  9516  std [0.751 0.747]
up 1650 steps  13.52M  ret  1.488  apex 0.780  det h(28) 0.766 mean 0.7655 (best 1.0958)  sps  9458  std [0.75  0.717]
up 1660 steps  13.60M  ret  0.951  apex 0.780  det h(28) 0.768 mean 0.7679 (best 1.0958)  sps  9396  std [0.795 0.748]
up 1670 steps  13.68M  ret  1.177  apex 0.780  det h(28) 0.758 mean 0.7583 (best 1.0958)  sps  9527  std [0.776 0.684]
up 1680 steps  13.76M  ret  0.897  apex 0.780  det h(28) 0.764 mean 0.7644 (best 1.0958)  sps  9619  std [0.776 0.679]
up 1690 steps  13.84M  ret  1.272  apex 0.780  det h(28) 0.766 mean 0.7660 (best 1.0958)  sps  9446  std [0.771 0.674]
up 1700 steps  13.93M  ret  1.347  apex 0.780  det h(28) 0.756 mean 0.7556 (best 1.0958)  sps  9346  std [0.779 0.661]
up 1710 steps  14.01M  ret  1.092  apex 0.780  det h(28) 0.758 mean 0.7581 (best 1.0958)  sps  9579  std [0.79  0.654]
up 1720 steps  14.09M  ret  1.045  apex 0.780  det h(28) 0.763 mean 0.7625 (best 1.0958)  sps  9398  std [0.871 0.687]
up 1730 steps  14.17M  ret  1.255  apex 0.780  det h(28) 0.763 mean 0.7629 (best 1.0958)  sps  9470  std [0.868 0.648]
up 1740 steps  14.25M  ret  1.184  apex 0.780  det h(28) 0.780 mean 0.7797 (best 1.0958)  sps  9451  std [0.869 0.616]
up 1750 steps  14.34M  ret  1.238  apex 0.780  det h(28) 0.783 mean 0.7829 (best 1.0958)  sps  9311  std [0.849 0.627]
up 1760 steps  14.42M  ret  1.375  apex 0.780  det h(28) 0.797 mean 0.7966 (best 1.0958)  sps  9371  std [0.847 0.608]
up 1770 steps  14.50M  ret  1.429  apex 0.780  det h(28) 0.806 mean 0.8062 (best 1.0958)  sps  9562  std [0.889 0.623]
up 1780 steps  14.58M  ret  1.280  apex 0.780  det h(28) 0.809 mean 0.8087 (best 1.0958)  sps  9560  std [0.863 0.631]
up 1790 steps  14.66M  ret  1.220  apex 0.780  det h(28) 0.811 mean 0.8106 (best 1.0958)  sps  9350  std [0.884 0.641]
up 1800 steps  14.75M  ret  1.499  apex 0.780  det h(28) 0.817 mean 0.8169 (best 1.0958)  sps  9480  std [0.856 0.669]
up 1810 steps  14.83M  ret  1.516  apex 0.780  det h(28) 0.825 mean 0.8249 (best 1.0958)  sps  9558  std [0.843 0.654]
up 1820 steps  14.91M  ret  1.438  apex 0.780  det h(28) 0.889 mean 0.8892 (best 1.0958)  sps  9530  std [0.829 0.648]
up 1830 steps  14.99M  ret  1.580  apex 0.780  det h(28) 0.886 mean 0.8860 (best 1.0958)  sps  9597  std [0.867 0.63 ]
up 1840 steps  15.07M  ret  1.644  apex 0.780  det h(28) 0.883 mean 0.8830 (best 1.0958)  sps  9581  std [0.897 0.663]
up 1850 steps  15.16M  ret  1.236  apex 0.780  det h(28) 0.967 mean 0.9668 (best 1.0958)  sps  9669  std [0.938 0.686]
up 1860 steps  15.24M  ret  1.504  apex 0.780  det h(28) 0.940 mean 0.9402 (best 1.0958)  sps  9475  std [0.906 0.634]
up 1870 steps  15.32M  ret  1.859  apex 0.780  det h(28) 0.931 mean 0.9312 (best 1.0958)  sps  9245  std [0.902 0.617]
up 1880 steps  15.40M  ret  1.675  apex 0.780  det h(28) 0.929 mean 0.9294 (best 1.0958)  sps  9443  std [0.877 0.612]
up 1890 steps  15.48M  ret  1.739  apex 0.780  det h(28) 0.936 mean 0.9359 (best 1.0958)  sps  9479  std [0.843 0.577]
up 1900 steps  15.56M  ret  1.456  apex 0.780  det h(28) 0.931 mean 0.9311 (best 1.0958)  sps  9199  std [0.826 0.568]
up 1910 steps  15.65M  ret  1.401  apex 0.780  det h(28) 0.927 mean 0.9273 (best 1.0958)  sps  9444  std [0.844 0.583]
up 1920 steps  15.73M  ret  1.469  apex 0.780  det h(28) 0.923 mean 0.9228 (best 1.0958)  sps  9505  std [0.816 0.571]
up 1930 steps  15.81M  ret  1.801  apex 0.780  det h(28) 0.933 mean 0.9332 (best 1.0958)  sps  9500  std [0.801 0.553]
up 1940 steps  15.89M  ret  1.579  apex 0.780  det h(28) 0.967 mean 0.9672 (best 1.0958)  sps  9237  std [0.784 0.554]
up 1950 steps  15.97M  ret  1.787  apex 0.780  det h(28) 0.972 mean 0.9723 (best 1.0958)  sps  9381  std [0.787 0.522]
up 1960 steps  16.06M  ret  1.704  apex 0.780  det h(28) 0.982 mean 0.9820 (best 1.0958)  sps  9493  std [0.738 0.518]
up 1970 steps  16.14M  ret  2.057  apex 0.780  det h(28) 0.985 mean 0.9850 (best 1.0958)  sps  9547  std [0.711 0.499]
up 1980 steps  16.22M  ret  1.623  apex 0.780  det h(28) 0.986 mean 0.9857 (best 1.0958)  sps  9501  std [0.668 0.47 ]
up 1990 steps  16.30M  ret  1.654  apex 0.780  det h(28) 1.004 mean 1.0035 (best 1.0958)  sps  9728  std [0.672 0.477]
up 2000 steps  16.38M  ret  1.801  apex 0.780  det h(28) 1.012 mean 1.0117 (best 1.0958)  sps  9699  std [0.706 0.509]
up 2010 steps  16.47M  ret  2.015  apex 0.780  det h(28) 1.010 mean 1.0097 (best 1.0958)  sps  9603  std [0.682 0.504]
up 2020 steps  16.55M  ret  2.139  apex 0.780  det h(28) 1.041 mean 1.0407 (best 1.0958)  sps  9514  std [0.668 0.507]
up 2030 steps  16.63M  ret  2.138  apex 0.780  det h(28) 1.047 mean 1.0471 (best 1.0958)  sps  9581  std [0.628 0.503]
up 2040 steps  16.71M  ret  1.684  apex 0.780  det h(28) 1.034 mean 1.0342 (best 1.0958)  sps  9507  std [0.657 0.517]
up 2050 steps  16.79M  ret  1.821  apex 0.780  det h(28) 1.007 mean 1.0068 (best 1.0958)  sps  9474  std [0.63  0.516]
up 2060 steps  16.88M  ret  1.778  apex 0.780  det h(28) 0.985 mean 0.9848 (best 1.0958)  sps  9455  std [0.644 0.523]
up 2070 steps  16.96M  ret  1.486  apex 0.780  det h(28) 0.985 mean 0.9849 (best 1.0958)  sps  9659  std [0.631 0.526]
up 2080 steps  17.04M  ret  1.925  apex 0.780  det h(28) 0.971 mean 0.9711 (best 1.0958)  sps  9664  std [0.629 0.509]
up 2090 steps  17.12M  ret  1.485  apex 0.780  det h(28) 0.967 mean 0.9666 (best 1.0958)  sps  9564  std [0.664 0.544]
up 2100 steps  17.20M  ret  1.562  apex 0.780  det h(28) 0.948 mean 0.9482 (best 1.0958)  sps  9526  std [0.666 0.55 ]
up 2110 steps  17.29M  ret  1.599  apex 0.780  det h(28) 0.944 mean 0.9435 (best 1.0958)  sps  9437  std [0.687 0.563]
up 2120 steps  17.37M  ret  1.785  apex 0.780  det h(28) 0.948 mean 0.9480 (best 1.0958)  sps  9530  std [0.687 0.554]
up 2130 steps  17.45M  ret  2.121  apex 0.780  det h(28) 0.922 mean 0.9216 (best 1.0958)  sps  9554  std [0.712 0.575]
up 2140 steps  17.53M  ret  1.817  apex 0.780  det h(28) 0.908 mean 0.9081 (best 1.0958)  sps  9457  std [0.728 0.581]
up 2150 steps  17.61M  ret  1.279  apex 0.780  det h(28) 0.914 mean 0.9143 (best 1.0958)  sps  9541  std [0.742 0.579]
up 2160 steps  17.69M  ret  1.647  apex 0.780  det h(28) 0.911 mean 0.9107 (best 1.0958)  sps  9544  std [0.752 0.587]
up 2170 steps  17.78M  ret  1.775  apex 0.780  det h(28) 0.914 mean 0.9142 (best 1.0958)  sps  9354  std [0.734 0.581]
up 2180 steps  17.86M  ret  1.430  apex 0.780  det h(28) 0.888 mean 0.8884 (best 1.0958)  sps  9454  std [0.733 0.596]
up 2190 steps  17.94M  ret  1.813  apex 0.780  det h(28) 0.914 mean 0.9137 (best 1.0958)  sps  9493  std [0.682 0.59 ]
up 2200 steps  18.02M  ret  1.194  apex 0.780  det h(28) 0.914 mean 0.9140 (best 1.0958)  sps  9479  std [0.711 0.612]
up 2210 steps  18.10M  ret  1.525  apex 0.780  det h(28) 0.919 mean 0.9195 (best 1.0958)  sps  9436  std [0.724 0.606]
up 2220 steps  18.19M  ret  1.609  apex 0.780  det h(28) 0.928 mean 0.9279 (best 1.0958)  sps  9370  std [0.682 0.592]
up 2230 steps  18.27M  ret  1.610  apex 0.780  det h(28) 0.920 mean 0.9195 (best 1.0958)  sps  9452  std [0.655 0.567]
up 2240 steps  18.35M  ret  1.491  apex 0.780  det h(28) 0.962 mean 0.9616 (best 1.0958)  sps  9681  std [0.652 0.559]
up 2250 steps  18.43M  ret  1.744  apex 0.780  det h(28) 0.961 mean 0.9607 (best 1.0958)  sps  9549  std [0.625 0.563]
up 2260 steps  18.51M  ret  1.718  apex 0.780  det h(28) 0.962 mean 0.9619 (best 1.0958)  sps  9356  std [0.613 0.55 ]
up 2270 steps  18.60M  ret  1.753  apex 0.780  det h(28) 0.984 mean 0.9840 (best 1.0958)  sps  9428  std [0.624 0.571]
up 2280 steps  18.68M  ret  1.729  apex 0.780  det h(28) 0.993 mean 0.9931 (best 1.0958)  sps  9581  std [0.623 0.584]
up 2290 steps  18.76M  ret  1.741  apex 0.780  det h(28) 0.996 mean 0.9959 (best 1.0958)  sps  9477  std [0.602 0.581]
up 2300 steps  18.84M  ret  2.159  apex 0.780  det h(28) 0.986 mean 0.9864 (best 1.0958)  sps  9493  std [0.604 0.574]
up 2310 steps  18.92M  ret  1.691  apex 0.780  det h(28) 0.909 mean 0.9093 (best 1.0958)  sps  9656  std [0.609 0.574]
up 2320 steps  19.01M  ret  1.924  apex 0.780  det h(28) 0.918 mean 0.9181 (best 1.0958)  sps  9558  std [0.628 0.593]
up 2330 steps  19.09M  ret  1.740  apex 0.780  det h(28) 0.912 mean 0.9124 (best 1.0958)  sps  9609  std [0.633 0.574]
up 2340 steps  19.17M  ret  1.549  apex 0.780  det h(28) 0.938 mean 0.9383 (best 1.0958)  sps  9621  std [0.636 0.573]
up 2350 steps  19.25M  ret  1.912  apex 0.780  det h(28) 0.930 mean 0.9304 (best 1.0958)  sps  9471  std [0.631 0.578]
up 2360 steps  19.33M  ret  2.029  apex 0.784  det h(28) 0.924 mean 0.9236 (best 1.0958)  sps  9511  std [0.619 0.605]
up 2370 steps  19.42M  ret  1.912  apex 0.797  det h(28) 0.926 mean 0.9260 (best 1.0958)  sps  9455  std [0.615 0.582]
up 2380 steps  19.50M  ret  1.257  apex 0.804  det h(28) 0.925 mean 0.9249 (best 1.0958)  sps  9520  std [0.578 0.562]
up 2390 steps  19.58M  ret  1.608  apex 0.809  det h(28) 0.932 mean 0.9324 (best 1.0958)  sps  9361  std [0.579 0.558]
up 2400 steps  19.66M  ret  1.741  apex 0.876  det h(28) 0.925 mean 0.9246 (best 1.0958)  sps  9378  std [0.589 0.558]
up 2410 steps  19.74M  ret  1.761  apex 0.922  det h(28) 0.936 mean 0.9362 (best 1.0958)  sps  9397  std [0.571 0.575]
up 2420 steps  19.82M  ret  1.822  apex 0.928  det h(28) 0.928 mean 0.9282 (best 1.0958)  sps  9426  std [0.572 0.576]
up 2430 steps  19.91M  ret  1.819  apex 0.925  det h(28) 0.955 mean 0.9554 (best 1.0958)  sps  9455  std [0.608 0.61 ]
up 2440 steps  19.99M  ret  1.822  apex 0.944  det h(28) 0.957 mean 0.9572 (best 1.0958)  sps  9502  std [0.595 0.616]
up 2450 steps  20.07M  ret  1.981  apex 0.949  det h(28) 0.957 mean 0.9571 (best 1.0958)  sps  9558  std [0.551 0.59 ]
up 2460 steps  20.15M  ret  2.437  apex 0.955  det h(28) 0.961 mean 0.9610 (best 1.0958)  sps  9603  std [0.507 0.56 ]
up 2470 steps  20.23M  ret  2.232  apex 0.958  det h(28) 0.966 mean 0.9662 (best 1.0958)  sps  9368  std [0.494 0.528]
up 2480 steps  20.32M  ret  1.995  apex 0.964  det h(28) 0.971 mean 0.9708 (best 1.0958)  sps  9545  std [0.492 0.53 ]
up 2490 steps  20.40M  ret  2.153  apex 0.968  det h(28) 0.997 mean 0.9970 (best 1.0958)  sps  9467  std [0.485 0.556]
up 2500 steps  20.48M  ret  2.114  apex 0.988  det h(28) 0.996 mean 0.9956 (best 1.0958)  sps  9380  std [0.503 0.552]
up 2510 steps  20.56M  ret  2.069  apex 0.991  det h(28) 1.000 mean 1.0004 (best 1.0958)  sps  9559  std [0.52  0.561]
up 2520 steps  20.64M  ret  2.398  apex 0.998  det h(28) 1.013 mean 1.0134 (best 1.0958)  sps  9527  std [0.524 0.586]
up 2530 steps  20.73M  ret  2.427  apex 1.004  det h(28) 1.012 mean 1.0117 (best 1.0958)  sps  9429  std [0.526 0.58 ]
up 2540 steps  20.81M  ret  2.181  apex 1.005  det h(28) 1.024 mean 1.0243 (best 1.0958)  sps  9613  std [0.543 0.606]
up 2550 steps  20.89M  ret  2.015  apex 1.018  det h(28) 1.026 mean 1.0263 (best 1.0958)  sps  9618  std [0.519 0.642]
up 2560 steps  20.97M  ret  2.317  apex 1.015  det h(28) 1.023 mean 1.0225 (best 1.0958)  sps  9332  std [0.488 0.59 ]
up 2570 steps  21.05M  ret  2.115  apex 1.011  det h(28) 1.014 mean 1.0143 (best 1.0958)  sps  9534  std [0.478 0.578]
up 2580 steps  21.14M  ret  2.644  apex 1.003  det h(28) 1.021 mean 1.0208 (best 1.0958)  sps  9559  std [0.486 0.58 ]
up 2590 steps  21.22M  ret  2.112  apex 1.011  det h(28) 1.005 mean 1.0053 (best 1.0958)  sps  9617  std [0.492 0.572]
up 2600 steps  21.30M  ret  1.948  apex 0.993  det h(28) 0.973 mean 0.9735 (best 1.0958)  sps  9520  std [0.518 0.587]
up 2610 steps  21.38M  ret  2.396  apex 0.966  det h(28) 0.975 mean 0.9745 (best 1.0958)  sps  9477  std [0.549 0.6  ]
up 2620 steps  21.46M  ret  2.119  apex 0.962  det h(28) 0.963 mean 0.9630 (best 1.0958)  sps  9551  std [0.568 0.629]
up 2630 steps  21.54M  ret  2.043  apex 0.963  det h(28) 0.981 mean 0.9812 (best 1.0958)  sps  9560  std [0.556 0.635]
up 2640 steps  21.63M  ret  2.116  apex 0.974  det h(28) 0.997 mean 0.9969 (best 1.0958)  sps  9510  std [0.549 0.615]
up 2650 steps  21.71M  ret  2.270  apex 0.989  det h(28) 0.995 mean 0.9950 (best 1.0958)  sps  9426  std [0.534 0.618]
up 2660 steps  21.79M  ret  1.896  apex 0.989  det h(28) 0.996 mean 0.9961 (best 1.0958)  sps  9540  std [0.516 0.626]
up 2670 steps  21.87M  ret  1.899  apex 0.989  det h(28) 1.001 mean 1.0014 (best 1.0958)  sps  9593  std [0.503 0.635]
up 2680 steps  21.95M  ret  2.258  apex 0.998  det h(28) 1.007 mean 1.0073 (best 1.0958)  sps  9286  std [0.495 0.663]
up 2690 steps  22.04M  ret  2.537  apex 1.002  det h(28) 1.002 mean 1.0016 (best 1.0958)  sps  9431  std [0.493 0.648]
up 2700 steps  22.12M  ret  1.875  apex 0.988  det h(28) 0.984 mean 0.9843 (best 1.0958)  sps  9390  std [0.482 0.658]
up 2710 steps  22.20M  ret  2.430  apex 0.975  det h(28) 0.982 mean 0.9825 (best 1.0958)  sps  9549  std [0.496 0.643]
up 2720 steps  22.28M  ret  2.283  apex 0.974  det h(28) 0.982 mean 0.9819 (best 1.0958)  sps  9472  std [0.513 0.652]
up 2730 steps  22.36M  ret  1.869  apex 0.974  det h(28) 0.961 mean 0.9607 (best 1.0958)  sps  9555  std [0.539 0.714]
up 2740 steps  22.45M  ret  2.044  apex 0.944  det h(28) 0.928 mean 0.9280 (best 1.0958)  sps  9371  std [0.56  0.794]
up 2750 steps  22.53M  ret  1.921  apex 0.928  det h(28) 0.939 mean 0.9393 (best 1.0958)  sps  9530  std [0.588 0.781]
up 2760 steps  22.61M  ret  1.596  apex 0.928  det h(28) 0.930 mean 0.9296 (best 1.0958)  sps  9550  std [0.593 0.757]
up 2770 steps  22.69M  ret  2.351  apex 0.920  det h(28) 0.927 mean 0.9273 (best 1.0958)  sps  9467  std [0.644 0.768]
up 2780 steps  22.77M  ret  2.238  apex 0.921  det h(28) 0.932 mean 0.9318 (best 1.0958)  sps  9521  std [0.653 0.732]
up 2790 steps  22.86M  ret  1.713  apex 0.926  det h(28) 0.917 mean 0.9173 (best 1.0958)  sps  9515  std [0.653 0.754]
up 2800 steps  22.94M  ret  2.013  apex 0.916  det h(28) 0.914 mean 0.9135 (best 1.0958)  sps  9530  std [0.683 0.767]
up 2810 steps  23.02M  ret  1.942  apex 0.905  det h(28) 0.915 mean 0.9152 (best 1.0958)  sps  9717  std [0.668 0.733]
up 2820 steps  23.10M  ret  1.959  apex 0.910  det h(28) 0.917 mean 0.9170 (best 1.0958)  sps  9547  std [0.671 0.683]
up 2830 steps  23.18M  ret  2.130  apex 0.914  det h(28) 0.925 mean 0.9250 (best 1.0958)  sps  9506  std [0.673 0.695]
up 2840 steps  23.27M  ret  1.810  apex 0.921  det h(28) 0.925 mean 0.9248 (best 1.0958)  sps  9445  std [0.69 0.72]
up 2850 steps  23.35M  ret  1.369  apex 0.924  det h(28) 0.935 mean 0.9349 (best 1.0958)  sps  9438  std [0.723 0.764]
up 2860 steps  23.43M  ret  2.252  apex 0.927  det h(28) 0.931 mean 0.9314 (best 1.0958)  sps  9569  std [0.752 0.721]
up 2870 steps  23.51M  ret  2.096  apex 0.944  det h(28) 0.955 mean 0.9549 (best 1.0958)  sps  9514  std [0.775 0.742]
up 2880 steps  23.59M  ret  2.107  apex 0.948  det h(28) 0.955 mean 0.9553 (best 1.0958)  sps  9539  std [0.8   0.764]
up 2890 steps  23.67M  ret  1.835  apex 0.944  det h(28) 0.946 mean 0.9465 (best 1.0958)  sps  9498  std [0.706 0.755]
up 2900 steps  23.76M  ret  1.935  apex 0.940  det h(28) 0.946 mean 0.9462 (best 1.0958)  sps  9480  std [0.677 0.77 ]
up 2910 steps  23.84M  ret  1.915  apex 0.944  det h(28) 0.946 mean 0.9462 (best 1.0958)  sps  9595  std [0.668 0.752]
up 2920 steps  23.92M  ret  1.911  apex 0.945  det h(28) 0.960 mean 0.9602 (best 1.0958)  sps  9367  std [0.632 0.762]
up 2930 steps  24.00M  ret  2.220  apex 0.945  det h(28) 0.945 mean 0.9453 (best 1.0958)  sps  9426  std [0.641 0.745]
early stop: plateau (best 1.0958 이후 120회 미개선)
done — steps 24002560 wall 42.9min best_h 1.0958 (plateau (best 1.0958 이후 120회 미개선))
curve saved: t0wc_ppo_curve_lifix28_long_05ms.png
===== t0_rollout_long.py fix:28:0.5 =====
warm-start from previous mshoot best
warm-start from previous fourbar best
setup done [2s] — clip=25.581 law=(-0.3823, 0.6301, 7.2968) c_cvt=0.7926 k_rise=0.2656 tm=1.31ms n429=10
  golden A — 0429/60_0.75_60_2    : dq2 RMSE=1.8560
  golden A — 0429/60_1.5_60_1.5   : dq2 RMSE=2.1339
  golden A — 0429/90_0.75_90_2    : dq2 RMSE=2.3594
  golden A — 0429/90_1.5_90_2.5   : dq2 RMSE=2.3440
  golden A — 0429/120_2_120_2     : dq2 RMSE=2.4115
  golden A — 0429/120_2.2_150_2.5 : dq2 RMSE=2.4855
  golden A — 0429/120_2.2_200_2.8 : dq2 RMSE=2.3865
  golden A — 0429/150_2.2_250_3   : dq2 RMSE=3.3899
  golden A — 0429/150_2.2_350_3.5 : dq2 RMSE=3.7922
  golden A — 0429/150_2.2_500_4   : dq2 RMSE=2.8979
  golden A — session mean 2.6057 (canonical 2.6057) PASS
  golden B — 0429/60_0.75_60_2 env vs cl_run23(is_cvt, l_i=25.08, clip=25.581) max|Δ|=0.000e+00 PASS
GOLDEN PASS (A: 0429 재생 세션평균 / B: env CVT 스텝 비트일치, clip=25.581)
[final] l_i= 28.00mm  h=0.9453  audit=PASS  stance=0.123s  내삽
[best] l_i= 28.00mm  h=1.0958  audit=FAIL  stance=0.013s  내삽

l_i* = 28.00 mm (final ckpt)  h=0.9453 m  pass_all=True  extrapolated=False
saved: t0wc_ppo_lifix28_long_05ms.npz / t0wc_ppo_audit_lifix28_long_05ms.json [1s]
===== t0_train_long.py nc05 =====
warm-start from previous mshoot best
warm-start from previous fourbar best
setup done [2s] — dt=0.0005 law=(-0.3823, 0.6301, 7.2968) spr=(0.5637, 1.8775, 5.8838) k_rise=0.2656 tm=1.31ms clip=25.581 crouch(task0)=(-0.3200,-2.5000) Q1R=(-1.2566,-0.2967) Q2R=(-2.5482,-0.6283) w_tn=50.0 w_dq=50.0 w_tau=50.0 m_tn=0.0 m_tau=0.0
  golden A — 0602/60_0.75_60_2: dq2 RMSE=0.8903 h_sim=0.8966
  golden A — 0602/60_1.5_60_1.5: dq2 RMSE=0.7416 h_sim=0.8824
  golden A — 0602/90_0.75_90_2: dq2 RMSE=1.2248 h_sim=0.9510
  golden A — 0602/120_2_120_2: dq2 RMSE=1.5531 h_sim=0.9238
  golden A — 0602/150_2.2_250_3: dq2 RMSE=1.2513 h_sim=0.9002
  golden A — 0602/150_2.2_500_5: dq2 RMSE=2.0494 h_sim=0.7890
  golden A — session mean 1.2851 (canonical 1.2851) PASS
  golden B — 0602/60_0.75_60_2 env vs cl_run23 (clip=25.581) max|Δ|=0.000e+00 PASS
GOLDEN PASS (A: 0602 재생 세션평균 / B: env 스텝 비트 일치, clip=25.581)
[dev] NVIDIA GeForce RTX 5080 (hid 128): 400 mb-updates cpu 0.257s / gpu 0.263s → 2x128 넷이 작아 CPU가 빠름 (물리 스텝이 병목) — CPU 사용
[bc] teacher t0nc_cl.npz (li=None): 1200 pairs, replay apex=0.982 (teacher h=0.977)
[bc] fit: MSE 0.2158 → 0.000414 (4000 iters)
[bc] det-eval h: {'q0': 0.9614}
warm-start from previous mshoot best
warm-start from previous fourbar best
warm-start from previous mshoot best
warm-start from previous fourbar best
warm-start from previous mshoot best
warm-start from previous fourbar best
warm-start from previous mshoot best
warm-start from previous fourbar best
warm-start from previous mshoot best
warm-start from previous fourbar best
warm-start from previous mshoot best
warm-start from previous fourbar best
warm-start from previous mshoot best
warm-start from previous fourbar best
warm-start from previous mshoot best
warm-start from previous fourbar best
setup done [3s] — dt=0.0005 law=(-0.3823, 0.6301, 7.2968) spr=(0.5637, 1.8775, 5.8838) k_rise=0.2656 tm=1.31ms clip=25.581 crouch(task0)=(-0.3200,-2.5000) Q1R=(-1.2566,-0.2967) Q2R=(-2.5482,-0.6283) w_tn=50.0 w_dq=50.0 w_tau=50.0 m_tn=0.0 m_tau=0.0
setup done [3s] — dt=0.0005 law=(-0.3823, 0.6301, 7.2968) spr=(0.5637, 1.8775, 5.8838) k_rise=0.2656 tm=1.31ms clip=25.581 crouch(task0)=(-0.3200,-2.5000) Q1R=(-1.2566,-0.2967) Q2R=(-2.5482,-0.6283) w_tn=50.0 w_dq=50.0 w_tau=50.0 m_tn=0.0 m_tau=0.0
setup done [3s] — dt=0.0005 law=(-0.3823, 0.6301, 7.2968) spr=(0.5637, 1.8775, 5.8838) k_rise=0.2656 tm=1.31ms clip=25.581 crouch(task0)=(-0.3200,-2.5000) Q1R=(-1.2566,-0.2967) Q2R=(-2.5482,-0.6283) w_tn=50.0 w_dq=50.0 w_tau=50.0 m_tn=0.0 m_tau=0.0
setup done [3s] — dt=0.0005 law=(-0.3823, 0.6301, 7.2968) spr=(0.5637, 1.8775, 5.8838) k_rise=0.2656 tm=1.31ms clip=25.581 crouch(task0)=(-0.3200,-2.5000) Q1R=(-1.2566,-0.2967) Q2R=(-2.5482,-0.6283) w_tn=50.0 w_dq=50.0 w_tau=50.0 m_tn=0.0 m_tau=0.0
setup done [3s] — dt=0.0005 law=(-0.3823, 0.6301, 7.2968) spr=(0.5637, 1.8775, 5.8838) k_rise=0.2656 tm=1.31ms clip=25.581 crouch(task0)=(-0.3200,-2.5000) Q1R=(-1.2566,-0.2967) Q2R=(-2.5482,-0.6283) w_tn=50.0 w_dq=50.0 w_tau=50.0 m_tn=0.0 m_tau=0.0
setup done [3s] — dt=0.0005 law=(-0.3823, 0.6301, 7.2968) spr=(0.5637, 1.8775, 5.8838) k_rise=0.2656 tm=1.31ms clip=25.581 crouch(task0)=(-0.3200,-2.5000) Q1R=(-1.2566,-0.2967) Q2R=(-2.5482,-0.6283) w_tn=50.0 w_dq=50.0 w_tau=50.0 m_tn=0.0 m_tau=0.0
setup done [3s] — dt=0.0005 law=(-0.3823, 0.6301, 7.2968) spr=(0.5637, 1.8775, 5.8838) k_rise=0.2656 tm=1.31ms clip=25.581 crouch(task0)=(-0.3200,-2.5000) Q1R=(-1.2566,-0.2967) Q2R=(-2.5482,-0.6283) w_tn=50.0 w_dq=50.0 w_tau=50.0 m_tn=0.0 m_tau=0.0
setup done [3s] — dt=0.0005 law=(-0.3823, 0.6301, 7.2968) spr=(0.5637, 1.8775, 5.8838) k_rise=0.2656 tm=1.31ms clip=25.581 crouch(task0)=(-0.3200,-2.5000) Q1R=(-1.2566,-0.2967) Q2R=(-2.5482,-0.6283) w_tn=50.0 w_dq=50.0 w_tau=50.0 m_tn=0.0 m_tau=0.0
[mp] 8 workers × 2 envs = 16 — ready [15s]
PPO start — 11718 updates × batch 8192 (dev cpu, clip=25.581)
up   10 steps   0.08M  ret -0.291  apex 0.797  det h(q0) 0.961 mean 0.9614 (best 0.9614)  sps 14332  std [0.4 0.4]  [VF-warm]
up   20 steps   0.16M  ret -0.243  apex 0.794  det h(q0) 0.961 mean 0.9614 (best 0.9614)  sps 14493  std [0.4 0.4]  [VF-warm]
up   30 steps   0.25M  ret  0.800  apex 0.795  det h(q0) 0.916 mean 0.9159 (best 0.9614)  sps  9578  std [0.397 0.383]
up   40 steps   0.33M  ret  1.166  apex 0.795  det h(q0) 0.888 mean 0.8882 (best 0.9614)  sps  9420  std [0.383 0.378]
up   50 steps   0.41M  ret  0.994  apex 0.796  det h(q0) 0.848 mean 0.8484 (best 0.9614)  sps  9592  std [0.407 0.384]
up   60 steps   0.49M  ret  1.080  apex 0.796  det h(q0) 0.915 mean 0.9149 (best 0.9614)  sps  9554  std [0.397 0.387]
up   70 steps   0.57M  ret  1.255  apex 0.796  det h(q0) 0.896 mean 0.8960 (best 0.9614)  sps  9544  std [0.414 0.36 ]
up   80 steps   0.66M  ret  1.148  apex 0.796  det h(q0) 0.923 mean 0.9228 (best 0.9614)  sps  9654  std [0.452 0.384]
up   90 steps   0.74M  ret  1.179  apex 0.796  det h(q0) 0.853 mean 0.8528 (best 0.9614)  sps  9526  std [0.462 0.384]
up  100 steps   0.82M  ret  1.419  apex 0.796  det h(q0) 0.856 mean 0.8556 (best 0.9614)  sps  9615  std [0.483 0.406]
up  110 steps   0.90M  ret  1.565  apex 0.796  det h(q0) 0.840 mean 0.8399 (best 0.9614)  sps  9477  std [0.49  0.453]
up  120 steps   0.98M  ret  1.879  apex 0.814  det h(q0) 0.912 mean 0.9121 (best 0.9614)  sps  9645  std [0.514 0.458]
up  130 steps   1.06M  ret  2.049  apex 0.860  det h(q0) 0.924 mean 0.9244 (best 0.9614)  sps  9745  std [0.529 0.468]
up  140 steps   1.15M  ret  1.855  apex 0.869  det h(q0) 0.919 mean 0.9188 (best 0.9614)  sps  9511  std [0.53  0.483]
up  150 steps   1.23M  ret  1.542  apex 0.884  det h(q0) 0.916 mean 0.9164 (best 0.9614)  sps  9599  std [0.545 0.504]
up  160 steps   1.31M  ret  1.586  apex 0.886  det h(q0) 0.926 mean 0.9256 (best 0.9614)  sps  9613  std [0.523 0.498]
up  170 steps   1.39M  ret  1.420  apex 0.885  det h(q0) 0.927 mean 0.9275 (best 0.9614)  sps  9524  std [0.556 0.538]
up  180 steps   1.47M  ret  1.815  apex 0.879  det h(q0) 0.886 mean 0.8862 (best 0.9614)  sps  9548  std [0.532 0.528]
up  190 steps   1.56M  ret  1.738  apex 0.849  det h(q0) 0.850 mean 0.8503 (best 0.9614)  sps  9618  std [0.542 0.55 ]
up  200 steps   1.64M  ret  2.085  apex 0.813  det h(q0) 0.819 mean 0.8191 (best 0.9614)  sps  9613  std [0.521 0.542]
up  210 steps   1.72M  ret  1.693  apex 0.786  det h(q0) 0.794 mean 0.7943 (best 0.9614)  sps  9682  std [0.531 0.548]
up  220 steps   1.80M  ret  1.661  apex 0.771  det h(q0) 0.800 mean 0.8005 (best 0.9614)  sps  9685  std [0.561 0.583]
up  230 steps   1.88M  ret  1.795  apex 0.757  det h(q0) 0.780 mean 0.7800 (best 0.9614)  sps  9681  std [0.566 0.592]
up  240 steps   1.97M  ret  1.412  apex 0.755  det h(q0) 0.800 mean 0.7996 (best 0.9614)  sps  9769  std [0.561 0.609]
up  250 steps   2.05M  ret  1.749  apex 0.767  det h(q0) 0.809 mean 0.8085 (best 0.9614)  sps  9694  std [0.567 0.658]
up  260 steps   2.13M  ret  1.480  apex 0.767  det h(q0) 0.814 mean 0.8140 (best 0.9614)  sps  9688  std [0.608 0.693]
up  270 steps   2.21M  ret  1.849  apex 0.785  det h(q0) 0.818 mean 0.8184 (best 0.9614)  sps  9390  std [0.629 0.7  ]
up  280 steps   2.29M  ret  1.968  apex 0.794  det h(q0) 0.821 mean 0.8212 (best 0.9614)  sps  9548  std [0.613 0.666]
up  290 steps   2.38M  ret  2.104  apex 0.797  det h(q0) 0.794 mean 0.7941 (best 0.9614)  sps  9531  std [0.608 0.672]
up  300 steps   2.46M  ret  1.725  apex 0.799  det h(q0) 0.799 mean 0.7985 (best 0.9614)  sps  9569  std [0.636 0.662]
up  310 steps   2.54M  ret  1.820  apex 0.794  det h(q0) 0.784 mean 0.7842 (best 0.9614)  sps  9486  std [0.64  0.664]
up  320 steps   2.62M  ret  2.208  apex 0.790  det h(q0) 0.804 mean 0.8035 (best 0.9614)  sps  9603  std [0.63  0.616]
up  330 steps   2.70M  ret  1.782  apex 0.791  det h(q0) 0.803 mean 0.8027 (best 0.9614)  sps  9545  std [0.658 0.623]
up  340 steps   2.79M  ret  1.411  apex 0.792  det h(q0) 0.796 mean 0.7962 (best 0.9614)  sps  9434  std [0.678 0.622]
up  350 steps   2.87M  ret  1.752  apex 0.791  det h(q0) 0.793 mean 0.7926 (best 0.9614)  sps  9458  std [0.687 0.62 ]
up  360 steps   2.95M  ret  1.984  apex 0.788  det h(q0) 0.785 mean 0.7848 (best 0.9614)  sps  9511  std [0.654 0.614]
up  370 steps   3.03M  ret  1.590  apex 0.783  det h(q0) 0.763 mean 0.7633 (best 0.9614)  sps  9523  std [0.656 0.621]
up  380 steps   3.11M  ret  1.651  apex 0.775  det h(q0) 0.775 mean 0.7749 (best 0.9614)  sps  9388  std [0.676 0.63 ]
up  390 steps   3.19M  ret  1.650  apex 0.778  det h(q0) 0.760 mean 0.7599 (best 0.9614)  sps  9592  std [0.72  0.653]
up  400 steps   3.28M  ret  1.381  apex 0.769  det h(q0) 0.752 mean 0.7518 (best 0.9614)  sps  9607  std [0.809 0.68 ]
up  410 steps   3.36M  ret  1.478  apex 0.763  det h(q0) 0.722 mean 0.7224 (best 0.9614)  sps  9324  std [0.822 0.672]
up  420 steps   3.44M  ret  1.763  apex 0.754  det h(q0) 0.723 mean 0.7228 (best 0.9614)  sps  9516  std [0.856 0.661]
up  430 steps   3.52M  ret  1.726  apex 0.752  det h(q0) 0.752 mean 0.7521 (best 0.9614)  sps  9606  std [0.898 0.667]
up  440 steps   3.60M  ret  2.077  apex 0.783  det h(q0) 0.752 mean 0.7522 (best 0.9614)  sps  9436  std [0.94  0.674]
up  450 steps   3.69M  ret  2.018  apex 0.785  det h(q0) 0.770 mean 0.7697 (best 0.9614)  sps  9496  std [0.944 0.678]
up  460 steps   3.77M  ret  2.091  apex 0.782  det h(q0) 0.781 mean 0.7812 (best 0.9614)  sps  9672  std [0.928 0.683]
up  470 steps   3.85M  ret  1.853  apex 0.793  det h(q0) 0.773 mean 0.7733 (best 0.9614)  sps  9594  std [0.883 0.667]
up  480 steps   3.93M  ret  2.008  apex 0.799  det h(q0) 0.787 mean 0.7872 (best 0.9614)  sps  9565  std [0.882 0.688]
up  490 steps   4.01M  ret  1.942  apex 0.809  det h(q0) 0.778 mean 0.7780 (best 0.9614)  sps  9407  std [0.965 0.7  ]
up  500 steps   4.10M  ret  1.412  apex 0.809  det h(q0) 0.799 mean 0.7985 (best 0.9614)  sps  9605  std [1.011 0.763]
up  510 steps   4.18M  ret  1.553  apex 0.807  det h(q0) 0.823 mean 0.8235 (best 0.9614)  sps  9481  std [0.993 0.738]
up  520 steps   4.26M  ret  1.622  apex 0.805  det h(q0) 0.796 mean 0.7958 (best 0.9614)  sps  9615  std [0.966 0.734]
up  530 steps   4.34M  ret  1.719  apex 0.791  det h(q0) 0.782 mean 0.7820 (best 0.9614)  sps  9737  std [1.027 0.755]
up  540 steps   4.42M  ret  1.389  apex 0.780  det h(q0) 0.792 mean 0.7924 (best 0.9614)  sps  9655  std [1.031 0.753]
up  550 steps   4.51M  ret  1.811  apex 0.782  det h(q0) 0.776 mean 0.7756 (best 0.9614)  sps  9643  std [1.032 0.766]
up  560 steps   4.59M  ret  1.886  apex 0.783  det h(q0) 0.781 mean 0.7811 (best 0.9614)  sps  9385  std [0.99  0.753]
up  570 steps   4.67M  ret  1.799  apex 0.790  det h(q0) 0.779 mean 0.7791 (best 0.9614)  sps  9662  std [0.951 0.706]
up  580 steps   4.75M  ret  2.128  apex 0.791  det h(q0) 0.784 mean 0.7838 (best 0.9614)  sps  9634  std [0.956 0.687]
up  590 steps   4.83M  ret  1.448  apex 0.792  det h(q0) 0.788 mean 0.7876 (best 0.9614)  sps  9617  std [0.935 0.689]
up  600 steps   4.92M  ret  1.499  apex 0.791  det h(q0) 0.784 mean 0.7844 (best 0.9614)  sps  9564  std [0.965 0.695]
up  610 steps   5.00M  ret  1.855  apex 0.787  det h(q0) 0.756 mean 0.7557 (best 0.9614)  sps  9492  std [0.937 0.678]
up  620 steps   5.08M  ret  1.332  apex 0.773  det h(q0) 0.740 mean 0.7399 (best 0.9614)  sps  9680  std [1.019 0.72 ]
up  630 steps   5.16M  ret  1.609  apex 0.768  det h(q0) 0.735 mean 0.7350 (best 0.9614)  sps  9568  std [1.008 0.708]
up  640 steps   5.24M  ret  1.546  apex 0.772  det h(q0) 0.739 mean 0.7387 (best 0.9614)  sps  9528  std [0.976 0.744]
up  650 steps   5.32M  ret  1.682  apex 0.771  det h(q0) 0.719 mean 0.7186 (best 0.9614)  sps  9526  std [0.936 0.731]
up  660 steps   5.41M  ret  2.156  apex 0.757  det h(q0) 0.739 mean 0.7390 (best 0.9614)  sps  9625  std [0.883 0.707]
up  670 steps   5.49M  ret  1.548  apex 0.754  det h(q0) 0.752 mean 0.7516 (best 0.9614)  sps  9588  std [0.836 0.673]
up  680 steps   5.57M  ret  1.351  apex 0.762  det h(q0) 0.796 mean 0.7963 (best 0.9614)  sps  9508  std [0.903 0.726]
up  690 steps   5.65M  ret  1.813  apex 0.786  det h(q0) 0.782 mean 0.7820 (best 0.9614)  sps  9583  std [0.896 0.744]
up  700 steps   5.73M  ret  1.602  apex 0.783  det h(q0) 0.777 mean 0.7766 (best 0.9614)  sps  9557  std [0.967 0.831]
up  710 steps   5.82M  ret  1.653  apex 0.787  det h(q0) 0.779 mean 0.7790 (best 0.9614)  sps  9614  std [0.929 0.8  ]
up  720 steps   5.90M  ret  1.770  apex 0.796  det h(q0) 0.795 mean 0.7950 (best 0.9614)  sps  9615  std [0.951 0.765]
up  730 steps   5.98M  ret  1.706  apex 0.801  det h(q0) 0.791 mean 0.7913 (best 0.9614)  sps  9477  std [0.968 0.742]
up  740 steps   6.06M  ret  1.780  apex 0.799  det h(q0) 0.785 mean 0.7852 (best 0.9614)  sps  9610  std [1.035 0.751]
up  750 steps   6.14M  ret  1.995  apex 0.791  det h(q0) 0.769 mean 0.7693 (best 0.9614)  sps  9454  std [1.062 0.758]
up  760 steps   6.23M  ret  1.340  apex 0.779  det h(q0) 0.746 mean 0.7457 (best 0.9614)  sps  9616  std [1.077 0.78 ]
up  770 steps   6.31M  ret  1.390  apex 0.772  det h(q0) 0.754 mean 0.7538 (best 0.9614)  sps  9537  std [1.069 0.781]
up  780 steps   6.39M  ret  1.679  apex 0.781  det h(q0) 0.771 mean 0.7705 (best 0.9614)  sps  9593  std [1.052 0.811]
up  790 steps   6.47M  ret  1.503  apex 0.784  det h(q0) 0.762 mean 0.7622 (best 0.9614)  sps  9555  std [1.05 0.86]
up  800 steps   6.55M  ret  1.403  apex 0.769  det h(q0) 0.744 mean 0.7442 (best 0.9614)  sps  9503  std [1.042 0.83 ]
up  810 steps   6.64M  ret  1.589  apex 0.759  det h(q0) 0.755 mean 0.7547 (best 0.9614)  sps  9510  std [0.976 0.846]
up  820 steps   6.72M  ret  1.699  apex 0.767  det h(q0) 0.780 mean 0.7797 (best 0.9614)  sps  9390  std [0.958 0.844]
up  830 steps   6.80M  ret  1.686  apex 0.782  det h(q0) 0.768 mean 0.7678 (best 0.9614)  sps  9537  std [0.918 0.81 ]
up  840 steps   6.88M  ret  1.665  apex 0.782  det h(q0) 0.787 mean 0.7872 (best 0.9614)  sps  9638  std [0.977 0.888]
up  850 steps   6.96M  ret  1.706  apex 0.779  det h(q0) 0.785 mean 0.7851 (best 0.9614)  sps  9607  std [0.976 0.829]
up  860 steps   7.05M  ret  1.666  apex 0.768  det h(q0) 0.762 mean 0.7619 (best 0.9614)  sps  9535  std [1.088 0.833]
up  870 steps   7.13M  ret  1.675  apex 0.757  det h(q0) 0.784 mean 0.7844 (best 0.9614)  sps  9656  std [1.118 0.895]
up  880 steps   7.21M  ret  1.308  apex 0.767  det h(q0) 0.771 mean 0.7706 (best 0.9614)  sps  9566  std [1.164 0.915]
up  890 steps   7.29M  ret  1.679  apex 0.771  det h(q0) 0.764 mean 0.7638 (best 0.9614)  sps  9540  std [1.177 0.898]
up  900 steps   7.37M  ret  1.333  apex 0.769  det h(q0) 0.778 mean 0.7780 (best 0.9614)  sps  9595  std [1.159 0.962]
up  910 steps   7.45M  ret  1.743  apex 0.761  det h(q0) 0.757 mean 0.7570 (best 0.9614)  sps  9481  std [1.211 0.961]
up  920 steps   7.54M  ret  1.764  apex 0.776  det h(q0) 0.785 mean 0.7850 (best 0.9614)  sps  9557  std [1.143 0.908]
up  930 steps   7.62M  ret  1.995  apex 0.781  det h(q0) 0.763 mean 0.7628 (best 0.9614)  sps  9676  std [1.126 0.904]
up  940 steps   7.70M  ret  2.204  apex 0.788  det h(q0) 0.753 mean 0.7529 (best 0.9614)  sps  9558  std [1.087 0.887]
up  950 steps   7.78M  ret  1.897  apex 0.783  det h(q0) 0.725 mean 0.7249 (best 0.9614)  sps  9742  std [1.128 0.918]
up  960 steps   7.86M  ret  1.705  apex 0.782  det h(q0) 0.761 mean 0.7614 (best 0.9614)  sps  9579  std [1.06  0.893]
up  970 steps   7.95M  ret  1.603  apex 0.790  det h(q0) 0.768 mean 0.7678 (best 0.9614)  sps  9635  std [1.114 0.935]
up  980 steps   8.03M  ret  1.763  apex 0.786  det h(q0) 0.741 mean 0.7413 (best 0.9614)  sps  9545  std [1.104 0.957]
up  990 steps   8.11M  ret  1.746  apex 0.779  det h(q0) 0.794 mean 0.7938 (best 0.9614)  sps  9569  std [1.12  0.989]
up 1000 steps   8.19M  ret  1.683  apex 0.789  det h(q0) 0.798 mean 0.7975 (best 0.9614)  sps  9564  std [1.128 0.992]
up 1010 steps   8.27M  ret  1.699  apex 0.794  det h(q0) 0.797 mean 0.7968 (best 0.9614)  sps  9604  std [1.152 0.968]
up 1020 steps   8.36M  ret  1.563  apex 0.787  det h(q0) 0.803 mean 0.8031 (best 0.9614)  sps  9547  std [1.161 0.991]
up 1030 steps   8.44M  ret  1.666  apex 0.795  det h(q0) 0.813 mean 0.8129 (best 0.9614)  sps  9507  std [1.117 0.962]
up 1040 steps   8.52M  ret  1.743  apex 0.797  det h(q0) 0.785 mean 0.7854 (best 0.9614)  sps  9673  std [1.025 0.918]
up 1050 steps   8.60M  ret  1.867  apex 0.799  det h(q0) 0.779 mean 0.7794 (best 0.9614)  sps  9526  std [1.034 0.952]
up 1060 steps   8.68M  ret  1.669  apex 0.791  det h(q0) 0.762 mean 0.7616 (best 0.9614)  sps  9731  std [1.12  0.979]
up 1070 steps   8.77M  ret  1.693  apex 0.786  det h(q0) 0.752 mean 0.7519 (best 0.9614)  sps  9787  std [1.081 0.942]
up 1080 steps   8.85M  ret  1.952  apex 0.782  det h(q0) 0.756 mean 0.7561 (best 0.9614)  sps  9499  std [1.019 0.929]
up 1090 steps   8.93M  ret  1.734  apex 0.786  det h(q0) 0.773 mean 0.7732 (best 0.9614)  sps  9565  std [1.039 0.926]
up 1100 steps   9.01M  ret  1.761  apex 0.786  det h(q0) 0.754 mean 0.7543 (best 0.9614)  sps  9554  std [1.041 0.933]
up 1110 steps   9.09M  ret  1.580  apex 0.781  det h(q0) 0.785 mean 0.7853 (best 0.9614)  sps  9585  std [1.04  0.948]
up 1120 steps   9.18M  ret  1.557  apex 0.786  det h(q0) 0.781 mean 0.7806 (best 0.9614)  sps  9584  std [1.132 1.028]
up 1130 steps   9.26M  ret  1.917  apex 0.790  det h(q0) 0.781 mean 0.7813 (best 0.9614)  sps  9417  std [1.047 1.008]
up 1140 steps   9.34M  ret  1.488  apex 0.794  det h(q0) 0.792 mean 0.7920 (best 0.9614)  sps  9606  std [1.026 0.983]
up 1150 steps   9.42M  ret  1.635  apex 0.792  det h(q0) 0.795 mean 0.7950 (best 0.9614)  sps  9578  std [1.043 0.971]
up 1160 steps   9.50M  ret  1.843  apex 0.791  det h(q0) 0.777 mean 0.7769 (best 0.9614)  sps  9594  std [0.997 0.974]
up 1170 steps   9.58M  ret  1.928  apex 0.797  det h(q0) 0.785 mean 0.7846 (best 0.9614)  sps  9595  std [0.898 0.988]
up 1180 steps   9.67M  ret  1.534  apex 0.805  det h(q0) 0.784 mean 0.7839 (best 0.9614)  sps  9397  std [0.918 1.053]
up 1190 steps   9.75M  ret  1.765  apex 0.817  det h(q0) 0.810 mean 0.8098 (best 0.9614)  sps  9586  std [0.968 1.089]
up 1200 steps   9.83M  ret  1.771  apex 0.817  det h(q0) 0.817 mean 0.8173 (best 0.9614)  sps  9741  std [0.939 1.079]
up 1210 steps   9.91M  ret  1.685  apex 0.813  det h(q0) 0.796 mean 0.7963 (best 0.9614)  sps  9582  std [0.905 1.089]
up 1220 steps   9.99M  ret  2.086  apex 0.822  det h(q0) 0.830 mean 0.8298 (best 0.9614)  sps  9599  std [0.911 1.054]
up 1230 steps  10.08M  ret  1.719  apex 0.823  det h(q0) 0.813 mean 0.8127 (best 0.9614)  sps  9696  std [0.883 1.032]
up 1240 steps  10.16M  ret  2.019  apex 0.823  det h(q0) 0.809 mean 0.8092 (best 0.9614)  sps  9436  std [0.859 0.979]
up 1250 steps  10.24M  ret  1.998  apex 0.819  det h(q0) 0.819 mean 0.8187 (best 0.9614)  sps  9523  std [0.858 0.965]
up 1260 steps  10.32M  ret  1.602  apex 0.825  det h(q0) 0.819 mean 0.8193 (best 0.9614)  sps  9790  std [0.845 1.009]
up 1270 steps  10.40M  ret  1.547  apex 0.824  det h(q0) 0.811 mean 0.8112 (best 0.9614)  sps  9566  std [0.844 1.026]
up 1280 steps  10.49M  ret  2.016  apex 0.819  det h(q0) 0.805 mean 0.8049 (best 0.9614)  sps  9588  std [0.835 1.009]
up 1290 steps  10.57M  ret  1.693  apex 0.823  det h(q0) 0.797 mean 0.7973 (best 0.9614)  sps  9536  std [0.851 1.009]
up 1300 steps  10.65M  ret  1.870  apex 0.825  det h(q0) 0.794 mean 0.7940 (best 0.9614)  sps  9603  std [0.832 1.044]
up 1310 steps  10.73M  ret  1.509  apex 0.831  det h(q0) 0.824 mean 0.8244 (best 0.9614)  sps  9654  std [0.841 1.033]
up 1320 steps  10.81M  ret  1.989  apex 0.835  det h(q0) 0.819 mean 0.8191 (best 0.9614)  sps  9523  std [0.823 1.079]
up 1330 steps  10.90M  ret  2.162  apex 0.837  det h(q0) 0.806 mean 0.8057 (best 0.9614)  sps  9652  std [0.781 1.006]
up 1340 steps  10.98M  ret  1.903  apex 0.834  det h(q0) 0.802 mean 0.8021 (best 0.9614)  sps  9575  std [0.805 0.981]
up 1350 steps  11.06M  ret  2.050  apex 0.837  det h(q0) 0.822 mean 0.8223 (best 0.9614)  sps  9527  std [0.761 0.947]
up 1360 steps  11.14M  ret  2.257  apex 0.845  det h(q0) 0.805 mean 0.8051 (best 0.9614)  sps  9621  std [0.734 0.933]
up 1370 steps  11.22M  ret  1.841  apex 0.842  det h(q0) 0.809 mean 0.8086 (best 0.9614)  sps  9679  std [0.812 0.978]
up 1380 steps  11.30M  ret  2.224  apex 0.839  det h(q0) 0.798 mean 0.7984 (best 0.9614)  sps  9547  std [0.831 0.956]
up 1390 steps  11.39M  ret  1.932  apex 0.833  det h(q0) 0.800 mean 0.7998 (best 0.9614)  sps  9606  std [0.854 1.026]
up 1400 steps  11.47M  ret  1.864  apex 0.829  det h(q0) 0.799 mean 0.7987 (best 0.9614)  sps  9588  std [0.868 1.114]
up 1410 steps  11.55M  ret  2.093  apex 0.831  det h(q0) 0.813 mean 0.8133 (best 0.9614)  sps  9665  std [0.841 1.158]
up 1420 steps  11.63M  ret  1.761  apex 0.831  det h(q0) 0.817 mean 0.8167 (best 0.9614)  sps  9561  std [0.88  1.207]
up 1430 steps  11.71M  ret  2.011  apex 0.829  det h(q0) 0.789 mean 0.7889 (best 0.9614)  sps  9653  std [0.901 1.221]
up 1440 steps  11.80M  ret  1.890  apex 0.826  det h(q0) 0.798 mean 0.7980 (best 0.9614)  sps  9688  std [0.852 1.168]
up 1450 steps  11.88M  ret  2.122  apex 0.834  det h(q0) 0.810 mean 0.8099 (best 0.9614)  sps  9567  std [0.844 1.138]
up 1460 steps  11.96M  ret  1.719  apex 0.841  det h(q0) 0.810 mean 0.8096 (best 0.9614)  sps  9619  std [0.85  1.174]
up 1470 steps  12.04M  ret  2.057  apex 0.840  det h(q0) 0.829 mean 0.8291 (best 0.9614)  sps  9702  std [0.869 1.196]
up 1480 steps  12.12M  ret  1.672  apex 0.838  det h(q0) 0.807 mean 0.8071 (best 0.9614)  sps  9568  std [0.914 1.207]
up 1490 steps  12.21M  ret  1.807  apex 0.840  det h(q0) 0.820 mean 0.8200 (best 0.9614)  sps  9516  std [0.918 1.226]
up 1500 steps  12.29M  ret  1.794  apex 0.836  det h(q0) 0.810 mean 0.8099 (best 0.9614)  sps  9577  std [0.921 1.204]
up 1510 steps  12.37M  ret  1.796  apex 0.835  det h(q0) 0.820 mean 0.8197 (best 0.9614)  sps  9472  std [0.972 1.172]
up 1520 steps  12.45M  ret  1.772  apex 0.839  det h(q0) 0.818 mean 0.8179 (best 0.9614)  sps  9644  std [0.934 1.093]
up 1530 steps  12.53M  ret  2.151  apex 0.846  det h(q0) 0.819 mean 0.8188 (best 0.9614)  sps  9588  std [0.961 1.077]
up 1540 steps  12.62M  ret  2.163  apex 0.850  det h(q0) 0.827 mean 0.8274 (best 0.9614)  sps  9534  std [0.91  1.132]
up 1550 steps  12.70M  ret  2.101  apex 0.854  det h(q0) 0.830 mean 0.8303 (best 0.9614)  sps  9569  std [0.869 1.088]
up 1560 steps  12.78M  ret  1.703  apex 0.860  det h(q0) 0.848 mean 0.8479 (best 0.9614)  sps  9561  std [0.936 1.165]
up 1570 steps  12.86M  ret  1.866  apex 0.866  det h(q0) 0.855 mean 0.8554 (best 0.9614)  sps  9565  std [0.986 1.197]
up 1580 steps  12.94M  ret  1.852  apex 0.892  det h(q0) 0.881 mean 0.8812 (best 0.9614)  sps  9641  std [1.02  1.168]
up 1590 steps  13.03M  ret  1.781  apex 0.908  det h(q0) 0.880 mean 0.8796 (best 0.9614)  sps  9733  std [1.096 1.231]
up 1600 steps  13.11M  ret  2.056  apex 0.900  det h(q0) 0.886 mean 0.8857 (best 0.9614)  sps  9398  std [1.064 1.214]
up 1610 steps  13.19M  ret  2.218  apex 0.883  det h(q0) 0.879 mean 0.8794 (best 0.9614)  sps  9637  std [1.051 1.158]
up 1620 steps  13.27M  ret  2.002  apex 0.879  det h(q0) 0.876 mean 0.8764 (best 0.9614)  sps  9463  std [1.011 1.146]
up 1630 steps  13.35M  ret  1.905  apex 0.881  det h(q0) 0.876 mean 0.8763 (best 0.9614)  sps  9536  std [1.03  1.143]
up 1640 steps  13.43M  ret  1.856  apex 0.873  det h(q0) 0.870 mean 0.8703 (best 0.9614)  sps  9712  std [0.974 1.199]
up 1650 steps  13.52M  ret  2.138  apex 0.871  det h(q0) 0.862 mean 0.8617 (best 0.9614)  sps  9753  std [0.963 1.248]
up 1660 steps  13.60M  ret  2.091  apex 0.870  det h(q0) 0.852 mean 0.8519 (best 0.9614)  sps  9545  std [0.964 1.172]
up 1670 steps  13.68M  ret  1.583  apex 0.870  det h(q0) 0.859 mean 0.8592 (best 0.9614)  sps  9553  std [0.982 1.145]
up 1680 steps  13.76M  ret  2.093  apex 0.869  det h(q0) 0.867 mean 0.8669 (best 0.9614)  sps  9519  std [0.976 1.153]
up 1690 steps  13.84M  ret  1.804  apex 0.870  det h(q0) 0.861 mean 0.8615 (best 0.9614)  sps  9674  std [0.916 1.118]
up 1700 steps  13.93M  ret  2.136  apex 0.865  det h(q0) 0.861 mean 0.8606 (best 0.9614)  sps  9540  std [0.937 1.095]
up 1710 steps  14.01M  ret  2.200  apex 0.870  det h(q0) 0.858 mean 0.8578 (best 0.9614)  sps  9581  std [0.952 1.149]
up 1720 steps  14.09M  ret  2.159  apex 0.869  det h(q0) 0.862 mean 0.8624 (best 0.9614)  sps  9713  std [0.952 1.106]
up 1730 steps  14.17M  ret  2.063  apex 0.870  det h(q0) 0.864 mean 0.8639 (best 0.9614)  sps  9737  std [0.907 1.027]
up 1740 steps  14.25M  ret  1.886  apex 0.870  det h(q0) 0.856 mean 0.8559 (best 0.9614)  sps  9673  std [0.955 1.06 ]
up 1750 steps  14.34M  ret  1.969  apex 0.868  det h(q0) 0.866 mean 0.8658 (best 0.9614)  sps  9599  std [0.927 1.064]
up 1760 steps  14.42M  ret  1.852  apex 0.877  det h(q0) 0.869 mean 0.8692 (best 0.9614)  sps  9679  std [0.9   1.091]
up 1770 steps  14.50M  ret  2.337  apex 0.880  det h(q0) 0.871 mean 0.8710 (best 0.9614)  sps  9637  std [0.901 1.111]
up 1780 steps  14.58M  ret  2.043  apex 0.880  det h(q0) 0.862 mean 0.8623 (best 0.9614)  sps  9550  std [0.906 1.118]
up 1790 steps  14.66M  ret  1.919  apex 0.870  det h(q0) 0.862 mean 0.8617 (best 0.9614)  sps  9750  std [0.87  1.119]
up 1800 steps  14.75M  ret  2.114  apex 0.870  det h(q0) 0.862 mean 0.8620 (best 0.9614)  sps  9604  std [0.914 1.185]
up 1810 steps  14.83M  ret  1.754  apex 0.874  det h(q0) 0.865 mean 0.8650 (best 0.9614)  sps  9635  std [0.903 1.144]
up 1820 steps  14.91M  ret  1.824  apex 0.880  det h(q0) 0.874 mean 0.8736 (best 0.9614)  sps  9568  std [0.917 1.142]
up 1830 steps  14.99M  ret  1.880  apex 0.884  det h(q0) 0.853 mean 0.8527 (best 0.9614)  sps  9547  std [0.881 1.148]
up 1840 steps  15.07M  ret  1.949  apex 0.883  det h(q0) 0.861 mean 0.8610 (best 0.9614)  sps  9620  std [0.916 1.241]
up 1850 steps  15.16M  ret  2.317  apex 0.886  det h(q0) 0.866 mean 0.8656 (best 0.9614)  sps  9483  std [0.976 1.309]
up 1860 steps  15.24M  ret  1.932  apex 0.885  det h(q0) 0.855 mean 0.8553 (best 0.9614)  sps  9742  std [0.993 1.282]
up 1870 steps  15.32M  ret  2.323  apex 0.885  det h(q0) 0.868 mean 0.8682 (best 0.9614)  sps  9770  std [0.971 1.343]
up 1880 steps  15.40M  ret  1.719  apex 0.894  det h(q0) 0.872 mean 0.8716 (best 0.9614)  sps  9691  std [0.986 1.382]
up 1890 steps  15.48M  ret  2.035  apex 0.895  det h(q0) 0.875 mean 0.8747 (best 0.9614)  sps  9484  std [0.991 1.327]
up 1900 steps  15.56M  ret  2.101  apex 0.897  det h(q0) 0.874 mean 0.8740 (best 0.9614)  sps  9545  std [0.94  1.295]
up 1910 steps  15.65M  ret  1.723  apex 0.897  det h(q0) 0.876 mean 0.8764 (best 0.9614)  sps  9416  std [0.922 1.242]
up 1920 steps  15.73M  ret  1.985  apex 0.899  det h(q0) 0.873 mean 0.8728 (best 0.9614)  sps  9448  std [0.918 1.308]
up 1930 steps  15.81M  ret  2.163  apex 0.896  det h(q0) 0.882 mean 0.8816 (best 0.9614)  sps  9505  std [0.888 1.267]
up 1940 steps  15.89M  ret  1.835  apex 0.888  det h(q0) 0.885 mean 0.8855 (best 0.9614)  sps  9586  std [0.83  1.299]
up 1950 steps  15.97M  ret  2.212  apex 0.886  det h(q0) 0.878 mean 0.8776 (best 0.9614)  sps  9478  std [0.827 1.302]
up 1960 steps  16.06M  ret  2.212  apex 0.888  det h(q0) 0.878 mean 0.8784 (best 0.9614)  sps  9428  std [0.846 1.32 ]
up 1970 steps  16.14M  ret  2.121  apex 0.886  det h(q0) 0.860 mean 0.8595 (best 0.9614)  sps  9517  std [0.862 1.42 ]
up 1980 steps  16.22M  ret  1.972  apex 0.886  det h(q0) 0.856 mean 0.8563 (best 0.9614)  sps  9517  std [0.898 1.408]
up 1990 steps  16.30M  ret  1.940  apex 0.880  det h(q0) 0.850 mean 0.8498 (best 0.9614)  sps  9617  std [0.845 1.38 ]
up 2000 steps  16.38M  ret  2.119  apex 0.874  det h(q0) 0.858 mean 0.8582 (best 0.9614)  sps  9582  std [0.847 1.455]
up 2010 steps  16.47M  ret  1.975  apex 0.873  det h(q0) 0.859 mean 0.8587 (best 0.9614)  sps  9528  std [0.883 1.485]
up 2020 steps  16.55M  ret  1.858  apex 0.877  det h(q0) 0.855 mean 0.8551 (best 0.9614)  sps  9543  std [0.915 1.446]
up 2030 steps  16.63M  ret  2.238  apex 0.881  det h(q0) 0.865 mean 0.8648 (best 0.9614)  sps  9469  std [0.855 1.504]
up 2040 steps  16.71M  ret  2.233  apex 0.882  det h(q0) 0.863 mean 0.8629 (best 0.9614)  sps  9493  std [0.863 1.49 ]
up 2050 steps  16.79M  ret  2.235  apex 0.885  det h(q0) 0.873 mean 0.8729 (best 0.9614)  sps  9549  std [0.877 1.545]
up 2060 steps  16.88M  ret  1.834  apex 0.882  det h(q0) 0.865 mean 0.8650 (best 0.9614)  sps  9566  std [0.902 1.683]
up 2070 steps  16.96M  ret  1.895  apex 0.872  det h(q0) 0.850 mean 0.8499 (best 0.9614)  sps  9597  std [0.883 1.714]
up 2080 steps  17.04M  ret  1.986  apex 0.867  det h(q0) 0.859 mean 0.8592 (best 0.9614)  sps  9703  std [0.824 1.658]
up 2090 steps  17.12M  ret  2.598  apex 0.867  det h(q0) 0.863 mean 0.8633 (best 0.9614)  sps  9543  std [0.766 1.652]
up 2100 steps  17.20M  ret  1.884  apex 0.869  det h(q0) 0.867 mean 0.8671 (best 0.9614)  sps  9687  std [0.767 1.725]
up 2110 steps  17.29M  ret  2.184  apex 0.871  det h(q0) 0.868 mean 0.8680 (best 0.9614)  sps  9503  std [0.781 1.781]
up 2120 steps  17.37M  ret  1.819  apex 0.872  det h(q0) 0.855 mean 0.8553 (best 0.9614)  sps  9564  std [0.815 1.893]
up 2130 steps  17.45M  ret  1.892  apex 0.864  det h(q0) 0.834 mean 0.8341 (best 0.9614)  sps  9587  std [0.815 1.938]
up 2140 steps  17.53M  ret  1.707  apex 0.850  det h(q0) 0.844 mean 0.8444 (best 0.9614)  sps  9672  std [0.792 1.81 ]
up 2150 steps  17.61M  ret  1.889  apex 0.846  det h(q0) 0.855 mean 0.8555 (best 0.9614)  sps  9530  std [0.836 1.894]
up 2160 steps  17.69M  ret  1.972  apex 0.852  det h(q0) 0.862 mean 0.8620 (best 0.9614)  sps  9658  std [0.845 1.856]
up 2170 steps  17.78M  ret  1.926  apex 0.863  det h(q0) 0.868 mean 0.8678 (best 0.9614)  sps  9538  std [0.826 1.741]
up 2180 steps  17.86M  ret  2.214  apex 0.866  det h(q0) 0.862 mean 0.8616 (best 0.9614)  sps  9650  std [0.785 1.832]
up 2190 steps  17.94M  ret  2.152  apex 0.863  det h(q0) 0.868 mean 0.8681 (best 0.9614)  sps  9540  std [0.763 1.849]
up 2200 steps  18.02M  ret  2.023  apex 0.869  det h(q0) 0.865 mean 0.8651 (best 0.9614)  sps  9567  std [0.73  1.789]
up 2210 steps  18.10M  ret  1.799  apex 0.861  det h(q0) 0.857 mean 0.8569 (best 0.9614)  sps  9638  std [0.697 1.841]
up 2220 steps  18.19M  ret  1.758  apex 0.854  det h(q0) 0.854 mean 0.8539 (best 0.9614)  sps  9573  std [0.682 1.812]
up 2230 steps  18.27M  ret  1.756  apex 0.850  det h(q0) 0.847 mean 0.8469 (best 0.9614)  sps  9537  std [0.682 1.875]
up 2240 steps  18.35M  ret  1.989  apex 0.847  det h(q0) 0.840 mean 0.8401 (best 0.9614)  sps  9567  std [0.656 1.993]
up 2250 steps  18.43M  ret  1.978  apex 0.837  det h(q0) 0.820 mean 0.8203 (best 0.9614)  sps  9670  std [0.676 2.064]
up 2260 steps  18.51M  ret  1.911  apex 0.820  det h(q0) 0.810 mean 0.8099 (best 0.9614)  sps  9590  std [0.707 2.096]
up 2270 steps  18.60M  ret  1.864  apex 0.815  det h(q0) 0.816 mean 0.8161 (best 0.9614)  sps  9722  std [0.739 2.033]
up 2280 steps  18.68M  ret  1.631  apex 0.819  det h(q0) 0.798 mean 0.7976 (best 0.9614)  sps  9542  std [0.722 1.98 ]
up 2290 steps  18.76M  ret  2.011  apex 0.817  det h(q0) 0.803 mean 0.8032 (best 0.9614)  sps  9589  std [0.774 2.106]
up 2300 steps  18.84M  ret  1.492  apex 0.807  det h(q0) 0.804 mean 0.8039 (best 0.9614)  sps  9456  std [0.767 2.097]
up 2310 steps  18.92M  ret  2.008  apex 0.820  det h(q0) 0.830 mean 0.8299 (best 0.9614)  sps  9681  std [0.764 2.065]
up 2320 steps  19.01M  ret  2.152  apex 0.835  det h(q0) 0.832 mean 0.8320 (best 0.9614)  sps  9597  std [0.752 2.098]
up 2330 steps  19.09M  ret  1.993  apex 0.840  det h(q0) 0.841 mean 0.8409 (best 0.9614)  sps  9624  std [0.743 2.098]
up 2340 steps  19.17M  ret  2.260  apex 0.844  det h(q0) 0.842 mean 0.8424 (best 0.9614)  sps  9614  std [0.752 2.162]
up 2350 steps  19.25M  ret  1.823  apex 0.846  det h(q0) 0.848 mean 0.8484 (best 0.9614)  sps  9584  std [0.775 2.267]
up 2360 steps  19.33M  ret  2.093  apex 0.848  det h(q0) 0.846 mean 0.8461 (best 0.9614)  sps  9600  std [0.759 2.253]
up 2370 steps  19.42M  ret  2.148  apex 0.846  det h(q0) 0.842 mean 0.8420 (best 0.9614)  sps  9712  std [0.773 2.372]
up 2380 steps  19.50M  ret  1.957  apex 0.848  det h(q0) 0.847 mean 0.8469 (best 0.9614)  sps  9565  std [0.784 2.397]
up 2390 steps  19.58M  ret  2.331  apex 0.853  det h(q0) 0.831 mean 0.8309 (best 0.9614)  sps  9617  std [0.771 2.428]
up 2400 steps  19.66M  ret  1.892  apex 0.840  det h(q0) 0.830 mean 0.8298 (best 0.9614)  sps  9434  std [0.743 2.399]
up 2410 steps  19.74M  ret  1.971  apex 0.839  det h(q0) 0.838 mean 0.8380 (best 0.9614)  sps  9678  std [0.715 2.312]
up 2420 steps  19.82M  ret  1.895  apex 0.838  det h(q0) 0.833 mean 0.8328 (best 0.9614)  sps  9553  std [0.71  2.416]
up 2430 steps  19.91M  ret  1.993  apex 0.834  det h(q0) 0.827 mean 0.8266 (best 0.9614)  sps  9527  std [0.713 2.498]
up 2440 steps  19.99M  ret  1.787  apex 0.833  det h(q0) 0.830 mean 0.8304 (best 0.9614)  sps  9463  std [0.792 2.583]
up 2450 steps  20.07M  ret  2.027  apex 0.835  det h(q0) 0.811 mean 0.8105 (best 0.9614)  sps  9493  std [0.79  2.615]
up 2460 steps  20.15M  ret  1.806  apex 0.831  det h(q0) 0.814 mean 0.8136 (best 0.9614)  sps  9518  std [0.832 2.726]
up 2470 steps  20.23M  ret  1.983  apex 0.827  det h(q0) 0.821 mean 0.8207 (best 0.9614)  sps  9304  std [0.767 2.858]
up 2480 steps  20.32M  ret  1.617  apex 0.816  det h(q0) 0.795 mean 0.7949 (best 0.9614)  sps  9607  std [0.783 2.945]
up 2490 steps  20.40M  ret  1.549  apex 0.814  det h(q0) 0.810 mean 0.8096 (best 0.9614)  sps  9528  std [0.787 3.029]
up 2500 steps  20.48M  ret  1.480  apex 0.822  det h(q0) 0.827 mean 0.8275 (best 0.9614)  sps  9597  std [0.754 3.141]
up 2510 steps  20.56M  ret  2.047  apex 0.824  det h(q0) 0.817 mean 0.8166 (best 0.9614)  sps  9637  std [0.767 3.198]
up 2520 steps  20.64M  ret  2.017  apex 0.817  det h(q0) 0.805 mean 0.8052 (best 0.9614)  sps  9473  std [0.765 3.174]
up 2530 steps  20.73M  ret  1.957  apex 0.812  det h(q0) 0.811 mean 0.8114 (best 0.9614)  sps  9638  std [0.794 3.067]
up 2540 steps  20.81M  ret  1.901  apex 0.812  det h(q0) 0.813 mean 0.8126 (best 0.9614)  sps  9529  std [0.812 2.981]
up 2550 steps  20.89M  ret  1.584  apex 0.810  det h(q0) 0.805 mean 0.8050 (best 0.9614)  sps  9728  std [0.81  3.012]
up 2560 steps  20.97M  ret  1.867  apex 0.805  det h(q0) 0.803 mean 0.8025 (best 0.9614)  sps  9639  std [0.881 2.935]
up 2570 steps  21.05M  ret  1.653  apex 0.807  det h(q0) 0.804 mean 0.8043 (best 0.9614)  sps  9628  std [0.852 2.951]
up 2580 steps  21.14M  ret  1.754  apex 0.812  det h(q0) 0.811 mean 0.8109 (best 0.9614)  sps  9747  std [0.835 3.012]
up 2590 steps  21.22M  ret  2.112  apex 0.809  det h(q0) 0.806 mean 0.8063 (best 0.9614)  sps  9594  std [0.811 2.863]
up 2600 steps  21.30M  ret  1.961  apex 0.807  det h(q0) 0.805 mean 0.8047 (best 0.9614)  sps  9608  std [0.78  2.884]
up 2610 steps  21.38M  ret  1.851  apex 0.809  det h(q0) 0.819 mean 0.8188 (best 0.9614)  sps  9552  std [0.788 2.935]
up 2620 steps  21.46M  ret  1.659  apex 0.821  det h(q0) 0.824 mean 0.8237 (best 0.9614)  sps  9542  std [0.787 2.924]
up 2630 steps  21.54M  ret  1.605  apex 0.822  det h(q0) 0.827 mean 0.8275 (best 0.9614)  sps  9558  std [0.813 3.098]
up 2640 steps  21.63M  ret  1.895  apex 0.818  det h(q0) 0.825 mean 0.8252 (best 0.9614)  sps  9366  std [0.757 3.163]
up 2650 steps  21.71M  ret  1.746  apex 0.822  det h(q0) 0.821 mean 0.8214 (best 0.9614)  sps  9699  std [0.8   3.493]
up 2660 steps  21.79M  ret  1.957  apex 0.822  det h(q0) 0.820 mean 0.8199 (best 0.9614)  sps  9610  std [0.793 3.537]
up 2670 steps  21.87M  ret  1.893  apex 0.820  det h(q0) 0.814 mean 0.8138 (best 0.9614)  sps  9356  std [0.789 3.573]
up 2680 steps  21.95M  ret  2.030  apex 0.816  det h(q0) 0.824 mean 0.8237 (best 0.9614)  sps  9670  std [0.773 3.484]
up 2690 steps  22.04M  ret  1.780  apex 0.828  det h(q0) 0.820 mean 0.8197 (best 0.9614)  sps  9556  std [0.762 3.572]
up 2700 steps  22.12M  ret  1.968  apex 0.824  det h(q0) 0.825 mean 0.8245 (best 0.9614)  sps  9634  std [0.759 3.687]
up 2710 steps  22.20M  ret  1.952  apex 0.822  det h(q0) 0.825 mean 0.8248 (best 0.9614)  sps  9597  std [0.793 3.785]
up 2720 steps  22.28M  ret  1.730  apex 0.820  det h(q0) 0.823 mean 0.8225 (best 0.9614)  sps  9809  std [0.839 4.052]
up 2730 steps  22.36M  ret  2.146  apex 0.818  det h(q0) 0.815 mean 0.8151 (best 0.9614)  sps  9505  std [0.834 4.219]
up 2740 steps  22.45M  ret  1.699  apex 0.819  det h(q0) 0.812 mean 0.8122 (best 0.9614)  sps  9473  std [0.855 4.013]
up 2750 steps  22.53M  ret  1.980  apex 0.815  det h(q0) 0.797 mean 0.7971 (best 0.9614)  sps  9551  std [0.829 4.26 ]
up 2760 steps  22.61M  ret  1.842  apex 0.802  det h(q0) 0.786 mean 0.7864 (best 0.9614)  sps  9499  std [0.85 4.12]
up 2770 steps  22.69M  ret  1.773  apex 0.793  det h(q0) 0.784 mean 0.7839 (best 0.9614)  sps  9455  std [0.838 4.052]
up 2780 steps  22.77M  ret  1.612  apex 0.794  det h(q0) 0.791 mean 0.7910 (best 0.9614)  sps  9619  std [0.854 4.009]
up 2790 steps  22.86M  ret  1.462  apex 0.796  det h(q0) 0.788 mean 0.7881 (best 0.9614)  sps  9524  std [0.93 4.1 ]
up 2800 steps  22.94M  ret  1.710  apex 0.801  det h(q0) 0.788 mean 0.7877 (best 0.9614)  sps  9541  std [0.952 4.296]
up 2810 steps  23.02M  ret  1.579  apex 0.792  det h(q0) 0.783 mean 0.7830 (best 0.9614)  sps  9540  std [0.969 4.598]
up 2820 steps  23.10M  ret  2.048  apex 0.784  det h(q0) 0.786 mean 0.7857 (best 0.9614)  sps  9571  std [0.958 4.465]
up 2830 steps  23.18M  ret  1.570  apex 0.791  det h(q0) 0.778 mean 0.7785 (best 0.9614)  sps  9719  std [0.926 4.348]
up 2840 steps  23.27M  ret  1.758  apex 0.799  det h(q0) 0.791 mean 0.7915 (best 0.9614)  sps  9540  std [0.896 4.435]
up 2850 steps  23.35M  ret  1.586  apex 0.798  det h(q0) 0.785 mean 0.7851 (best 0.9614)  sps  9547  std [0.974 4.665]
up 2860 steps  23.43M  ret  1.366  apex 0.792  det h(q0) 0.784 mean 0.7840 (best 0.9614)  sps  9577  std [0.96  4.689]
up 2870 steps  23.51M  ret  1.769  apex 0.788  det h(q0) 0.789 mean 0.7895 (best 0.9614)  sps  9625  std [0.926 4.761]
up 2880 steps  23.59M  ret  1.839  apex 0.792  det h(q0) 0.784 mean 0.7841 (best 0.9614)  sps  9458  std [0.864 4.991]
up 2890 steps  23.67M  ret  1.676  apex 0.784  det h(q0) 0.775 mean 0.7751 (best 0.9614)  sps  9613  std [0.811 5.02 ]
up 2900 steps  23.76M  ret  1.642  apex 0.777  det h(q0) 0.780 mean 0.7796 (best 0.9614)  sps  9769  std [0.8   5.185]
up 2910 steps  23.84M  ret  1.621  apex 0.782  det h(q0) 0.782 mean 0.7824 (best 0.9614)  sps  9455  std [0.787 5.454]
up 2920 steps  23.92M  ret  1.795  apex 0.787  det h(q0) 0.785 mean 0.7851 (best 0.9614)  sps  9635  std [0.742 5.217]
up 2930 steps  24.00M  ret  2.010  apex 0.789  det h(q0) 0.783 mean 0.7831 (best 0.9614)  sps  9518  std [0.719 5.254]
early stop: plateau (best 0.9614 이후 120회 미개선)
done — steps 24002560 wall 42.5min best_h 0.9614 (plateau (best 0.9614 이후 120회 미개선))
curve saved: t0nc_ppo_curve_long_05ms.png
===== t0_rollout_long.py nc05 =====
warm-start from previous mshoot best
warm-start from previous fourbar best
setup done [2s] — dt=0.0005 law=(-0.3823, 0.6301, 7.2968) spr=(0.5637, 1.8775, 5.8838) k_rise=0.2656 tm=1.31ms clip=25.581 crouch(task0)=(-0.3200,-2.5000) Q1R=(-1.2566,-0.2967) Q2R=(-2.5482,-0.6283) w_tn=50.0 w_dq=50.0 w_tau=50.0 m_tn=0.0 m_tau=0.0
  golden A — 0602/60_0.75_60_2: dq2 RMSE=0.8903 h_sim=0.8966
  golden A — 0602/60_1.5_60_1.5: dq2 RMSE=0.7416 h_sim=0.8824
  golden A — 0602/90_0.75_90_2: dq2 RMSE=1.2248 h_sim=0.9510
  golden A — 0602/120_2_120_2: dq2 RMSE=1.5531 h_sim=0.9238
  golden A — 0602/150_2.2_250_3: dq2 RMSE=1.2513 h_sim=0.9002
  golden A — 0602/150_2.2_500_5: dq2 RMSE=2.0494 h_sim=0.7890
  golden A — session mean 1.2851 (canonical 1.2851) PASS
  golden B — 0602/60_0.75_60_2 env vs cl_run23 (clip=25.581) max|Δ|=0.000e+00 PASS
GOLDEN PASS (A: 0602 재생 세션평균 / B: env 스텝 비트 일치, clip=25.581)
[final] h_plan=0.7831 liftoff=0.121s apex@0.400s hops=0 ceil(raw1/raw2)=0.15/0.18 audit_pass=True stance_ok=True range_viol=None
    audit tau_hip  = -0.0000  (OK)
    audit tau_knee = -0.0000  (OK)
    audit tn_hip   = -29.4513  (OK)
    audit tn_knee  = -21.2068  (OK)
    audit dq_hip   = -41.7997  (OK)
    audit dq_knee  = -33.6952  (OK)
    audit q1_lo    = -0.0837  (OK)
    audit q1_hi    = -0.0043  (OK)
    audit q2_lo    = -0.0053  (OK)
    audit q2_hi    = -0.3480  (OK)
[best] h_plan=0.9614 liftoff=0.255s apex@0.570s hops=0 ceil(raw1/raw2)=0.05/0.03 audit_pass=False stance_ok=True range_viol={'k_ctrl': 566, 't': 0.28350000000000003, 'q1': -1.2569158165938104, 'q2': -0.7525368683211272}
    audit tau_hip  = -0.0000  (OK)
    audit tau_knee = -0.0000  (OK)
    audit tn_hip   = -31.0043  (OK)
    audit tn_knee  = -16.0911  (OK)
    audit dq_hip   = -38.0101  (OK)
    audit dq_knee  = -25.6636  (OK)
    audit q1_lo    = +0.1070  (VIOL)
    audit q1_hi    = -0.0043  (OK)
    audit q2_lo    = -0.0051  (OK)
    audit q2_hi    = -0.0389  (OK)
saved: t0nc_ppo_long_05ms.npz / t0nc_ppo_best_long_05ms.npz / t0nc_ppo_audit_long_05ms.json / t0nc_ppo_traj_long_05ms.png [1s]
PASS(final)=True PASS(best)=False
fix:24:0.5       h=0.9408 pass=True steps=29327360
fix:25.08:0.5    h=1.0157 pass=True steps=24002560
fix:28:0.5       h=0.9453 pass=True steps=24002560
nc05             h=0.7831 pass=True steps=24002560
figure saved: C:\Users\junho\Documents\jump-opt-digital-twin\code\goal22\p25_task0\graphs\summary\li_ppo_05ms.png
DONE [176.0 min]
SWEEP-05MS-DONE
