{
  "phase": "4 (joint re-opt, lambda=1 default weights)",
  "score": 15189.262833391416,
  "mass_15d": [
    1.1515772718093662,
    0.9486496333852702,
    0.9056234978136585,
    1.410583919223634,
    0.9436276209263823,
    0.262720417595138,
    1.1809111275187267,
    1.3250366244420557,
    1.0416463356236285,
    1.0734672594650634,
    -0.005108043542156363,
    0.0008161020404316953,
    -0.017879151477970524,
    -0.009933505499032765,
    0.01995192315480968
  ],
  "m_foot_ex_override": 0.2270233349153278,
  "friction": {
    "fv_hip": 0.7872008105393102,
    "fv_knee": 0.1270313864143112,
    "fc_hip": 0.09467027772217118,
    "fc_knee": 0.5241222129696196
  },
  "contact": {
    "solref_tc": 0.0021749413193005037,
    "imp0": 0.3713328795592347
  },
  "s2s": 3053.260225998352,
  "jump": 12136.002607393064,
  "h_ratio": 0.5634016272280038
}