{
  "model": "Phase 1 FINAL (refined 5-param KEEP)",
  "keep_names": [
    "M_base_s",
    "M_thigh_s",
    "M_calf_s",
    "M_p_s",
    "M_c_s",
    "M_foot_ex",
    "I_thigh_s",
    "I_calf_s",
    "I_p_s",
    "I_c_s",
    "com_dz_thigh",
    "com_dx_thigh",
    "com_dz_calf",
    "com_dx_calf",
    "arm_knee"
  ],
  "best_keep": [
    1.1515772718093662,
    0.9486496333852702,
    0.9056234978136585,
    1.410583919223634,
    0.9436276209263823,
    0.262720417595138,
    1.1809111275187267,
    1.3250366244420557,
    1.0416463356236285,
    1.0734672594650634,
    -0.005108043542156363,
    0.0008161020404316953,
    -0.017879151477970524,
    -0.009933505499032765,
    0.01995192315480968
  ],
  "final_x_15d": [
    1.1515772718093662,
    0.9486496333852702,
    0.9056234978136585,
    1.410583919223634,
    0.9436276209263823,
    0.262720417595138,
    1.1809111275187267,
    1.3250366244420557,
    1.0416463356236285,
    1.0734672594650634,
    -0.005108043542156363,
    0.0008161020404316953,
    -0.017879151477970524,
    -0.009933505499032765,
    0.01995192315480968
  ],
  "score_total": 20367.748647754892,
  "baseline": 41271.18,
  "improvement_pct": 50.64897914778572,
  "per_exp": [
    {
      "ds": "sit2stand_air_0319",
      "sub": "ROOT",
      "is_jump": false,
      "score": 622.180107510929,
      "rmse_q1": 0.8786754286150119,
      "rmse_q2": 1.9664532281606926,
      "rmse_dq1": 2.519248406679445,
      "rmse_dq2": 4.234096429987726,
      "rmse_grf": 0.0,
      "pen_max_mm": 0.0,
      "n_cycles_valid": 15.0,
      "n_cycles_total": 15.0
    },
    {
      "ds": "sit2stand_gnd_0319",
      "sub": "ROOT",
      "is_jump": false,
      "score": 3754.0870051551406,
      "rmse_q1": 5.781409389236104,
      "rmse_q2": 16.028088399633333,
      "rmse_dq1": 6.4229676849312165,
      "rmse_dq2": 15.043534993865913,
      "rmse_grf": 169.40759924055303,
      "pen_max_mm": 11.657426648085693,
      "n_cycles_valid": 15.0,
      "n_cycles_total": 15.0
    },
    {
      "ds": "sit2stand_0324",
      "sub": "P10_D0",
      "is_jump": false,
      "score": 504.55597796294217,
      "rmse_q1": 0.7608898031972693,
      "rmse_q2": 1.6384211955704606,
      "rmse_dq1": 2.0258336822114047,
      "rmse_dq2": 3.2666638795119782,
      "rmse_grf": 0.0,
      "pen_max_mm": 0.0,
      "n_cycles_valid": 15.0,
      "n_cycles_total": 15.0
    },
    {
      "ds": "sit2stand_0324",
      "sub": "P10_D1",
      "is_jump": false,
      "score": 631.0969624862194,
      "rmse_q1": 0.8267528633032672,
      "rmse_q2": 2.059702101096269,
      "rmse_dq1": 2.2374002916731355,
      "rmse_dq2": 4.611629029252181,
      "rmse_grf": 0.0,
      "pen_max_mm": 0.0,
      "n_cycles_valid": 15.0,
      "n_cycles_total": 15.0
    },
    {
      "ds": "sit2stand_0324",
      "sub": "P20_D1",
      "is_jump": false,
      "score": 600.3140470079474,
      "rmse_q1": 0.8107622334927685,
      "rmse_q2": 2.0037073948581954,
      "rmse_dq1": 2.0966602730590886,
      "rmse_dq2": 4.280681410397931,
      "rmse_grf": 0.0,
      "pen_max_mm": 0.0,
      "n_cycles_valid": 15.0,
      "n_cycles_total": 15.0
    },
    {
      "ds": "sit2stand_0324",
      "sub": "P30_D1",
      "is_jump": false,
      "score": 531.5154110753863,
      "rmse_q1": 0.7839062177217999,
      "rmse_q2": 1.7103877771418083,
      "rmse_dq1": 2.04327660364755,
      "rmse_dq2": 3.5984436281329573,
      "rmse_grf": 0.0,
      "pen_max_mm": 0.0,
      "n_cycles_valid": 15.0,
      "n_cycles_total": 15.0
    },
    {
      "ds": "sit2stand_0324",
      "sub": "P60_D1.5_P60_D2",
      "is_jump": false,
      "score": 584.7567468654559,
      "rmse_q1": 0.825890807405485,
      "rmse_q2": 1.949176921431648,
      "rmse_dq1": 2.0966836050892343,
      "rmse_dq2": 4.048315874545618,
      "rmse_grf": 0.0,
      "pen_max_mm": 0.0,
      "n_cycles_valid": 15.0,
      "n_cycles_total": 15.0
    },
    {
      "ds": "jump_position_0421",
      "sub": "P60_D0.75_P60_D2",
      "is_jump": true,
      "score": 190.3593314793043,
      "rmse_q1": 0.05618106990455871,
      "rmse_q2": 0.06919165057029329,
      "rmse_dq1": 1.1079968014307384,
      "rmse_dq2": 2.083275386778094,
      "rmse_grf": 19.33514722844621,
      "h_sim_m": 0.6967506470146714,
      "h_real_m": 0.86,
      "pen_max_mm": 0.2968042111579604,
      "foot_z_min_m": 0.02070319578884204
    },
    {
      "ds": "jump_position_0421",
      "sub": "P70_D0.75_P70_D2",
      "is_jump": true,
      "score": 133.34799070186003,
      "rmse_q1": 0.10763831653405995,
      "rmse_q2": 0.10239404671858308,
      "rmse_dq1": 0.747701688209433,
      "rmse_dq2": 1.1375841970513165,
      "rmse_grf": 17.051864668397954,
      "h_sim_m": 0.6862472635328153,
      "h_real_m": 0.85,
      "pen_max_mm": 0.28894545046568787,
      "foot_z_min_m": 0.020711054549534313
    },
    {
      "ds": "jump_position_0421",
      "sub": "P80_D0.75_P80_D2",
      "is_jump": true,
      "score": 312.59962009865495,
      "rmse_q1": 0.061568101175468154,
      "rmse_q2": 0.131819781667119,
      "rmse_dq1": 2.051994069952175,
      "rmse_dq2": 3.3947091226830297,
      "rmse_grf": 20.927062164580843,
      "h_sim_m": 0.7016703403382215,
      "h_real_m": 0.89,
      "pen_max_mm": 0.30764400214419385,
      "foot_z_min_m": 0.020692355997855807
    },
    {
      "ds": "jump_position_0421",
      "sub": "P90_D0.75_P90_D2",
      "is_jump": true,
      "score": 146.4751992928405,
      "rmse_q1": 0.10109072090787005,
      "rmse_q2": 0.055531215051215076,
      "rmse_dq1": 0.9753872625083362,
      "rmse_dq2": 1.283427112537433,
      "rmse_grf": 16.850635609927842,
      "h_sim_m": 0.6981277661634925,
      "h_real_m": 0.86,
      "pen_max_mm": 0.31087369925012975,
      "foot_z_min_m": 0.02068912630074987
    },
    {
      "ds": "jump_position_0421",
      "sub": "P100_D0.75_P100_D2",
      "is_jump": true,
      "score": 132.63432280801777,
      "rmse_q1": 0.06137635506722268,
      "rmse_q2": 0.044815944241523326,
      "rmse_dq1": 0.8849703691132561,
      "rmse_dq2": 1.2114169387978286,
      "rmse_grf": 18.807982949460296,
      "h_sim_m": 0.6968507081335709,
      "h_real_m": 0.85,
      "pen_max_mm": 0.29052343395868585,
      "foot_z_min_m": 0.020709476566041315
    },
    {
      "ds": "jump_position_0421",
      "sub": "P200_D1.5_P200_D4",
      "is_jump": true,
      "score": 365.69635772297954,
      "rmse_q1": 0.13971055111516884,
      "rmse_q2": 0.168716108421444,
      "rmse_dq1": 1.475592789819456,
      "rmse_dq2": 2.1178562896101827,
      "rmse_grf": 18.762110399076914,
      "h_sim_m": 0.6373282373138207,
      "h_real_m": 0.79,
      "pen_max_mm": 4.760757009786214,
      "foot_z_min_m": 0.016239242990213787
    },
    {
      "ds": "jump_torque_0422",
      "sub": "P40_D0.7",
      "is_jump": true,
      "score": 798.4035916804562,
      "rmse_q1": 0.09080190183183294,
      "rmse_q2": 0.25608903701244873,
      "rmse_dq1": 1.9129464225612645,
      "rmse_dq2": 2.7659910385267077,
      "rmse_grf": 29.03820822111653,
      "h_sim_m": 0.5936166041029451,
      "h_real_m": 0.74,
      "pen_max_mm": 12.244509286596244,
      "foot_z_min_m": 0.008755490713403757
    },
    {
      "ds": "jump_torque_0422",
      "sub": "P70_D2",
      "is_jump": true,
      "score": 667.2018292327341,
      "rmse_q1": 0.05548093779587404,
      "rmse_q2": 0.088343268860494,
      "rmse_dq1": 1.9981478952733007,
      "rmse_dq2": 2.836668057628418,
      "rmse_grf": 16.330574175749284,
      "h_sim_m": 0.6168389780829572,
      "h_real_m": 0.715,
      "pen_max_mm": 9.992589026254644,
      "foot_z_min_m": 0.020605328733271394
    },
    {
      "ds": "jump_torque_0422",
      "sub": "P100_D3",
      "is_jump": true,
      "score": 489.88607397316315,
      "rmse_q1": 0.04558344368688901,
      "rmse_q2": 0.1059836497835144,
      "rmse_dq1": 2.621792428773973,
      "rmse_dq2": 1.1707541515317095,
      "rmse_grf": 20.468002435493432,