trial                        jt      label              V1 kp/kd(R2)              V2 kp/kd(R2)  cff  sat
jump_0324/P40_D0.7           1     40/0.70     90.3/-1.01(0.321)     54.5/-0.87(0.931)  +0.880    0  <-V2
jump_0324/P40_D0.7           2     40/0.70     62.4/-0.11(-0.069)     62.2/ 0.00(-0.098)  +1.009   24  <-V1
jump_0324/P60_D1.5           1     60/1.50     26.2/-0.41(-0.205)     53.5/-0.80(0.885)  +0.819    0  <-V2
jump_0324/P60_D1.5           2     60/1.50    106.3/-0.58(-0.269)     86.6/-0.42(-0.291)  +1.171   11  <-V1
jump_0324/P100_D3            1    100/3.00     49.8/-0.51(0.494)     65.7/-0.61(0.892)  +0.585    0  <-V2
jump_0324/P100_D3            2    100/3.00    121.3/-0.89(-1.097)     89.7/-0.72(-0.431)  +1.335   19  <-V2
jump_position_0421/P60_D0.75_P60_D2 1     60/0.75     39.7/ 0.09(0.968)     45.3/ 0.27(0.982)  -0.086    0  <-V2
jump_position_0421/P60_D0.75_P60_D2 2     60/2.00     37.1/ 1.06(0.940)     54.1/ 1.59(0.992)  +0.015   60  <-V2
jump_position_0421/P70_D0.75_P70_D2 1     70/0.75     44.5/ 0.09(0.954)     51.4/ 0.28(0.975)  -0.087    0  <-V2
jump_position_0421/P70_D0.75_P70_D2 2     70/2.00     41.2/ 1.00(0.944)     61.3/ 1.52(0.989)  +0.023   52  <-V2
jump_position_0421/P80_D0.75_P80_D2 1     80/0.75     48.5/ 0.07(0.967)     54.8/ 0.22(0.979)  -0.076    0  <-V2
jump_position_0421/P80_D0.75_P80_D2 2     80/2.00     52.3/ 1.12(0.955)     71.4/ 1.53(0.988)  -0.004   66  <-V2
jump_position_0421/P90_D0.75_P90_D2 1     90/0.75     51.5/ 0.09(0.940)     60.0/ 0.25(0.963)  -0.078    0  <-V2
jump_position_0421/P90_D0.75_P90_D2 2     90/2.00     57.1/ 1.07(0.952)     79.1/ 1.47(0.989)  -0.002   63  <-V2
jump_position_0421/P100_D0.75_P100_D2 1    100/0.75     57.4/ 0.09(0.920)     67.1/ 0.26(0.946)  -0.095    0  <-V2
jump_position_0421/P100_D0.75_P100_D2 2    100/2.00     62.9/ 1.04(0.955)     85.9/ 1.39(0.987)  +0.015   62  <-V2
jump_position_0421/P200_D1.5_P200_D4 1    200/1.50     71.1/ 0.16(0.634)    110.9/ 0.68(0.786)  -0.260    0  <-V2
jump_position_0421/P200_D1.5_P200_D4 2    200/4.00     51.7/ 1.05(0.507)    139.5/ 2.70(0.884)  +0.475   23  <-V2
jump_0424/60_0.75_60_2       1     60/0.75     51.6/ 0.21(0.970)     61.0/ 0.25(0.992)  -0.082    0  <-V2
jump_0424/60_0.75_60_2       2     60/2.00     62.2/ 1.17(0.820)     89.3/ 1.61(0.849)  -0.116   64  <-V2
jump_0424/60_1.5_60_1.5      1     60/1.50     53.8/ 0.57(0.924)     77.1/ 0.62(0.919)  -0.158    0  <-V1
jump_0424/60_1.5_60_1.5      2     60/1.50     60.1/ 0.92(0.938)     80.9/ 1.17(0.963)  -0.114   59  <-V2
jump_0424/90_0.75_90_2       1     90/0.75     64.8/ 0.12(0.933)     74.2/ 0.15(0.955)  -0.071    0  <-V2
jump_0424/90_0.75_90_2       2     90/2.00     90.3/ 0.79(0.899)    110.3/ 0.94(0.956)  +0.034   79  <-V2
jump_0424/120_2_120_2        1    120/2.00     84.0/ 0.47(0.751)    123.0/ 0.45(0.942)  -0.240    0  <-V2
jump_0424/120_2_120_2        2    120/2.00    107.4/ 0.58(0.847)    131.0/ 0.67(0.941)  +0.209   68  <-V2
jump_0424/120_2.2_150_2.5    1    120/2.20     83.2/ 0.51(0.685)    124.1/ 0.47(0.933)  -0.267    0  <-V2
jump_0424/120_2.2_150_2.5    2    150/2.50    123.7/ 0.61(0.772)    157.7/ 0.67(0.900)  +0.272   64  <-V2
jump_0424/120_2.2_200_2.8    1    120/2.20     74.2/ 0.52(0.692)    122.4/ 0.45(0.939)  -0.255    0  <-V2
jump_0424/120_2.2_200_2.8    2    200/2.80    149.4/ 0.59(0.505)    193.5/ 0.66(0.781)  +0.430   79  <-V2
jump_0424/150_2.2_250_3      1    150/2.20     76.4/ 0.53(0.596)    144.9/ 0.49(0.918)  -0.269    0  <-V2
jump_0424/150_2.2_250_3      2    250/3.00    163.9/ 0.55(0.556)    222.9/ 0.62(0.776)  +0.493   63  <-V2
jump_0424/150_2.2_350_3.5    1    150/2.20     67.8/ 0.56(0.582)    143.3/ 0.48(0.904)  -0.255    0  <-V2
jump_0424/150_2.2_350_3.5    2    350/3.50    197.6/ 0.56(0.402)    277.8/ 0.66(0.644)  +0.563   57  <-V2
jump_0424/150_2.2_500_4      1    150/2.20     72.8/ 0.50(0.636)    140.8/ 0.47(0.933)  -0.274    0  <-V2
jump_0424/150_2.2_500_4      2    500/4.00    236.1/ 0.57(0.257)    330.3/ 0.64(0.459)  +0.647   58  <-V2
jump_0602/60_0.75_60_2       1     60/0.75     54.0/ 0.22(0.952)     65.9/ 0.39(0.970)  -0.296    0  <-V2
jump_0602/60_0.75_60_2       2     60/2.00     58.0/ 1.52(0.941)     98.7/ 2.62(0.925)  -0.085   61  <-V1
jump_0602/60_1.5_60_1.5      1     60/1.50     53.8/ 0.79(0.959)     84.7/ 1.06(0.888)  -0.294    3  <-V1
jump_0602/60_1.5_60_1.5      2     60/1.50     56.4/ 1.11(0.992)     81.5/ 1.63(0.928)  -0.019   60  <-V1
jump_0602/90_0.75_90_2       1     90/0.75     74.7/ 0.08(0.966)     82.0/ 0.17(0.978)  -0.209    0  <-V2
jump_0602/90_0.75_90_2       2     90/2.00     86.5/ 1.38(0.949)    131.8/ 2.03(0.974)  -0.109   66  <-V2
jump_0602/120_2_120_2        1    120/2.00     94.5/ 0.34(0.789)    129.9/ 0.54(0.916)  -0.527    0  <-V2
jump_0602/120_2_120_2        2    120/2.00    116.6/ 1.14(0.953)    158.6/ 1.43(0.982)  -0.128   66  <-V2
jump_0602/150_2.2_250_3      1    150/2.20    108.1/ 0.45(0.735)    156.8/ 0.59(0.938)  -0.552    0  <-V2
jump_0602/150_2.2_250_3      2    250/3.00    233.7/ 0.06(0.949)    236.4/ 0.04(0.947)  +0.127   84  <-V1
jump_0602/150_2.2_500_5      1    150/2.20    111.1/ 0.43(0.727)    157.3/ 0.56(0.930)  -0.506    3  <-V2
jump_0602/150_2.2_500_5      2    500/5.00    177.8/-0.09(0.599)    166.6/-0.07(0.601)  +0.406   69  <-V2
trial                        jt      label              V1 kp/kd(R2)              V2 kp/kd(R2)  cff  sat
jump_0324/P40_D0.7           1     40/0.70     90.3/-1.01(0.321)     54.5/-0.87(0.931)  +0.880    0  <-V2
jump_0324/P40_D0.7           2     40/0.70     62.4/-0.11(-0.069)     62.2/ 0.00(-0.098)  +1.009   24  <-V1
jump_0324/P60_D1.5           1     60/1.50     26.2/-0.41(-0.205)     53.5/-0.80(0.885)  +0.819    0  <-V2
jump_0324/P60_D1.5           2     60/1.50    106.3/-0.58(-0.269)     86.6/-0.42(-0.291)  +1.171   11  <-V1
trial                        jt      label              V1 kp/kd(R2)              V2 kp/kd(R2)  cff  sat
jump_0324/P40_D0.7           1     40/0.70     90.3/-1.01(0.321)     54.5/-0.87(0.931)  +0.880    0  <-V2
jump_0324/P100_D3            1    100/3.00     49.8/-0.51(0.494)     65.7/-0.61(0.892)  +0.585    0  <-V2
jump_0324/P40_D0.7           2     40/0.70     62.4/-0.11(-0.069)     62.2/ 0.00(-0.098)  +1.009   24  <-V1
jump_0324/P100_D3            2    100/3.00    121.3/-0.89(-1.097)     89.7/-0.72(-0.431)  +1.335   19  <-V2
trial                        jt      label              V1 kp/kd(R2)              V2 kp/kd(R2)  cff  sat
jump_0324/P40_D0.7           1     40/0.70     90.3/-1.01(0.321)     54.5/-0.87(0.931)  +0.880    0  <-V2
jump_0324/P60_D1.5           1     60/1.50     26.2/-0.41(-0.205)     53.5/-0.80(0.885)  +0.819    0  <-V2
jump_position_0421/P60_D0.75_P60_D2 1     60/0.75     39.7/ 0.09(0.968)     45.3/ 0.27(0.982)  -0.086    0  <-V2
jump_0324/P40_D0.7           2     40/0.70     62.4/-0.11(-0.069)     62.2/ 0.00(-0.098)  +1.009   24  <-V1
jump_0324/P60_D1.5           2     60/1.50    106.3/-0.58(-0.269)     86.6/-0.42(-0.291)  +1.171   11  <-V1
jump_position_0421/P60_D0.75_P60_D2 2     60/2.00     37.1/ 1.06(0.940)     54.1/ 1.59(0.992)  +0.015   60  <-V2
jump_0324/P60_D1.5           1     60/1.50     26.2/-0.41(-0.205)     53.5/-0.80(0.885)  +0.819    0  <-V2
jump_position_0421/P70_D0.75_P70_D2 1     70/0.75     44.5/ 0.09(0.954)     51.4/ 0.28(0.975)  -0.087    0  <-V2
jump_0324/P100_D3            1    100/3.00     49.8/-0.51(0.494)     65.7/-0.61(0.892)  +0.585    0  <-V2
jump_0324/P60_D1.5           2     60/1.50    106.3/-0.58(-0.269)     86.6/-0.42(-0.291)  +1.171   11  <-V1
jump_0324/P100_D3            2    100/3.00    121.3/-0.89(-1.097)     89.7/-0.72(-0.431)  +1.335   19  <-V2
jump_position_0421/P70_D0.75_P70_D2 2     70/2.00     41.2/ 1.00(0.944)     61.3/ 1.52(0.989)  +0.023   52  <-V2
jump_0324/P100_D3            1    100/3.00     49.8/-0.51(0.494)     65.7/-0.61(0.892)  +0.585    0  <-V2
jump_position_0421/P80_D0.75_P80_D2 1     80/0.75     48.5/ 0.07(0.967)     54.8/ 0.22(0.979)  -0.076    0  <-V2
trial                        jt      label              V1 kp/kd(R2)              V2 kp/kd(R2)  cff  sat
jump_0324/P40_D0.7           1     40/0.70     90.3/-1.01(0.321)     54.5/-0.87(0.931)  +0.880    0  <-V2
jump_position_0421/P60_D0.75_P60_D2 1     60/0.75     39.7/ 0.09(0.968)     45.3/ 0.27(0.982)  -0.086    0  <-V2
trial                        jt      label              V1 kp/kd(R2)              V2 kp/kd(R2)  cff  sat
jump_0324/P40_D0.7           1     40/0.70     90.3/-1.01(0.321)     54.5/-0.87(0.931)  +0.880    0  <-V2
jump_0324/P100_D3            2    100/3.00    121.3/-0.89(-1.097)     89.7/-0.72(-0.431)  +1.335   19  <-V2
jump_position_0421/P80_D0.75_P80_D2 2     80/2.00     52.3/ 1.12(0.955)     71.4/ 1.53(0.988)  -0.004   66  <-V2
jump_0324/P40_D0.7           2     40/0.70     62.4/-0.11(-0.069)     62.2/ 0.00(-0.098)  +1.009   24  <-V1
jump_position_0421/P60_D0.75_P60_D2 2     60/2.00     37.1/ 1.06(0.940)     54.1/ 1.59(0.992)  +0.015   60  <-V2
jump_0324/P40_D0.7           2     40/0.70     62.4/-0.11(-0.069)     62.2/ 0.00(-0.098)  +1.009   24  <-V1
jump_position_0421/P60_D0.75_P60_D2 1     60/0.75     39.7/ 0.09(0.968)     45.3/ 0.27(0.982)  -0.086    0  <-V2
jump_position_0421/P90_D0.75_P90_D2 1     90/0.75     51.5/ 0.09(0.940)     60.0/ 0.25(0.963)  -0.078    0  <-V2
jump_0324/P60_D1.5           1     60/1.50     26.2/-0.41(-0.205)     53.5/-0.80(0.885)  +0.819    0  <-V2
jump_0324/P60_D1.5           1     60/1.50     26.2/-0.41(-0.205)     53.5/-0.80(0.885)  +0.819    0  <-V2
jump_position_0421/P70_D0.75_P70_D2 1     70/0.75     44.5/ 0.09(0.954)     51.4/ 0.28(0.975)  -0.087    0  <-V2
jump_position_0421/P60_D0.75_P60_D2 2     60/2.00     37.1/ 1.06(0.940)     54.1/ 1.59(0.992)  +0.015   60  <-V2
jump_position_0421/P90_D0.75_P90_D2 2     90/2.00     57.1/ 1.07(0.952)     79.1/ 1.47(0.989)  -0.002   63  <-V2
jump_0324/P60_D1.5           2     60/1.50    106.3/-0.58(-0.269)     86.6/-0.42(-0.291)  +1.171   11  <-V1
jump_0324/P60_D1.5           2     60/1.50    106.3/-0.58(-0.269)     86.6/-0.42(-0.291)  +1.171   11  <-V1
jump_position_0421/P70_D0.75_P70_D2 2     70/2.00     41.2/ 1.00(0.944)     61.3/ 1.52(0.989)  +0.023   52  <-V2
jump_position_0421/P70_D0.75_P70_D2 1     70/0.75     44.5/ 0.09(0.954)     51.4/ 0.28(0.975)  -0.087    0  <-V2
jump_position_0421/P100_D0.75_P100_D2 1    100/0.75     57.4/ 0.09(0.920)     67.1/ 0.26(0.946)  -0.095    0  <-V2
trial                        jt      label              V1 kp/kd(R2)              V2 kp/kd(R2)  cff  sat
jump_0324/P40_D0.7           1     40/0.70     90.3/-1.01(0.321)     54.5/-0.87(0.931)  +0.880    0  <-V2
jump_0324/P100_D3            1    100/3.00     49.8/-0.51(0.494)     65.7/-0.61(0.892)  +0.585    0  <-V2
jump_0324/P100_D3            1    100/3.00     49.8/-0.51(0.494)     65.7/-0.61(0.892)  +0.585    0  <-V2
jump_position_0421/P80_D0.75_P80_D2 1     80/0.75     48.5/ 0.07(0.967)     54.8/ 0.22(0.979)  -0.076    0  <-V2
jump_position_0421/P70_D0.75_P70_D2 2     70/2.00     41.2/ 1.00(0.944)     61.3/ 1.52(0.989)  +0.023   52  <-V2
jump_position_0421/P100_D0.75_P100_D2 2    100/2.00     62.9/ 1.04(0.955)     85.9/ 1.39(0.987)  +0.015   62  <-V2
trial                        jt      label              V1 kp/kd(R2)              V2 kp/kd(R2)  cff  sat
jump_0324/P40_D0.7           1     40/0.70     90.3/-1.01(0.321)     54.5/-0.87(0.931)  +0.880    0  <-V2
jump_0324/P100_D3            2    100/3.00    121.3/-0.89(-1.097)     89.7/-0.72(-0.431)  +1.335   19  <-V2
jump_0324/P40_D0.7           2     40/0.70     62.4/-0.11(-0.069)     62.2/ 0.00(-0.098)  +1.009   24  <-V1
jump_0324/P100_D3            2    100/3.00    121.3/-0.89(-1.097)     89.7/-0.72(-0.431)  +1.335   19  <-V2
trial                        jt      label              V1 kp/kd(R2)              V2 kp/kd(R2)  cff  sat
jump_0324/P40_D0.7           1     40/0.70     90.3/-1.01(0.321)     54.5/-0.87(0.931)  +0.880    0  <-V2
jump_position_0421/P80_D0.75_P80_D2 1     80/0.75     48.5/ 0.07(0.967)     54.8/ 0.22(0.979)  -0.076    0  <-V2
jump_position_0421/P200_D1.5_P200_D4 1    200/1.50     71.1/ 0.16(0.634)    110.9/ 0.68(0.786)  -0.260    0  <-V2
jump_position_0421/P80_D0.75_P80_D2 2     80/2.00     52.3/ 1.12(0.955)     71.4/ 1.53(0.988)  -0.004   66  <-V2
trial                        jt      label              V1 kp/kd(R2)              V2 kp/kd(R2)  cff  sat
jump_0324/P40_D0.7           1     40/0.70     90.3/-1.01(0.321)     54.5/-0.87(0.931)  +0.880    0  <-V2
jump_0324/P40_D0.7           2     40/0.70     62.4/-0.11(-0.069)     62.2/ 0.00(-0.098)  +1.009   24  <-V1
trial                        jt      label              V1 kp/kd(R2)              V2 kp/kd(R2)  cff  sat
jump_0324/P40_D0.7           1     40/0.70     90.3/-1.01(0.321)     54.5/-0.87(0.931)  +0.880    0  <-V2
jump_position_0421/P60_D0.75_P60_D2 1     60/0.75     39.7/ 0.09(0.968)     45.3/ 0.27(0.982)  -0.086    0  <-V2
jump_position_0421/P80_D0.75_P80_D2 2     80/2.00     52.3/ 1.12(0.955)     71.4/ 1.53(0.988)  -0.004   66  <-V2
jump_0324/P60_D1.5           1     60/1.50     26.2/-0.41(-0.205)     53.5/-0.80(0.885)  +0.819    0  <-V2
jump_position_0421/P60_D0.75_P60_D2 1     60/0.75     39.7/ 0.09(0.968)     45.3/ 0.27(0.982)  -0.086    0  <-V2
jump_position_0421/P200_D1.5_P200_D4 2    200/4.00     51.7/ 1.05(0.507)    139.5/ 2.70(0.884)  +0.475   23  <-V2
jump_0324/P40_D0.7           2     40/0.70     62.4/-0.11(-0.069)     62.2/ 0.00(-0.098)  +1.009   24  <-V1
jump_position_0421/P90_D0.75_P90_D2 1     90/0.75     51.5/ 0.09(0.940)     60.0/ 0.25(0.963)  -0.078    0  <-V2
jump_0324/P40_D0.7           2     40/0.70     62.4/-0.11(-0.069)     62.2/ 0.00(-0.098)  +1.009   24  <-V1
jump_0324/P60_D1.5           1     60/1.50     26.2/-0.41(-0.205)     53.5/-0.80(0.885)  +0.819    0  <-V2
jump_position_0421/P60_D0.75_P60_D2 2     60/2.00     37.1/ 1.06(0.940)     54.1/ 1.59(0.992)  +0.015   60  <-V2
jump_0324/P40_D0.7           2     40/0.70     62.4/-0.11(-0.069)     62.2/ 0.00(-0.098)  +1.009   24  <-V1
jump_0424/60_0.75_60_2       1     60/0.75     51.6/ 0.21(0.970)     61.0/ 0.25(0.992)  -0.082    0  <-V2
jump_position_0421/P90_D0.75_P90_D2 1     90/0.75     51.5/ 0.09(0.940)     60.0/ 0.25(0.963)  -0.078    0  <-V2
jump_0324/P60_D1.5           2     60/1.50    106.3/-0.58(-0.269)     86.6/-0.42(-0.291)  +1.171   11  <-V1
jump_position_0421/P90_D0.75_P90_D2 2     90/2.00     57.1/ 1.07(0.952)     79.1/ 1.47(0.989)  -0.002   63  <-V2
jump_position_0421/P60_D0.75_P60_D2 2     60/2.00     37.1/ 1.06(0.940)     54.1/ 1.59(0.992)  +0.015   60  <-V2
jump_0324/P60_D1.5           1     60/1.50     26.2/-0.41(-0.205)     53.5/-0.80(0.885)  +0.819    0  <-V2
jump_0324/P60_D1.5           1     60/1.50     26.2/-0.41(-0.205)     53.5/-0.80(0.885)  +0.819    0  <-V2
jump_position_0421/P70_D0.75_P70_D2 1     70/0.75     44.5/ 0.09(0.954)     51.4/ 0.28(0.975)  -0.087    0  <-V2
jump_0324/P60_D1.5           1     60/1.50     26.2/-0.41(-0.205)     53.5/-0.80(0.885)  +0.819    0  <-V2
jump_0424/60_0.75_60_2       2     60/2.00     62.2/ 1.17(0.820)     89.3/ 1.61(0.849)  -0.116   64  <-V2
jump_0324/P60_D1.5           2     60/1.50    106.3/-0.58(-0.269)     86.6/-0.42(-0.291)  +1.171   11  <-V1
jump_position_0421/P90_D0.75_P90_D2 2     90/2.00     57.1/ 1.07(0.952)     79.1/ 1.47(0.989)  -0.002   63  <-V2
jump_0324/P100_D3            1    100/3.00     49.8/-0.51(0.494)     65.7/-0.61(0.892)  +0.585    0  <-V2
jump_position_0421/P100_D0.75_P100_D2 1    100/0.75     57.4/ 0.09(0.920)     67.1/ 0.26(0.946)  -0.095    0  <-V2
jump_position_0421/P70_D0.75_P70_D2 1     70/0.75     44.5/ 0.09(0.954)     51.4/ 0.28(0.975)  -0.087    0  <-V2
jump_0324/P60_D1.5           2     60/1.50    106.3/-0.58(-0.269)     86.6/-0.42(-0.291)  +1.171   11  <-V1
jump_position_0421/P70_D0.75_P70_D2 2     70/2.00     41.2/ 1.00(0.944)     61.3/ 1.52(0.989)  +0.023   52  <-V2
jump_0324/P60_D1.5           2     60/1.50    106.3/-0.58(-0.269)     86.6/-0.42(-0.291)  +1.171   11  <-V1
jump_0324/P60_D1.5           2     60/1.50    106.3/-0.58(-0.269)     86.6/-0.42(-0.291)  +1.171   11  <-V1
jump_0324/P100_D3            1    100/3.00     49.8/-0.51(0.494)     65.7/-0.61(0.892)  +0.585    0  <-V2
jump_position_0421/P100_D0.75_P100_D2 1    100/0.75     57.4/ 0.09(0.920)     67.1/ 0.26(0.946)  -0.095    0  <-V2
jump_0424/60_1.5_60_1.5      1     60/1.50     53.8/ 0.57(0.924)     77.1/ 0.62(0.919)  -0.158    0  <-V1
jump_0324/P100_D3            2    100/3.00    121.3/-0.89(-1.097)     89.7/-0.72(-0.431)  +1.335   19  <-V2
jump_position_0421/P70_D0.75_P70_D2 2     70/2.00     41.2/ 1.00(0.944)     61.3/ 1.52(0.989)  +0.023   52  <-V2
jump_position_0421/P100_D0.75_P100_D2 2    100/2.00     62.9/ 1.04(0.955)     85.9/ 1.39(0.987)  +0.015   62  <-V2
jump_0324/P100_D3            1    100/3.00     49.8/-0.51(0.494)     65.7/-0.61(0.892)  +0.585    0  <-V2
jump_position_0421/P80_D0.75_P80_D2 1     80/0.75     48.5/ 0.07(0.967)     54.8/ 0.22(0.979)  -0.076    0  <-V2
jump_0324/P100_D3            1    100/3.00     49.8/-0.51(0.494)     65.7/-0.61(0.892)  +0.585    0  <-V2
jump_0324/P100_D3            2    100/3.00    121.3/-0.89(-1.097)     89.7/-0.72(-0.431)  +1.335   19  <-V2
jump_0424/60_1.5_60_1.5      2     60/1.50     60.1/ 0.92(0.938)     80.9/ 1.17(0.963)  -0.114   59  <-V2
jump_0324/P100_D3            1    100/3.00     49.8/-0.51(0.494)     65.7/-0.61(0.892)  +0.585    0  <-V2
jump_position_0421/P80_D0.75_P80_D2 1     80/0.75     48.5/ 0.07(0.967)     54.8/ 0.22(0.979)  -0.076    0  <-V2
jump_position_0421/P100_D0.75_P100_D2 2    100/2.00     62.9/ 1.04(0.955)     85.9/ 1.39(0.987)  +0.015   62  <-V2
jump_position_0421/P60_D0.75_P60_D2 1     60/0.75     39.7/ 0.09(0.968)     45.3/ 0.27(0.982)  -0.086    0  <-V2
jump_position_0421/P200_D1.5_P200_D4 1    200/1.50     71.1/ 0.16(0.634)    110.9/ 0.68(0.786)  -0.260    0  <-V2
jump_0324/P100_D3            2    100/3.00    121.3/-0.89(-1.097)     89.7/-0.72(-0.431)  +1.335   19  <-V2
jump_position_0421/P80_D0.75_P80_D2 2     80/2.00     52.3/ 1.12(0.955)     71.4/ 1.53(0.988)  -0.004   66  <-V2
jump_0324/P100_D3            2    100/3.00    121.3/-0.89(-1.097)     89.7/-0.72(-0.431)  +1.335   19  <-V2
jump_position_0421/P60_D0.75_P60_D2 1     60/0.75     39.7/ 0.09(0.968)     45.3/ 0.27(0.982)  -0.086    0  <-V2
jump_position_0421/P80_D0.75_P80_D2 2     80/2.00     52.3/ 1.12(0.955)     71.4/ 1.53(0.988)  -0.004   66  <-V2
jump_0424/90_0.75_90_2       1     90/0.75     64.8/ 0.12(0.933)     74.2/ 0.15(0.955)  -0.071    0  <-V2
jump_position_0421/P60_D0.75_P60_D2 2     60/2.00     37.1/ 1.06(0.940)     54.1/ 1.59(0.992)  +0.015   60  <-V2
jump_position_0421/P200_D1.5_P200_D4 1    200/1.50     71.1/ 0.16(0.634)    110.9/ 0.68(0.786)  -0.260    0  <-V2
jump_0324/P100_D3            2    100/3.00    121.3/-0.89(-1.097)     89.7/-0.72(-0.431)  +1.335   19  <-V2
jump_position_0421/P200_D1.5_P200_D4 2    200/4.00     51.7/ 1.05(0.507)    139.5/ 2.70(0.884)  +0.475   23  <-V2
jump_position_0421/P90_D0.75_P90_D2 1     90/0.75     51.5/ 0.09(0.940)     60.0/ 0.25(0.963)  -0.078    0  <-V2
jump_position_0421/P60_D0.75_P60_D2 1     60/0.75     39.7/ 0.09(0.968)     45.3/ 0.27(0.982)  -0.086    0  <-V2
jump_position_0421/P60_D0.75_P60_D2 2     60/2.00     37.1/ 1.06(0.940)     54.1/ 1.59(0.992)  +0.015   60  <-V2
jump_position_0421/P60_D0.75_P60_D2 1     60/0.75     39.7/ 0.09(0.968)     45.3/ 0.27(0.982)  -0.086    0  <-V2
jump_position_0421/P90_D0.75_P90_D2 1     90/0.75     51.5/ 0.09(0.940)     60.0/ 0.25(0.963)  -0.078    0  <-V2
jump_0424/90_0.75_90_2       2     90/2.00     90.3/ 0.79(0.899)    110.3/ 0.94(0.956)  +0.034   79  <-V2
jump_position_0421/P200_D1.5_P200_D4 2    200/4.00     51.7/ 1.05(0.507)    139.5/ 2.70(0.884)  +0.475   23  <-V2
jump_position_0421/P70_D0.75_P70_D2 1     70/0.75     44.5/ 0.09(0.954)     51.4/ 0.28(0.975)  -0.087    0  <-V2
jump_position_0421/P60_D0.75_P60_D2 1     60/0.75     39.7/ 0.09(0.968)     45.3/ 0.27(0.982)  -0.086    0  <-V2
jump_position_0421/P90_D0.75_P90_D2 2     90/2.00     57.1/ 1.07(0.952)     79.1/ 1.47(0.989)  -0.002   63  <-V2
jump_0424/60_0.75_60_2       1     60/0.75     51.6/ 0.21(0.970)     61.0/ 0.25(0.992)  -0.082    0  <-V2
jump_position_0421/P70_D0.75_P70_D2 1     70/0.75     44.5/ 0.09(0.954)     51.4/ 0.28(0.975)  -0.087    0  <-V2
jump_position_0421/P60_D0.75_P60_D2 2     60/2.00     37.1/ 1.06(0.940)     54.1/ 1.59(0.992)  +0.015   60  <-V2
jump_0424/120_2_120_2        1    120/2.00     84.0/ 0.47(0.751)    123.0/ 0.45(0.942)  -0.240    0  <-V2
jump_position_0421/P90_D0.75_P90_D2 2     90/2.00     57.1/ 1.07(0.952)     79.1/ 1.47(0.989)  -0.002   63  <-V2
jump_0424/60_0.75_60_2       1     60/0.75     51.6/ 0.21(0.970)     61.0/ 0.25(0.992)  -0.082    0  <-V2
jump_position_0421/P60_D0.75_P60_D2 2     60/2.00     37.1/ 1.06(0.940)     54.1/ 1.59(0.992)  +0.015   60  <-V2
jump_position_0421/P100_D0.75_P100_D2 1    100/0.75     57.4/ 0.09(0.920)     67.1/ 0.26(0.946)  -0.095    0  <-V2
jump_0424/60_0.75_60_2       2     60/2.00     62.2/ 1.17(0.820)     89.3/ 1.61(0.849)  -0.116   64  <-V2
jump_position_0421/P60_D0.75_P60_D2 2     60/2.00     37.1/ 1.06(0.940)     54.1/ 1.59(0.992)  +0.015   60  <-V2
jump_position_0421/P70_D0.75_P70_D2 2     70/2.00     41.2/ 1.00(0.944)     61.3/ 1.52(0.989)  +0.023   52  <-V2
jump_position_0421/P70_D0.75_P70_D2 2     70/2.00     41.2/ 1.00(0.944)     61.3/ 1.52(0.989)  +0.023   52  <-V2
jump_0424/120_2_120_2        2    120/2.00    107.4/ 0.58(0.847)    131.0/ 0.67(0.941)  +0.209   68  <-V2
jump_position_0421/P100_D0.75_P100_D2 1    100/0.75     57.4/ 0.09(0.920)     67.1/ 0.26(0.946)  -0.095    0  <-V2
jump_0424/60_0.75_60_2       2     60/2.00     62.2/ 1.17(0.820)     89.3/ 1.61(0.849)  -0.116   64  <-V2
jump_position_0421/P70_D0.75_P70_D2 1     70/0.75     44.5/ 0.09(0.954)     51.4/ 0.28(0.975)  -0.087    0  <-V2
jump_position_0421/P70_D0.75_P70_D2 1     70/0.75     44.5/ 0.09(0.954)     51.4/ 0.28(0.975)  -0.087    0  <-V2
jump_position_0421/P100_D0.75_P100_D2 2    100/2.00     62.9/ 1.04(0.955)     85.9/ 1.39(0.987)  +0.015   62  <-V2
jump_position_0421/P70_D0.75_P70_D2 1     70/0.75     44.5/ 0.09(0.954)     51.4/ 0.28(0.975)  -0.087    0  <-V2
jump_0424/60_1.5_60_1.5      1     60/1.50     53.8/ 0.57(0.924)     77.1/ 0.62(0.919)  -0.158    0  <-V1
jump_position_0421/P80_D0.75_P80_D2 1     80/0.75     48.5/ 0.07(0.967)     54.8/ 0.22(0.979)  -0.076    0  <-V2
jump_0424/120_2.2_150_2.5    1    120/2.20     83.2/ 0.51(0.685)    124.1/ 0.47(0.933)  -0.267    0  <-V2
jump_position_0421/P80_D0.75_P80_D2 1     80/0.75     48.5/ 0.07(0.967)     54.8/ 0.22(0.979)  -0.076    0  <-V2
jump_position_0421/P100_D0.75_P100_D2 2    100/2.00     62.9/ 1.04(0.955)     85.9/ 1.39(0.987)  +0.015   62  <-V2
jump_0424/60_1.5_60_1.5      1     60/1.50     53.8/ 0.57(0.924)     77.1/ 0.62(0.919)  -0.158    0  <-V1
jump_position_0421/P200_D1.5_P200_D4 1    200/1.50     71.1/ 0.16(0.634)    110.9/ 0.68(0.786)  -0.260    0  <-V2
jump_position_0421/P70_D0.75_P70_D2 2     70/2.00     41.2/ 1.00(0.944)     61.3/ 1.52(0.989)  +0.023   52  <-V2
jump_position_0421/P70_D0.75_P70_D2 2     70/2.00     41.2/ 1.00(0.944)     61.3/ 1.52(0.989)  +0.023   52  <-V2
jump_position_0421/P70_D0.75_P70_D2 2     70/2.00     41.2/ 1.00(0.944)     61.3/ 1.52(0.989)  +0.023   52  <-V2
jump_0424/60_1.5_60_1.5      2     60/1.50     60.1/ 0.92(0.938)     80.9/ 1.17(0.963)  -0.114   59  <-V2
jump_0424/120_2.2_150_2.5    2    150/2.50    123.7/ 0.61(0.772)    157.7/ 0.67(0.900)  +0.272   64  <-V2
jump_position_0421/P80_D0.75_P80_D2 2     80/2.00     52.3/ 1.12(0.955)     71.4/ 1.53(0.988)  -0.004   66  <-V2
jump_0424/60_1.5_60_1.5      2     60/1.50     60.1/ 0.92(0.938)     80.9/ 1.17(0.963)  -0.114   59  <-V2
jump_position_0421/P80_D0.75_P80_D2 2     80/2.00     52.3/ 1.12(0.955)     71.4/ 1.53(0.988)  -0.004   66  <-V2
jump_position_0421/P200_D1.5_P200_D4 1    200/1.50     71.1/ 0.16(0.634)    110.9/ 0.68(0.786)  -0.260    0  <-V2
jump_position_0421/P200_D1.5_P200_D4 2    200/4.00     51.7/ 1.05(0.507)    139.5/ 2.70(0.884)  +0.475   23  <-V2
jump_position_0421/P80_D0.75_P80_D2 1     80/0.75     48.5/ 0.07(0.967)     54.8/ 0.22(0.979)  -0.076    0  <-V2
jump_position_0421/P80_D0.75_P80_D2 1     80/0.75     48.5/ 0.07(0.967)     54.8/ 0.22(0.979)  -0.076    0  <-V2
jump_position_0421/P80_D0.75_P80_D2 1     80/0.75     48.5/ 0.07(0.967)     54.8/ 0.22(0.979)  -0.076    0  <-V2
jump_0424/120_2.2_200_2.8    1    120/2.20     74.2/ 0.52(0.692)    122.4/ 0.45(0.939)  -0.255    0  <-V2
jump_0424/90_0.75_90_2       1     90/0.75     64.8/ 0.12(0.933)     74.2/ 0.15(0.955)  -0.071    0  <-V2
jump_position_0421/P90_D0.75_P90_D2 1     90/0.75     51.5/ 0.09(0.940)     60.0/ 0.25(0.963)  -0.078    0  <-V2
jump_0424/90_0.75_90_2       1     90/0.75     64.8/ 0.12(0.933)     74.2/ 0.15(0.955)  -0.071    0  <-V2
jump_position_0421/P200_D1.5_P200_D4 2    200/4.00     51.7/ 1.05(0.507)    139.5/ 2.70(0.884)  +0.475   23  <-V2
jump_0424/60_0.75_60_2       1     60/0.75     51.6/ 0.21(0.970)     61.0/ 0.25(0.992)  -0.082    0  <-V2
jump_position_0421/P80_D0.75_P80_D2 2     80/2.00     52.3/ 1.12(0.955)     71.4/ 1.53(0.988)  -0.004   66  <-V2
jump_position_0421/P90_D0.75_P90_D2 1     90/0.75     51.5/ 0.09(0.940)     60.0/ 0.25(0.963)  -0.078    0  <-V2
jump_position_0421/P80_D0.75_P80_D2 2     80/2.00     52.3/ 1.12(0.955)     71.4/ 1.53(0.988)  -0.004   66  <-V2
jump_0424/120_2.2_200_2.8    2    200/2.80    149.4/ 0.59(0.505)    193.5/ 0.66(0.781)  +0.430   79  <-V2
jump_0424/90_0.75_90_2       2     90/2.00     90.3/ 0.79(0.899)    110.3/ 0.94(0.956)  +0.034   79  <-V2
jump_position_0421/P80_D0.75_P80_D2 2     80/2.00     52.3/ 1.12(0.955)     71.4/ 1.53(0.988)  -0.004   66  <-V2
jump_0424/90_0.75_90_2       2     90/2.00     90.3/ 0.79(0.899)    110.3/ 0.94(0.956)  +0.034   79  <-V2
jump_0424/60_0.75_60_2       2     60/2.00     62.2/ 1.17(0.820)     89.3/ 1.61(0.849)  -0.116   64  <-V2
jump_0424/60_0.75_60_2       1     60/0.75     51.6/ 0.21(0.970)     61.0/ 0.25(0.992)  -0.082    0  <-V2
jump_position_0421/P90_D0.75_P90_D2 2     90/2.00     57.1/ 1.07(0.952)     79.1/ 1.47(0.989)  -0.002   63  <-V2
jump_position_0421/P90_D0.75_P90_D2 1     90/0.75     51.5/ 0.09(0.940)     60.0/ 0.25(0.963)  -0.078    0  <-V2
jump_position_0421/P90_D0.75_P90_D2 1     90/0.75     51.5/ 0.09(0.940)     60.0/ 0.25(0.963)  -0.078    0  <-V2
jump_0424/150_2.2_250_3      1    150/2.20     76.4/ 0.53(0.596)    144.9/ 0.49(0.918)  -0.269    0  <-V2
jump_0424/120_2_120_2        1    120/2.00     84.0/ 0.47(0.751)    123.0/ 0.45(0.942)  -0.240    0  <-V2
jump_position_0421/P90_D0.75_P90_D2 2     90/2.00     57.1/ 1.07(0.952)     79.1/ 1.47(0.989)  -0.002   63  <-V2
jump_position_0421/P90_D0.75_P90_D2 1     90/0.75     51.5/ 0.09(0.940)     60.0/ 0.25(0.963)  -0.078    0  <-V2
jump_0424/120_2_120_2        1    120/2.00     84.0/ 0.47(0.751)    123.0/ 0.45(0.942)  -0.240    0  <-V2
jump_0424/60_1.5_60_1.5      1     60/1.50     53.8/ 0.57(0.924)     77.1/ 0.62(0.919)  -0.158    0  <-V1
jump_0424/60_0.75_60_2       2     60/2.00     62.2/ 1.17(0.820)     89.3/ 1.61(0.849)  -0.116   64  <-V2
jump_position_0421/P100_D0.75_P100_D2 1    100/0.75     57.4/ 0.09(0.920)     67.1/ 0.26(0.946)  -0.095    0  <-V2
jump_position_0421/P90_D0.75_P90_D2 2     90/2.00     57.1/ 1.07(0.952)     79.1/ 1.47(0.989)  -0.002   63  <-V2
jump_0424/150_2.2_250_3      2    250/3.00    163.9/ 0.55(0.556)    222.9/ 0.62(0.776)  +0.493   63  <-V2
jump_0424/120_2_120_2        2    120/2.00    107.4/ 0.58(0.847)    131.0/ 0.67(0.941)  +0.209   68  <-V2
jump_position_0421/P90_D0.75_P90_D2 2     90/2.00     57.1/ 1.07(0.952)     79.1/ 1.47(0.989)  -0.002   63  <-V2
jump_position_0421/P90_D0.75_P90_D2 2     90/2.00     57.1/ 1.07(0.952)     79.1/ 1.47(0.989)  -0.002   63  <-V2
jump_position_0421/P100_D0.75_P100_D2 1    100/0.75     57.4/ 0.09(0.920)     67.1/ 0.26(0.946)  -0.095    0  <-V2
jump_0424/120_2_120_2        2    120/2.00    107.4/ 0.58(0.847)    131.0/ 0.67(0.941)  +0.209   68  <-V2
jump_0424/60_1.5_60_1.5      2     60/1.50     60.1/ 0.92(0.938)     80.9/ 1.17(0.963)  -0.114   59  <-V2
jump_position_0421/P100_D0.75_P100_D2 2    100/2.00     62.9/ 1.04(0.955)     85.9/ 1.39(0.987)  +0.015   62  <-V2
jump_position_0421/P100_D0.75_P100_D2 1    100/0.75     57.4/ 0.09(0.920)     67.1/ 0.26(0.946)  -0.095    0  <-V2
jump_0424/120_2.2_150_2.5    1    120/2.20     83.2/ 0.51(0.685)    124.1/ 0.47(0.933)  -0.267    0  <-V2
jump_0424/150_2.2_350_3.5    1    150/2.20     67.8/ 0.56(0.582)    143.3/ 0.48(0.904)  -0.255    0  <-V2
jump_position_0421/P100_D0.75_P100_D2 1    100/0.75     57.4/ 0.09(0.920)     67.1/ 0.26(0.946)  -0.095    0  <-V2
jump_0424/60_1.5_60_1.5      1     60/1.50     53.8/ 0.57(0.924)     77.1/ 0.62(0.919)  -0.158    0  <-V1
jump_position_0421/P100_D0.75_P100_D2 1    100/0.75     57.4/ 0.09(0.920)     67.1/ 0.26(0.946)  -0.095    0  <-V2
jump_0424/120_2.2_150_2.5    1    120/2.20     83.2/ 0.51(0.685)    124.1/ 0.47(0.933)  -0.267    0  <-V2
jump_position_0421/P100_D0.75_P100_D2 2    100/2.00     62.9/ 1.04(0.955)     85.9/ 1.39(0.987)  +0.015   62  <-V2
jump_position_0421/P200_D1.5_P200_D4 1    200/1.50     71.1/ 0.16(0.634)    110.9/ 0.68(0.786)  -0.260    0  <-V2
jump_0424/150_2.2_350_3.5    2    350/3.50    197.6/ 0.56(0.402)    277.8/ 0.66(0.644)  +0.563   57  <-V2
jump_0424/120_2.2_150_2.5    2    150/2.50    123.7/ 0.61(0.772)    157.7/ 0.67(0.900)  +0.272   64  <-V2
jump_position_0421/P100_D0.75_P100_D2 2    100/2.00     62.9/ 1.04(0.955)     85.9/ 1.39(0.987)  +0.015   62  <-V2
jump_position_0421/P100_D0.75_P100_D2 2    100/2.00     62.9/ 1.04(0.955)     85.9/ 1.39(0.987)  +0.015   62  <-V2
jump_0424/90_0.75_90_2       1     90/0.75     64.8/ 0.12(0.933)     74.2/ 0.15(0.955)  -0.071    0  <-V2
jump_0424/60_1.5_60_1.5      2     60/1.50     60.1/ 0.92(0.938)     80.9/ 1.17(0.963)  -0.114   59  <-V2
jump_0424/120_2.2_150_2.5    2    150/2.50    123.7/ 0.61(0.772)    157.7/ 0.67(0.900)  +0.272   64  <-V2
jump_position_0421/P100_D0.75_P100_D2 2    100/2.00     62.9/ 1.04(0.955)     85.9/ 1.39(0.987)  +0.015   62  <-V2
jump_position_0421/P200_D1.5_P200_D4 1    200/1.50     71.1/ 0.16(0.634)    110.9/ 0.68(0.786)  -0.260    0  <-V2
jump_0424/120_2.2_200_2.8    1    120/2.20     74.2/ 0.52(0.692)    122.4/ 0.45(0.939)  -0.255    0  <-V2
jump_position_0421/P200_D1.5_P200_D4 2    200/4.00     51.7/ 1.05(0.507)    139.5/ 2.70(0.884)  +0.475   23  <-V2
jump_0424/150_2.2_500_4      1    150/2.20     72.8/ 0.50(0.636)    140.8/ 0.47(0.933)  -0.274    0  <-V2
jump_0424/90_0.75_90_2       2     90/2.00     90.3/ 0.79(0.899)    110.3/ 0.94(0.956)  +0.034   79  <-V2
jump_position_0421/P200_D1.5_P200_D4 1    200/1.50     71.1/ 0.16(0.634)    110.9/ 0.68(0.786)  -0.260    0  <-V2
jump_0424/90_0.75_90_2       1     90/0.75     64.8/ 0.12(0.933)     74.2/ 0.15(0.955)  -0.071    0  <-V2
jump_position_0421/P200_D1.5_P200_D4 1    200/1.50     71.1/ 0.16(0.634)    110.9/ 0.68(0.786)  -0.260    0  <-V2
jump_position_0421/P200_D1.5_P200_D4 1    200/1.50     71.1/ 0.16(0.634)    110.9/ 0.68(0.786)  -0.260    0  <-V2
jump_0424/120_2.2_200_2.8    1    120/2.20     74.2/ 0.52(0.692)    122.4/ 0.45(0.939)  -0.255    0  <-V2
jump_0424/120_2.2_200_2.8    2    200/2.80    149.4/ 0.59(0.505)    193.5/ 0.66(0.781)  +0.430   79  <-V2
jump_position_0421/P200_D1.5_P200_D4 2    200/4.00     51.7/ 1.05(0.507)    139.5/ 2.70(0.884)  +0.475   23  <-V2
jump_0424/60_0.75_60_2       1     60/0.75     51.6/ 0.21(0.970)     61.0/ 0.25(0.992)  -0.082    0  <-V2
jump_0424/90_0.75_90_2       2     90/2.00     90.3/ 0.79(0.899)    110.3/ 0.94(0.956)  +0.034   79  <-V2
jump_0424/120_2_120_2        1    120/2.00     84.0/ 0.47(0.751)    123.0/ 0.45(0.942)  -0.240    0  <-V2
jump_0424/150_2.2_500_4      2    500/4.00    236.1/ 0.57(0.257)    330.3/ 0.64(0.459)  +0.647   58  <-V2
jump_position_0421/P200_D1.5_P200_D4 2    200/4.00     51.7/ 1.05(0.507)    139.5/ 2.70(0.884)  +0.475   23  <-V2
jump_position_0421/P200_D1.5_P200_D4 2    200/4.00     51.7/ 1.05(0.507)    139.5/ 2.70(0.884)  +0.475   23  <-V2
jump_position_0421/P200_D1.5_P200_D4 2    200/4.00     51.7/ 1.05(0.507)    139.5/ 2.70(0.884)  +0.475   23  <-V2
jump_0424/150_2.2_250_3      1    150/2.20     76.4/ 0.53(0.596)    144.9/ 0.49(0.918)  -0.269    0  <-V2
jump_0424/120_2.2_200_2.8    2    200/2.80    149.4/ 0.59(0.505)    193.5/ 0.66(0.781)  +0.430   79  <-V2
jump_0424/60_0.75_60_2       2     60/2.00     62.2/ 1.17(0.820)     89.3/ 1.61(0.849)  -0.116   64  <-V2
jump_0424/60_0.75_60_2       1     60/0.75     51.6/ 0.21(0.970)     61.0/ 0.25(0.992)  -0.082    0  <-V2
jump_0602/60_0.75_60_2       1     60/0.75     54.0/ 0.22(0.952)     65.9/ 0.39(0.970)  -0.296    0  <-V2
jump_0424/120_2_120_2        2    120/2.00    107.4/ 0.58(0.847)    131.0/ 0.67(0.941)  +0.209   68  <-V2
jump_0424/120_2_120_2        1    120/2.00     84.0/ 0.47(0.751)    123.0/ 0.45(0.942)  -0.240    0  <-V2
jump_0424/60_0.75_60_2       1     60/0.75     51.6/ 0.21(0.970)     61.0/ 0.25(0.992)  -0.082    0  <-V2
jump_0424/60_0.75_60_2       1     60/0.75     51.6/ 0.21(0.970)     61.0/ 0.25(0.992)  -0.082    0  <-V2
jump_0424/150_2.2_250_3      2    250/3.00    163.9/ 0.55(0.556)    222.9/ 0.62(0.776)  +0.493   63  <-V2
jump_0424/60_0.75_60_2       1     60/0.75     51.6/ 0.21(0.970)     61.0/ 0.25(0.992)  -0.082    0  <-V2
jump_0424/150_2.2_250_3      1    150/2.20     76.4/ 0.53(0.596)    144.9/ 0.49(0.918)  -0.269    0  <-V2
jump_0424/60_1.5_60_1.5      1     60/1.50     53.8/ 0.57(0.924)     77.1/ 0.62(0.919)  -0.158    0  <-V1
jump_0602/60_0.75_60_2       2     60/2.00     58.0/ 1.52(0.941)     98.7/ 2.62(0.925)  -0.085   61  <-V1
jump_0424/60_0.75_60_2       2     60/2.00     62.2/ 1.17(0.820)     89.3/ 1.61(0.849)  -0.116   64  <-V2
jump_0424/120_2_120_2        2    120/2.00    107.4/ 0.58(0.847)    131.0/ 0.67(0.941)  +0.209   68  <-V2
jump_0424/120_2.2_150_2.5    1    120/2.20     83.2/ 0.51(0.685)    124.1/ 0.47(0.933)  -0.267    0  <-V2
jump_0424/60_0.75_60_2       2     60/2.00     62.2/ 1.17(0.820)     89.3/ 1.61(0.849)  -0.116   64  <-V2
jump_0424/60_0.75_60_2       2     60/2.00     62.2/ 1.17(0.820)     89.3/ 1.61(0.849)  -0.116   64  <-V2
jump_0424/150_2.2_350_3.5    1    150/2.20     67.8/ 0.56(0.582)    143.3/ 0.48(0.904)  -0.255    0  <-V2
jump_0424/150_2.2_250_3      2    250/3.00    163.9/ 0.55(0.556)    222.9/ 0.62(0.776)  +0.493   63  <-V2
jump_0424/60_0.75_60_2       2     60/2.00     62.2/ 1.17(0.820)     89.3/ 1.61(0.849)  -0.116   64  <-V2
jump_0602/60_1.5_60_1.5      1     60/1.50     53.8/ 0.79(0.959)     84.7/ 1.06(0.888)  -0.294    3  <-V1
jump_0424/60_1.5_60_1.5      2     60/1.50     60.1/ 0.92(0.938)     80.9/ 1.17(0.963)  -0.114   59  <-V2
jump_0424/120_2.2_150_2.5    1    120/2.20     83.2/ 0.51(0.685)    124.1/ 0.47(0.933)  -0.267    0  <-V2
jump_0424/60_1.5_60_1.5      1     60/1.50     53.8/ 0.57(0.924)     77.1/ 0.62(0.919)  -0.158    0  <-V1
jump_0424/60_1.5_60_1.5      1     60/1.50     53.8/ 0.57(0.924)     77.1/ 0.62(0.919)  -0.158    0  <-V1
jump_0424/150_2.2_350_3.5    2    350/3.50    197.6/ 0.56(0.402)    277.8/ 0.66(0.644)  +0.563   57  <-V2
jump_0424/120_2.2_150_2.5    2    150/2.50    123.7/ 0.61(0.772)    157.7/ 0.67(0.900)  +0.272   64  <-V2
jump_0424/60_1.5_60_1.5      1     60/1.50     53.8/ 0.57(0.924)     77.1/ 0.62(0.919)  -0.158    0  <-V1
jump_0424/150_2.2_350_3.5    1    150/2.20     67.8/ 0.56(0.582)    143.3/ 0.48(0.904)  -0.255    0  <-V2
jump_0424/90_0.75_90_2       1     90/0.75     64.8/ 0.12(0.933)     74.2/ 0.15(0.955)  -0.071    0  <-V2
jump_0602/60_1.5_60_1.5      2     60/1.50     56.4/ 1.11(0.992)     81.5/ 1.63(0.928)  -0.019   60  <-V1
jump_0424/60_1.5_60_1.5      1     60/1.50     53.8/ 0.57(0.924)     77.1/ 0.62(0.919)  -0.158    0  <-V1
jump_0424/120_2.2_150_2.5    2    150/2.50    123.7/ 0.61(0.772)    157.7/ 0.67(0.900)  +0.272   64  <-V2
jump_0424/60_1.5_60_1.5      2     60/1.50     60.1/ 0.92(0.938)     80.9/ 1.17(0.963)  -0.114   59  <-V2
jump_0424/120_2.2_200_2.8    1    120/2.20     74.2/ 0.52(0.692)    122.4/ 0.45(0.939)  -0.255    0  <-V2
jump_0424/60_1.5_60_1.5      2     60/1.50     60.1/ 0.92(0.938)     80.9/ 1.17(0.963)  -0.114   59  <-V2
jump_0424/150_2.2_350_3.5    2    350/3.50    197.6/ 0.56(0.402)    277.8/ 0.66(0.644)  +0.563   57  <-V2
jump_0424/60_1.5_60_1.5      2     60/1.50     60.1/ 0.92(0.938)     80.9/ 1.17(0.963)  -0.114   59  <-V2
jump_0424/150_2.2_500_4      1    150/2.20     72.8/ 0.50(0.636)    140.8/ 0.47(0.933)  -0.274    0  <-V2
jump_0424/90_0.75_90_2       2     90/2.00     90.3/ 0.79(0.899)    110.3/ 0.94(0.956)  +0.034   79  <-V2
jump_0424/120_2.2_200_2.8    1    120/2.20     74.2/ 0.52(0.692)    122.4/ 0.45(0.939)  -0.255    0  <-V2
jump_0424/60_1.5_60_1.5      2     60/1.50     60.1/ 0.92(0.938)     80.9/ 1.17(0.963)  -0.114   59  <-V2
jump_0602/90_0.75_90_2       1     90/0.75     74.7/ 0.08(0.966)     82.0/ 0.17(0.978)  -0.209    0  <-V2
jump_0424/120_2.2_200_2.8    2    200/2.80    149.4/ 0.59(0.505)    193.5/ 0.66(0.781)  +0.430   79  <-V2
jump_0424/90_0.75_90_2       1     90/0.75     64.8/ 0.12(0.933)     74.2/ 0.15(0.955)  -0.071    0  <-V2
jump_0424/150_2.2_500_4      1    150/2.20     72.8/ 0.50(0.636)    140.8/ 0.47(0.933)  -0.274    0  <-V2
jump_0424/90_0.75_90_2       1     90/0.75     64.8/ 0.12(0.933)     74.2/ 0.15(0.955)  -0.071    0  <-V2
jump_0424/90_0.75_90_2       1     90/0.75     64.8/ 0.12(0.933)     74.2/ 0.15(0.955)  -0.071    0  <-V2
jump_0424/120_2_120_2        1    120/2.00     84.0/ 0.47(0.751)    123.0/ 0.45(0.942)  -0.240    0  <-V2
jump_0424/150_2.2_500_4      2    500/4.00    236.1/ 0.57(0.257)    330.3/ 0.64(0.459)  +0.647   58  <-V2
jump_0424/120_2.2_200_2.8    2    200/2.80    149.4/ 0.59(0.505)    193.5/ 0.66(0.781)  +0.430   79  <-V2
jump_0424/90_0.75_90_2       1     90/0.75     64.8/ 0.12(0.933)     74.2/ 0.15(0.955)  -0.071    0  <-V2
jump_0602/90_0.75_90_2       2     90/2.00     86.5/ 1.38(0.949)    131.8/ 2.03(0.974)  -0.109   66  <-V2
jump_0424/150_2.2_500_4      2    500/4.00    236.1/ 0.57(0.257)    330.3/ 0.64(0.459)  +0.647   58  <-V2
jump_0424/150_2.2_250_3      1    150/2.20     76.4/ 0.53(0.596)    144.9/ 0.49(0.918)  -0.269    0  <-V2
jump_0424/90_0.75_90_2       2     90/2.00     90.3/ 0.79(0.899)    110.3/ 0.94(0.956)  +0.034   79  <-V2
jump_0424/90_0.75_90_2       2     90/2.00     90.3/ 0.79(0.899)    110.3/ 0.94(0.956)  +0.034   79  <-V2
jump_0424/90_0.75_90_2       2     90/2.00     90.3/ 0.79(0.899)    110.3/ 0.94(0.956)  +0.034   79  <-V2
jump_0424/120_2_120_2        2    120/2.00    107.4/ 0.58(0.847)    131.0/ 0.67(0.941)  +0.209   68  <-V2
jump_0424/150_2.2_250_3      1    150/2.20     76.4/ 0.53(0.596)    144.9/ 0.49(0.918)  -0.269    0  <-V2
jump_0602/60_0.75_60_2       1     60/0.75     54.0/ 0.22(0.952)     65.9/ 0.39(0.970)  -0.296    0  <-V2
jump_0424/90_0.75_90_2       2     90/2.00     90.3/ 0.79(0.899)    110.3/ 0.94(0.956)  +0.034   79  <-V2
jump_0602/60_0.75_60_2       1     60/0.75     54.0/ 0.22(0.952)     65.9/ 0.39(0.970)  -0.296    0  <-V2
jump_0424/120_2_120_2        1    120/2.00     84.0/ 0.47(0.751)    123.0/ 0.45(0.942)  -0.240    0  <-V2
jump_0424/150_2.2_250_3      2    250/3.00    163.9/ 0.55(0.556)    222.9/ 0.62(0.776)  +0.493   63  <-V2
jump_0602/120_2_120_2        1    120/2.00     94.5/ 0.34(0.789)    129.9/ 0.54(0.916)  -0.527    0  <-V2
jump_0424/120_2_120_2        1    120/2.00     84.0/ 0.47(0.751)    123.0/ 0.45(0.942)  -0.240    0  <-V2
jump_0424/120_2.2_150_2.5    1    120/2.20     83.2/ 0.51(0.685)    124.1/ 0.47(0.933)  -0.267    0  <-V2
jump_0424/150_2.2_250_3      2    250/3.00    163.9/ 0.55(0.556)    222.9/ 0.62(0.776)  +0.493   63  <-V2
jump_0424/120_2_120_2        1    120/2.00     84.0/ 0.47(0.751)    123.0/ 0.45(0.942)  -0.240    0  <-V2
jump_0602/60_0.75_60_2       2     60/2.00     58.0/ 1.52(0.941)     98.7/ 2.62(0.925)  -0.085   61  <-V1
jump_0602/60_0.75_60_2       2     60/2.00     58.0/ 1.52(0.941)     98.7/ 2.62(0.925)  -0.085   61  <-V1
jump_0424/120_2_120_2        2    120/2.00    107.4/ 0.58(0.847)    131.0/ 0.67(0.941)  +0.209   68  <-V2
jump_0424/120_2_120_2        1    120/2.00     84.0/ 0.47(0.751)    123.0/ 0.45(0.942)  -0.240    0  <-V2
jump_0424/150_2.2_350_3.5    1    150/2.20     67.8/ 0.56(0.582)    143.3/ 0.48(0.904)  -0.255    0  <-V2
jump_0602/60_1.5_60_1.5      1     60/1.50     53.8/ 0.79(0.959)     84.7/ 1.06(0.888)  -0.294    3  <-V1
jump_0424/150_2.2_350_3.5    1    150/2.20     67.8/ 0.56(0.582)    143.3/ 0.48(0.904)  -0.255    0  <-V2
jump_0424/120_2.2_150_2.5    2    150/2.50    123.7/ 0.61(0.772)    157.7/ 0.67(0.900)  +0.272   64  <-V2
jump_0602/120_2_120_2        2    120/2.00    116.6/ 1.14(0.953)    158.6/ 1.43(0.982)  -0.128   66  <-V2
jump_0424/120_2_120_2        2    120/2.00    107.4/ 0.58(0.847)    131.0/ 0.67(0.941)  +0.209   68  <-V2
jump_0424/120_2_120_2        2    120/2.00    107.4/ 0.58(0.847)    131.0/ 0.67(0.941)  +0.209   68  <-V2
jump_0602/60_1.5_60_1.5      1     60/1.50     53.8/ 0.79(0.959)     84.7/ 1.06(0.888)  -0.294    3  <-V1
jump_0424/120_2.2_150_2.5    1    120/2.20     83.2/ 0.51(0.685)    124.1/ 0.47(0.933)  -0.267    0  <-V2
jump_0424/120_2_120_2        2    120/2.00    107.4/ 0.58(0.847)    131.0/ 0.67(0.941)  +0.209   68  <-V2
jump_0424/150_2.2_350_3.5    2    350/3.50    197.6/ 0.56(0.402)    277.8/ 0.66(0.644)  +0.563   57  <-V2
jump_0602/60_1.5_60_1.5      2     60/1.50     56.4/ 1.11(0.992)     81.5/ 1.63(0.928)  -0.019   60  <-V1
jump_0424/150_2.2_350_3.5    2    350/3.50    197.6/ 0.56(0.402)    277.8/ 0.66(0.644)  +0.563   57  <-V2
jump_0602/150_2.2_250_3      1    150/2.20    108.1/ 0.45(0.735)    156.8/ 0.59(0.938)  -0.552    0  <-V2
jump_0424/120_2.2_200_2.8    1    120/2.20     74.2/ 0.52(0.692)    122.4/ 0.45(0.939)  -0.255    0  <-V2
jump_0424/120_2.2_150_2.5    1    120/2.20     83.2/ 0.51(0.685)    124.1/ 0.47(0.933)  -0.267    0  <-V2
jump_0602/60_1.5_60_1.5      2     60/1.50     56.4/ 1.11(0.992)     81.5/ 1.63(0.928)  -0.019   60  <-V1
jump_0424/120_2.2_150_2.5    1    120/2.20     83.2/ 0.51(0.685)    124.1/ 0.47(0.933)  -0.267    0  <-V2
jump_0424/120_2.2_150_2.5    2    150/2.50    123.7/ 0.61(0.772)    157.7/ 0.67(0.900)  +0.272   64  <-V2
jump_0424/120_2.2_150_2.5    1    120/2.20     83.2/ 0.51(0.685)    124.1/ 0.47(0.933)  -0.267    0  <-V2
jump_0424/150_2.2_500_4      1    150/2.20     72.8/ 0.50(0.636)    140.8/ 0.47(0.933)  -0.274    0  <-V2
jump_0602/90_0.75_90_2       1     90/0.75     74.7/ 0.08(0.966)     82.0/ 0.17(0.978)  -0.209    0  <-V2
jump_0602/150_2.2_250_3      2    250/3.00    233.7/ 0.06(0.949)    236.4/ 0.04(0.947)  +0.127   84  <-V1
jump_0424/150_2.2_500_4      1    150/2.20     72.8/ 0.50(0.636)    140.8/ 0.47(0.933)  -0.274    0  <-V2
jump_0602/90_0.75_90_2       1     90/0.75     74.7/ 0.08(0.966)     82.0/ 0.17(0.978)  -0.209    0  <-V2
jump_0424/120_2.2_200_2.8    1    120/2.20     74.2/ 0.52(0.692)    122.4/ 0.45(0.939)  -0.255    0  <-V2
jump_0424/120_2.2_200_2.8    2    200/2.80    149.4/ 0.59(0.505)    193.5/ 0.66(0.781)  +0.430   79  <-V2
jump_0424/150_2.2_500_4      2    500/4.00    236.1/ 0.57(0.257)    330.3/ 0.64(0.459)  +0.647   58  <-V2
jump_0424/120_2.2_150_2.5    2    150/2.50    123.7/ 0.61(0.772)    157.7/ 0.67(0.900)  +0.272   64  <-V2
jump_0424/120_2.2_150_2.5    2    150/2.50    123.7/ 0.61(0.772)    157.7/ 0.67(0.900)  +0.272   64  <-V2
jump_0424/120_2.2_150_2.5    2    150/2.50    123.7/ 0.61(0.772)    157.7/ 0.67(0.900)  +0.272   64  <-V2
jump_0602/90_0.75_90_2       2     90/2.00     86.5/ 1.38(0.949)    131.8/ 2.03(0.974)  -0.109   66  <-V2
jump_0424/150_2.2_500_4      2    500/4.00    236.1/ 0.57(0.257)    330.3/ 0.64(0.459)  +0.647   58  <-V2
jump_0602/150_2.2_500_5      1    150/2.20    111.1/ 0.43(0.727)    157.3/ 0.56(0.930)  -0.506    3  <-V2
jump_0424/120_2.2_200_2.8    2    200/2.80    149.4/ 0.59(0.505)    193.5/ 0.66(0.781)  +0.430   79  <-V2
jump_0424/150_2.2_250_3      1    150/2.20     76.4/ 0.53(0.596)    144.9/ 0.49(0.918)  -0.269    0  <-V2
jump_0424/120_2.2_200_2.8    1    120/2.20     74.2/ 0.52(0.692)    122.4/ 0.45(0.939)  -0.255    0  <-V2
jump_0424/120_2.2_200_2.8    1    120/2.20     74.2/ 0.52(0.692)    122.4/ 0.45(0.939)  -0.255    0  <-V2
jump_0602/60_0.75_60_2       1     60/0.75     54.0/ 0.22(0.952)     65.9/ 0.39(0.970)  -0.296    0  <-V2
jump_0602/90_0.75_90_2       2     90/2.00     86.5/ 1.38(0.949)    131.8/ 2.03(0.974)  -0.109   66  <-V2
jump_0602/120_2_120_2        1    120/2.00     94.5/ 0.34(0.789)    129.9/ 0.54(0.916)  -0.527    0  <-V2
jump_0424/120_2.2_200_2.8    1    120/2.20     74.2/ 0.52(0.692)    122.4/ 0.45(0.939)  -0.255    0  <-V2
jump_0602/60_0.75_60_2       1     60/0.75     54.0/ 0.22(0.952)     65.9/ 0.39(0.970)  -0.296    0  <-V2
jump_0602/150_2.2_500_5      2    500/5.00    177.8/-0.09(0.599)    166.6/-0.07(0.601)  +0.406   69  <-V2
jump_0424/150_2.2_250_3      1    150/2.20     76.4/ 0.53(0.596)    144.9/ 0.49(0.918)  -0.269    0  <-V2
jump_0424/150_2.2_250_3      2    250/3.00    163.9/ 0.55(0.556)    222.9/ 0.62(0.776)  +0.493   63  <-V2
jump_0602/60_0.75_60_2       2     60/2.00     58.0/ 1.52(0.941)     98.7/ 2.62(0.925)  -0.085   61  <-V1
jump_0424/120_2.2_200_2.8    2    200/2.80    149.4/ 0.59(0.505)    193.5/ 0.66(0.781)  +0.430   79  <-V2
jump_0602/120_2_120_2        2    120/2.00    116.6/ 1.14(0.953)    158.6/ 1.43(0.982)  -0.128   66  <-V2
jump_0424/120_2.2_200_2.8    2    200/2.80    149.4/ 0.59(0.505)    193.5/ 0.66(0.781)  +0.430   79  <-V2
jump_0602/120_2_120_2        1    120/2.00     94.5/ 0.34(0.789)    129.9/ 0.54(0.916)  -0.527    0  <-V2
jump_0602/60_0.75_60_2       2     60/2.00     58.0/ 1.52(0.941)     98.7/ 2.62(0.925)  -0.085   61  <-V1
jump_0424/120_2.2_200_2.8    2    200/2.80    149.4/ 0.59(0.505)    193.5/ 0.66(0.781)  +0.430   79  <-V2
jump_0424/150_2.2_250_3      2    250/3.00    163.9/ 0.55(0.556)    222.9/ 0.62(0.776)  +0.493   63  <-V2
jump_0424/150_2.2_350_3.5    1    150/2.20     67.8/ 0.56(0.582)    143.3/ 0.48(0.904)  -0.255    0  <-V2
jump_0602/60_1.5_60_1.5      1     60/1.50     53.8/ 0.79(0.959)     84.7/ 1.06(0.888)  -0.294    3  <-V1
jump_0424/150_2.2_250_3      1    150/2.20     76.4/ 0.53(0.596)    144.9/ 0.49(0.918)  -0.269    0  <-V2
jump_0424/150_2.2_250_3      1    150/2.20     76.4/ 0.53(0.596)    144.9/ 0.49(0.918)  -0.269    0  <-V2
jump_0602/150_2.2_250_3      1    150/2.20    108.1/ 0.45(0.735)    156.8/ 0.59(0.938)  -0.552    0  <-V2
jump_0602/60_1.5_60_1.5      1     60/1.50     53.8/ 0.79(0.959)     84.7/ 1.06(0.888)  -0.294    3  <-V1
jump_0602/120_2_120_2        2    120/2.00    116.6/ 1.14(0.953)    158.6/ 1.43(0.982)  -0.128   66  <-V2
jump_0424/150_2.2_350_3.5    1    150/2.20     67.8/ 0.56(0.582)    143.3/ 0.48(0.904)  -0.255    0  <-V2
jump_0424/150_2.2_250_3      1    150/2.20     76.4/ 0.53(0.596)    144.9/ 0.49(0.918)  -0.269    0  <-V2
jump_0424/150_2.2_350_3.5    2    350/3.50    197.6/ 0.56(0.402)    277.8/ 0.66(0.644)  +0.563   57  <-V2
jump_0424/150_2.2_250_3      2    250/3.00    163.9/ 0.55(0.556)    222.9/ 0.62(0.776)  +0.493   63  <-V2
jump_0602/60_1.5_60_1.5      2     60/1.50     56.4/ 1.11(0.992)     81.5/ 1.63(0.928)  -0.019   60  <-V1
jump_0424/150_2.2_250_3      2    250/3.00    163.9/ 0.55(0.556)    222.9/ 0.62(0.776)  +0.493   63  <-V2
jump_0602/60_1.5_60_1.5      2     60/1.50     56.4/ 1.11(0.992)     81.5/ 1.63(0.928)  -0.019   60  <-V1
jump_0602/150_2.2_250_3      2    250/3.00    233.7/ 0.06(0.949)    236.4/ 0.04(0.947)  +0.127   84  <-V1
jump_0602/150_2.2_250_3      1    150/2.20    108.1/ 0.45(0.735)    156.8/ 0.59(0.938)  -0.552    0  <-V2
jump_0424/150_2.2_350_3.5    2    350/3.50    197.6/ 0.56(0.402)    277.8/ 0.66(0.644)  +0.563   57  <-V2
jump_0424/150_2.2_500_4      1    150/2.20     72.8/ 0.50(0.636)    140.8/ 0.47(0.933)  -0.274    0  <-V2
jump_0424/150_2.2_350_3.5    1    150/2.20     67.8/ 0.56(0.582)    143.3/ 0.48(0.904)  -0.255    0  <-V2
jump_0602/90_0.75_90_2       1     90/0.75     74.7/ 0.08(0.966)     82.0/ 0.17(0.978)  -0.209    0  <-V2
jump_0424/150_2.2_250_3      2    250/3.00    163.9/ 0.55(0.556)    222.9/ 0.62(0.776)  +0.493   63  <-V2
jump_0424/150_2.2_350_3.5    1    150/2.20     67.8/ 0.56(0.582)    143.3/ 0.48(0.904)  -0.255    0  <-V2
jump_0602/90_0.75_90_2       1     90/0.75     74.7/ 0.08(0.966)     82.0/ 0.17(0.978)  -0.209    0  <-V2
jump_0602/150_2.2_250_3      2    250/3.00    233.7/ 0.06(0.949)    236.4/ 0.04(0.947)  +0.127   84  <-V1
jump_0602/150_2.2_500_5      1    150/2.20    111.1/ 0.43(0.727)    157.3/ 0.56(0.930)  -0.506    3  <-V2
jump_0424/150_2.2_350_3.5    2    350/3.50    197.6/ 0.56(0.402)    277.8/ 0.66(0.644)  +0.563   57  <-V2
jump_0602/90_0.75_90_2       2     90/2.00     86.5/ 1.38(0.949)    131.8/ 2.03(0.974)  -0.109   66  <-V2
jump_0424/150_2.2_500_4      2    500/4.00    236.1/ 0.57(0.257)    330.3/ 0.64(0.459)  +0.647   58  <-V2
jump_0424/150_2.2_500_4      1    150/2.20     72.8/ 0.50(0.636)    140.8/ 0.47(0.933)  -0.274    0  <-V2
jump_0424/150_2.2_350_3.5    1    150/2.20     67.8/ 0.56(0.582)    143.3/ 0.48(0.904)  -0.255    0  <-V2
jump_0424/150_2.2_350_3.5    2    350/3.50    197.6/ 0.56(0.402)    277.8/ 0.66(0.644)  +0.563   57  <-V2
jump_0602/90_0.75_90_2       2     90/2.00     86.5/ 1.38(0.949)    131.8/ 2.03(0.974)  -0.109   66  <-V2
jump_0602/150_2.2_500_5      1    150/2.20    111.1/ 0.43(0.727)    157.3/ 0.56(0.930)  -0.506    3  <-V2
jump_0602/150_2.2_500_5      2    500/5.00    177.8/-0.09(0.599)    166.6/-0.07(0.601)  +0.406   69  <-V2
jump_0424/150_2.2_500_4      1    150/2.20     72.8/ 0.50(0.636)    140.8/ 0.47(0.933)  -0.274    0  <-V2
jump_0602/120_2_120_2        1    120/2.00     94.5/ 0.34(0.789)    129.9/ 0.54(0.916)  -0.527    0  <-V2
jump_0424/150_2.2_350_3.5    2    350/3.50    197.6/ 0.56(0.402)    277.8/ 0.66(0.644)  +0.563   57  <-V2
jump_0424/150_2.2_500_4      1    150/2.20     72.8/ 0.50(0.636)    140.8/ 0.47(0.933)  -0.274    0  <-V2
jump_0424/150_2.2_500_4      2    500/4.00    236.1/ 0.57(0.257)    330.3/ 0.64(0.459)  +0.647   58  <-V2
jump_0602/60_0.75_60_2       1     60/0.75     54.0/ 0.22(0.952)     65.9/ 0.39(0.970)  -0.296    0  <-V2
jump_0602/120_2_120_2        1    120/2.00     94.5/ 0.34(0.789)    129.9/ 0.54(0.916)  -0.527    0  <-V2
jump_0424/150_2.2_500_4      2    500/4.00    236.1/ 0.57(0.257)    330.3/ 0.64(0.459)  +0.647   58  <-V2
jump_0602/150_2.2_500_5      2    500/5.00    177.8/-0.09(0.599)    166.6/-0.07(0.601)  +0.406   69  <-V2
jump_0602/120_2_120_2        2    120/2.00    116.6/ 1.14(0.953)    158.6/ 1.43(0.982)  -0.128   66  <-V2
Traceback (most recent call last):
  File "<string>", line 1, in <module>
  File "C:\Program Files\WindowsApps\PythonSoftwareFoundation.Python.3.11_3.11.2544.0_x64__qbz5n2kfra8p0\Lib\multiprocessing\spawn.py", line 122, in spawn_main
    exitcode = _main(fd, parent_sentinel)
               ^^^^^^^^^^^^^^^^^^^^^^^^^^
  File "C:\Program Files\WindowsApps\PythonSoftwareFoundation.Python.3.11_3.11.2544.0_x64__qbz5n2kfra8p0\Lib\multiprocessing\spawn.py", line 131, in _main
    prepare(preparation_data)
  File "C:\Program Files\WindowsApps\PythonSoftwareFoundation.Python.3.11_3.11.2544.0_x64__qbz5n2kfra8p0\Lib\multiprocessing\spawn.py", line 246, in prepare
    _fixup_main_from_path(data['init_main_from_path'])
  File "C:\Program Files\WindowsApps\PythonSoftwareFoundation.Python.3.11_3.11.2544.0_x64__qbz5n2kfra8p0\Lib\multiprocessing\spawn.py", line 297, in _fixup_main_from_path
    main_content = runpy.run_path(main_path,
                   ^^^^^^^^^^^^^^^^^^^^^^^^^
  File "<frozen runpy>", line 291, in run_path
  File "<frozen runpy>", line 98, in _run_module_code
  File "<frozen runpy>", line 88, in _run_code
  File "C:\Users\junho\Documents\jump-opt-digital-twin\code\goal22\p18_cvt\cvt_results_v2.py", line 16, in <module>
    import p14_judge as J
  File "C:\Users\junho\Documents\jump-opt-digital-twin\code\goal22\p14_ahat\p14_judge.py", line 24, in <module>
    from g22_p13_phases import phases
  File "C:\Users\junho\Documents\jump-opt-digital-twin\code\goal22\g22_p13_phases.py", line 26, in <module>
    PDLAW = json.load(open(Path(__file__).parent / "p10_pdlaw.json"))
            ^^^^^^^^^^^^^^^^^^^^^^^^^^^^^^^^^^^^^^^^^^^^^^^^^^^^^^^^^
  File "C:\Program Files\WindowsApps\PythonSoftwareFoundation.Python.3.11_3.11.2544.0_x64__qbz5n2kfra8p0\Lib\json\__init__.py", line 293, in load
    return loads(fp.read(),
           ^^^^^^^^^^^^^^^^
  File "C:\Program Files\WindowsApps\PythonSoftwareFoundation.Python.3.11_3.11.2544.0_x64__qbz5n2kfra8p0\Lib\json\__init__.py", line 346, in loads
    return _default_decoder.decode(s)
           ^^^^^^^^^^^^^^^^^^^^^^^^^^
  File "C:\Program Files\WindowsApps\PythonSoftwareFoundation.Python.3.11_3.11.2544.0_x64__qbz5n2kfra8p0\Lib\json\decoder.py", line 337, in decode
    obj, end = self.raw_decode(s, idx=_w(s, 0).end())
               ^^^^^^^^^^^^^^^^^^^^^^^^^^^^^^^^^^^^^^
  File "C:\Program Files\WindowsApps\PythonSoftwareFoundation.Python.3.11_3.11.2544.0_x64__qbz5n2kfra8p0\Lib\json\decoder.py", line 355, in raw_decode
jump_0424/150_2.2_500_4      2    500/4.00    236.1/ 0.57(0.257)    330.3/ 0.64(0.459)  +0.647   58  <-V2
    raise JSONDecodeError("Expecting value", s, err.value) from None
json.decoder.JSONDecodeError: Expecting value: line 1 column 1 (char 0)
saved p10_pdlaw.json
jump_0602/120_2_120_2        2    120/2.00    116.6/ 1.14(0.953)    158.6/ 1.43(0.982)  -0.128   66  <-V2
jump_0602/60_0.75_60_2       1     60/0.75     54.0/ 0.22(0.952)     65.9/ 0.39(0.970)  -0.296    0  <-V2
jump_0424/150_2.2_500_4      1    150/2.20     72.8/ 0.50(0.636)    140.8/ 0.47(0.933)  -0.274    0  <-V2
jump_0602/60_0.75_60_2       2     60/2.00     58.0/ 1.52(0.941)     98.7/ 2.62(0.925)  -0.085   61  <-V1
jump_0602/60_0.75_60_2       1     60/0.75     54.0/ 0.22(0.952)     65.9/ 0.39(0.970)  -0.296    0  <-V2
jump_0602/150_2.2_250_3      1    150/2.20    108.1/ 0.45(0.735)    156.8/ 0.59(0.938)  -0.552    0  <-V2
jump_0602/60_0.75_60_2       2     60/2.00     58.0/ 1.52(0.941)     98.7/ 2.62(0.925)  -0.085   61  <-V1
jump_0602/150_2.2_250_3      1    150/2.20    108.1/ 0.45(0.735)    156.8/ 0.59(0.938)  -0.552    0  <-V2
jump_0424/150_2.2_500_4      2    500/4.00    236.1/ 0.57(0.257)    330.3/ 0.64(0.459)  +0.647   58  <-V2
jump_0602/60_0.75_60_2       1     60/0.75     54.0/ 0.22(0.952)     65.9/ 0.39(0.970)  -0.296    0  <-V2
jump_0602/60_1.5_60_1.5      1     60/1.50     53.8/ 0.79(0.959)     84.7/ 1.06(0.888)  -0.294    3  <-V1
jump_0602/60_0.75_60_2       2     60/2.00     58.0/ 1.52(0.941)     98.7/ 2.62(0.925)  -0.085   61  <-V1
jump_0602/150_2.2_250_3      2    250/3.00    233.7/ 0.06(0.949)    236.4/ 0.04(0.947)  +0.127   84  <-V1
jump_0602/150_2.2_250_3      2    250/3.00    233.7/ 0.06(0.949)    236.4/ 0.04(0.947)  +0.127   84  <-V1
jump_0602/60_1.5_60_1.5      1     60/1.50     53.8/ 0.79(0.959)     84.7/ 1.06(0.888)  -0.294    3  <-V1
jump_0602/60_0.75_60_2       1     60/0.75     54.0/ 0.22(0.952)     65.9/ 0.39(0.970)  -0.296    0  <-V2
jump_0602/60_1.5_60_1.5      2     60/1.50     56.4/ 1.11(0.992)     81.5/ 1.63(0.928)  -0.019   60  <-V1
jump_0602/60_0.75_60_2       2     60/2.00     58.0/ 1.52(0.941)     98.7/ 2.62(0.925)  -0.085   61  <-V1
jump_0602/60_1.5_60_1.5      1     60/1.50     53.8/ 0.79(0.959)     84.7/ 1.06(0.888)  -0.294    3  <-V1
jump_0602/150_2.2_500_5      1    150/2.20    111.1/ 0.43(0.727)    157.3/ 0.56(0.930)  -0.506    3  <-V2
jump_0602/60_0.75_60_2       2     60/2.00     58.0/ 1.52(0.941)     98.7/ 2.62(0.925)  -0.085   61  <-V1
jump_0602/60_1.5_60_1.5      2     60/1.50     56.4/ 1.11(0.992)     81.5/ 1.63(0.928)  -0.019   60  <-V1
jump_0602/150_2.2_500_5      1    150/2.20    111.1/ 0.43(0.727)    157.3/ 0.56(0.930)  -0.506    3  <-V2
jump_0602/60_1.5_60_1.5      1     60/1.50     53.8/ 0.79(0.959)     84.7/ 1.06(0.888)  -0.294    3  <-V1
jump_0602/90_0.75_90_2       1     90/0.75     74.7/ 0.08(0.966)     82.0/ 0.17(0.978)  -0.209    0  <-V2
jump_0602/60_1.5_60_1.5      2     60/1.50     56.4/ 1.11(0.992)     81.5/ 1.63(0.928)  -0.019   60  <-V1
jump_0602/60_1.5_60_1.5      1     60/1.50     53.8/ 0.79(0.959)     84.7/ 1.06(0.888)  -0.294    3  <-V1
jump_0602/90_0.75_90_2       1     90/0.75     74.7/ 0.08(0.966)     82.0/ 0.17(0.978)  -0.209    0  <-V2
jump_0602/150_2.2_500_5      2    500/5.00    177.8/-0.09(0.599)    166.6/-0.07(0.601)  +0.406   69  <-V2
jump_0602/60_1.5_60_1.5      2     60/1.50     56.4/ 1.11(0.992)     81.5/ 1.63(0.928)  -0.019   60  <-V1
jump_0602/150_2.2_500_5      2    500/5.00    177.8/-0.09(0.599)    166.6/-0.07(0.601)  +0.406   69  <-V2
Traceback (most recent call last):
  File "<string>", line 1, in <module>
  File "C:\Program Files\WindowsApps\PythonSoftwareFoundation.Python.3.11_3.11.2544.0_x64__qbz5n2kfra8p0\Lib\multiprocessing\spawn.py", line 122, in spawn_main
    exitcode = _main(fd, parent_sentinel)
               ^^^^^^^^^^^^^^^^^^^^^^^^^^
  File "C:\Program Files\WindowsApps\PythonSoftwareFoundation.Python.3.11_3.11.2544.0_x64__qbz5n2kfra8p0\Lib\multiprocessing\spawn.py", line 131, in _main
    prepare(preparation_data)
  File "C:\Program Files\WindowsApps\PythonSoftwareFoundation.Python.3.11_3.11.2544.0_x64__qbz5n2kfra8p0\Lib\multiprocessing\spawn.py", line 246, in prepare
    _fixup_main_from_path(data['init_main_from_path'])
  File "C:\Program Files\WindowsApps\PythonSoftwareFoundation.Python.3.11_3.11.2544.0_x64__qbz5n2kfra8p0\Lib\multiprocessing\spawn.py", line 297, in _fixup_main_from_path
    main_content = runpy.run_path(main_path,
                   ^^^^^^^^^^^^^^^^^^^^^^^^^
  File "<frozen runpy>", line 291, in run_path
  File "<frozen runpy>", line 98, in _run_module_code
  File "<frozen runpy>", line 88, in _run_code
  File "C:\Users\junho\Documents\jump-opt-digital-twin\code\goal22\p18_cvt\cvt_results_v2.py", line 16, in <module>
    import p14_judge as J
  File "C:\Users\junho\Documents\jump-opt-digital-twin\code\goal22\p14_ahat\p14_judge.py", line 24, in <module>
    from g22_p13_phases import phases
  File "C:\Users\junho\Documents\jump-opt-digital-twin\code\goal22\g22_p13_phases.py", line 26, in <module>
    PDLAW = json.load(open(Path(__file__).parent / "p10_pdlaw.json"))
            ^^^^^^^^^^^^^^^^^^^^^^^^^^^^^^^^^^^^^^^^^^^^^^^^^^^^^^^^^
  File "C:\Program Files\WindowsApps\PythonSoftwareFoundation.Python.3.11_3.11.2544.0_x64__qbz5n2kfra8p0\Lib\json\__init__.py", line 293, in load
jump_0602/90_0.75_90_2       1     90/0.75     74.7/ 0.08(0.966)     82.0/ 0.17(0.978)  -0.209    0  <-V2
    return loads(fp.read(),
           ^^^^^^^^^^^^^^^^
  File "C:\Program Files\WindowsApps\PythonSoftwareFoundation.Python.3.11_3.11.2544.0_x64__qbz5n2kfra8p0\Lib\json\__init__.py", line 346, in loads
    return _default_decoder.decode(s)
           ^^^^^^^^^^^^^^^^^^^^^^^^^^
  File "C:\Program Files\WindowsApps\PythonSoftwareFoundation.Python.3.11_3.11.2544.0_x64__qbz5n2kfra8p0\Lib\json\decoder.py", line 337, in decode
    obj, end = self.raw_decode(s, idx=_w(s, 0).end())
               ^^^^^^^^^^^^^^^^^^^^^^^^^^^^^^^^^^^^^^
  File "C:\Program Files\WindowsApps\PythonSoftwareFoundation.Python.3.11_3.11.2544.0_x64__qbz5n2kfra8p0\Lib\json\decoder.py", line 355, in raw_decode
    raise JSONDecodeError("Expecting value", s, err.value) from None
json.decoder.JSONDecodeError: Expecting value: line 1 column 1 (char 0)
saved p10_pdlaw.json
jump_0602/90_0.75_90_2       2     90/2.00     86.5/ 1.38(0.949)    131.8/ 2.03(0.974)  -0.109   66  <-V2
jump_0602/90_0.75_90_2       2     90/2.00     86.5/ 1.38(0.949)    131.8/ 2.03(0.974)  -0.109   66  <-V2
jump_0602/60_1.5_60_1.5      2     60/1.50     56.4/ 1.11(0.992)     81.5/ 1.63(0.928)  -0.019   60  <-V1
jump_0602/90_0.75_90_2       1     90/0.75     74.7/ 0.08(0.966)     82.0/ 0.17(0.978)  -0.209    0  <-V2
jump_0602/120_2_120_2        1    120/2.00     94.5/ 0.34(0.789)    129.9/ 0.54(0.916)  -0.527    0  <-V2
jump_0602/90_0.75_90_2       2     90/2.00     86.5/ 1.38(0.949)    131.8/ 2.03(0.974)  -0.109   66  <-V2
jump_0602/120_2_120_2        1    120/2.00     94.5/ 0.34(0.789)    129.9/ 0.54(0.916)  -0.527    0  <-V2
jump_0602/90_0.75_90_2       1     90/0.75     74.7/ 0.08(0.966)     82.0/ 0.17(0.978)  -0.209    0  <-V2
jump_0602/90_0.75_90_2       2     90/2.00     86.5/ 1.38(0.949)    131.8/ 2.03(0.974)  -0.109   66  <-V2
jump_0602/120_2_120_2        2    120/2.00    116.6/ 1.14(0.953)    158.6/ 1.43(0.982)  -0.128   66  <-V2
jump_0602/90_0.75_90_2       2     90/2.00     86.5/ 1.38(0.949)    131.8/ 2.03(0.974)  -0.109   66  <-V2
jump_0602/120_2_120_2        1    120/2.00     94.5/ 0.34(0.789)    129.9/ 0.54(0.916)  -0.527    0  <-V2
jump_0602/120_2_120_2        2    120/2.00    116.6/ 1.14(0.953)    158.6/ 1.43(0.982)  -0.128   66  <-V2
jump_0602/120_2_120_2        1    120/2.00     94.5/ 0.34(0.789)    129.9/ 0.54(0.916)  -0.527    0  <-V2
jump_0602/150_2.2_250_3      1    150/2.20    108.1/ 0.45(0.735)    156.8/ 0.59(0.938)  -0.552    0  <-V2
jump_0602/120_2_120_2        1    120/2.00     94.5/ 0.34(0.789)    129.9/ 0.54(0.916)  -0.527    0  <-V2
jump_0602/120_2_120_2        2    120/2.00    116.6/ 1.14(0.953)    158.6/ 1.43(0.982)  -0.128   66  <-V2
jump_0602/150_2.2_250_3      1    150/2.20    108.1/ 0.45(0.735)    156.8/ 0.59(0.938)  -0.552    0  <-V2
jump_0602/120_2_120_2        2    120/2.00    116.6/ 1.14(0.953)    158.6/ 1.43(0.982)  -0.128   66  <-V2
jump_0602/150_2.2_250_3      2    250/3.00    233.7/ 0.06(0.949)    236.4/ 0.04(0.947)  +0.127   84  <-V1
jump_0602/150_2.2_250_3      1    150/2.20    108.1/ 0.45(0.735)    156.8/ 0.59(0.938)  -0.552    0  <-V2
jump_0602/120_2_120_2        2    120/2.00    116.6/ 1.14(0.953)    158.6/ 1.43(0.982)  -0.128   66  <-V2
jump_0602/150_2.2_250_3      2    250/3.00    233.7/ 0.06(0.949)    236.4/ 0.04(0.947)  +0.127   84  <-V1
jump_0602/150_2.2_250_3      1    150/2.20    108.1/ 0.45(0.735)    156.8/ 0.59(0.938)  -0.552    0  <-V2
jump_0602/150_2.2_250_3      1    150/2.20    108.1/ 0.45(0.735)    156.8/ 0.59(0.938)  -0.552    0  <-V2
jump_0602/150_2.2_250_3      2    250/3.00    233.7/ 0.06(0.949)    236.4/ 0.04(0.947)  +0.127   84  <-V1
jump_0602/150_2.2_500_5      1    150/2.20    111.1/ 0.43(0.727)    157.3/ 0.56(0.930)  -0.506    3  <-V2
jump_0602/150_2.2_500_5      1    150/2.20    111.1/ 0.43(0.727)    157.3/ 0.56(0.930)  -0.506    3  <-V2
jump_0602/150_2.2_250_3      2    250/3.00    233.7/ 0.06(0.949)    236.4/ 0.04(0.947)  +0.127   84  <-V1
jump_0602/150_2.2_250_3      2    250/3.00    233.7/ 0.06(0.949)    236.4/ 0.04(0.947)  +0.127   84  <-V1
jump_0602/150_2.2_500_5      1    150/2.20    111.1/ 0.43(0.727)    157.3/ 0.56(0.930)  -0.506    3  <-V2
jump_0602/150_2.2_500_5      2    500/5.00    177.8/-0.09(0.599)    166.6/-0.07(0.601)  +0.406   69  <-V2
jump_0602/150_2.2_500_5      2    500/5.00    177.8/-0.09(0.599)    166.6/-0.07(0.601)  +0.406   69  <-V2
jump_0602/150_2.2_500_5      1    150/2.20    111.1/ 0.43(0.727)    157.3/ 0.56(0.930)  -0.506    3  <-V2
jump_0602/150_2.2_500_5      2    500/5.00    177.8/-0.09(0.599)    166.6/-0.07(0.601)  +0.406   69  <-V2
jump_0602/150_2.2_500_5      1    150/2.20    111.1/ 0.43(0.727)    157.3/ 0.56(0.930)  -0.506    3  <-V2
Traceback (most recent call last):
Traceback (most recent call last):
  File "<string>", line 1, in <module>
  File "<string>", line 1, in <module>
  File "C:\Program Files\WindowsApps\PythonSoftwareFoundation.Python.3.11_3.11.2544.0_x64__qbz5n2kfra8p0\Lib\multiprocessing\spawn.py", line 122, in spawn_main
  File "C:\Program Files\WindowsApps\PythonSoftwareFoundation.Python.3.11_3.11.2544.0_x64__qbz5n2kfra8p0\Lib\multiprocessing\spawn.py", line 122, in spawn_main
    exitcode = _main(fd, parent_sentinel)
    exitcode = _main(fd, parent_sentinel)
               ^^^^^^^^^^^^^^^^^^^^^^^^^^
               ^^^^^^^^^^^^^^^^^^^^^^^^^^
  File "C:\Program Files\WindowsApps\PythonSoftwareFoundation.Python.3.11_3.11.2544.0_x64__qbz5n2kfra8p0\Lib\multiprocessing\spawn.py", line 131, in _main
  File "C:\Program Files\WindowsApps\PythonSoftwareFoundation.Python.3.11_3.11.2544.0_x64__qbz5n2kfra8p0\Lib\multiprocessing\spawn.py", line 131, in _main
    prepare(preparation_data)
  File "C:\Program Files\WindowsApps\PythonSoftwareFoundation.Python.3.11_3.11.2544.0_x64__qbz5n2kfra8p0\Lib\multiprocessing\spawn.py", line 246, in prepare
    prepare(preparation_data)
  File "C:\Program Files\WindowsApps\PythonSoftwareFoundation.Python.3.11_3.11.2544.0_x64__qbz5n2kfra8p0\Lib\multiprocessing\spawn.py", line 246, in prepare
    _fixup_main_from_path(data['init_main_from_path'])
  File "C:\Program Files\WindowsApps\PythonSoftwareFoundation.Python.3.11_3.11.2544.0_x64__qbz5n2kfra8p0\Lib\multiprocessing\spawn.py", line 297, in _fixup_main_from_path
    _fixup_main_from_path(data['init_main_from_path'])
    main_content = runpy.run_path(main_path,
  File "C:\Program Files\WindowsApps\PythonSoftwareFoundation.Python.3.11_3.11.2544.0_x64__qbz5n2kfra8p0\Lib\multiprocessing\spawn.py", line 297, in _fixup_main_from_path
                   ^^^^^^^^^^^^^^^^^^^^^^^^^
  File "<frozen runpy>", line 291, in run_path
  File "<frozen runpy>", line 98, in _run_module_code
  File "<frozen runpy>", line 88, in _run_code
  File "C:\Users\junho\Documents\jump-opt-digital-twin\code\goal22\p18_cvt\cvt_results_v2.py", line 16, in <module>
    main_content = runpy.run_path(main_path,
                   ^^^^^^^^^^^^^^^^^^^^^^^^^
    import p14_judge as J
  File "<frozen runpy>", line 291, in run_path
  File "C:\Users\junho\Documents\jump-opt-digital-twin\code\goal22\p14_ahat\p14_judge.py", line 24, in <module>
  File "<frozen runpy>", line 98, in _run_module_code
  File "<frozen runpy>", line 88, in _run_code
  File "C:\Users\junho\Documents\jump-opt-digital-twin\code\goal22\p18_cvt\cvt_results_v2.py", line 16, in <module>
    from g22_p13_phases import phases
  File "C:\Users\junho\Documents\jump-opt-digital-twin\code\goal22\g22_p13_phases.py", line 26, in <module>
    import p14_judge as J
  File "C:\Users\junho\Documents\jump-opt-digital-twin\code\goal22\p14_ahat\p14_judge.py", line 24, in <module>
    PDLAW = json.load(open(Path(__file__).parent / "p10_pdlaw.json"))
            ^^^^^^^^^^^^^^^^^^^^^^^^^^^^^^^^^^^^^^^^^^^^^^^^^^^^^^^^^
  File "C:\Program Files\WindowsApps\PythonSoftwareFoundation.Python.3.11_3.11.2544.0_x64__qbz5n2kfra8p0\Lib\json\__init__.py", line 293, in load
    from g22_p13_phases import phases
  File "C:\Users\junho\Documents\jump-opt-digital-twin\code\goal22\g22_p13_phases.py", line 26, in <module>
    PDLAW = json.load(open(Path(__file__).parent / "p10_pdlaw.json"))
            ^^^^^^^^^^^^^^^^^^^^^^^^^^^^^^^^^^^^^^^^^^^^^^^^^^^^^^^^^
  File "C:\Program Files\WindowsApps\PythonSoftwareFoundation.Python.3.11_3.11.2544.0_x64__qbz5n2kfra8p0\Lib\json\__init__.py", line 293, in load
    return loads(fp.read(),
           ^^^^^^^^^^^^^^^^
  File "C:\Program Files\WindowsApps\PythonSoftwareFoundation.Python.3.11_3.11.2544.0_x64__qbz5n2kfra8p0\Lib\json\__init__.py", line 346, in loads
    return _default_decoder.decode(s)
    return loads(fp.read(),
           ^^^^^^^^^^^^^^^^
  File "C:\Program Files\WindowsApps\PythonSoftwareFoundation.Python.3.11_3.11.2544.0_x64__qbz5n2kfra8p0\Lib\json\__init__.py", line 346, in loads
           ^^^^^^^^^^^^^^^^^^^^^^^^^^
  File "C:\Program Files\WindowsApps\PythonSoftwareFoundation.Python.3.11_3.11.2544.0_x64__qbz5n2kfra8p0\Lib\json\decoder.py", line 337, in decode
    obj, end = self.raw_decode(s, idx=_w(s, 0).end())
               ^^^^^^^^^^^^^^^^^^^^^^^^^^^^^^^^^^^^^^
  File "C:\Program Files\WindowsApps\PythonSoftwareFoundation.Python.3.11_3.11.2544.0_x64__qbz5n2kfra8p0\Lib\json\decoder.py", line 355, in raw_decode
    return _default_decoder.decode(s)
           ^^^^^^^^^^^^^^^^^^^^^^^^^^
  File "C:\Program Files\WindowsApps\PythonSoftwareFoundation.Python.3.11_3.11.2544.0_x64__qbz5n2kfra8p0\Lib\json\decoder.py", line 337, in decode
    raise JSONDecodeError("Expecting value", s, err.value) from None
json.decoder.JSONDecodeError: Expecting value: line 1 column 1 (char 0)
    obj, end = self.raw_decode(s, idx=_w(s, 0).end())
saved p10_pdlaw.json
               ^^^^^^^^^^^^^^^^^^^^^^^^^^^^^^^^^^^^^^
  File "C:\Program Files\WindowsApps\PythonSoftwareFoundation.Python.3.11_3.11.2544.0_x64__qbz5n2kfra8p0\Lib\json\decoder.py", line 355, in raw_decode
    raise JSONDecodeError("Expecting value", s, err.value) from None
json.decoder.JSONDecodeError: Expecting value: line 1 column 1 (char 0)
saved p10_pdlaw.json
jump_0602/150_2.2_500_5      2    500/5.00    177.8/-0.09(0.599)    166.6/-0.07(0.601)  +0.406   69  <-V2
Traceback (most recent call last):
  File "<string>", line 1, in <module>
  File "C:\Program Files\WindowsApps\PythonSoftwareFoundation.Python.3.11_3.11.2544.0_x64__qbz5n2kfra8p0\Lib\multiprocessing\spawn.py", line 122, in spawn_main
    exitcode = _main(fd, parent_sentinel)
               ^^^^^^^^^^^^^^^^^^^^^^^^^^
  File "C:\Program Files\WindowsApps\PythonSoftwareFoundation.Python.3.11_3.11.2544.0_x64__qbz5n2kfra8p0\Lib\multiprocessing\spawn.py", line 131, in _main
    prepare(preparation_data)
  File "C:\Program Files\WindowsApps\PythonSoftwareFoundation.Python.3.11_3.11.2544.0_x64__qbz5n2kfra8p0\Lib\multiprocessing\spawn.py", line 246, in prepare
    _fixup_main_from_path(data['init_main_from_path'])
  File "C:\Program Files\WindowsApps\PythonSoftwareFoundation.Python.3.11_3.11.2544.0_x64__qbz5n2kfra8p0\Lib\multiprocessing\spawn.py", line 297, in _fixup_main_from_path
    main_content = runpy.run_path(main_path,
                   ^^^^^^^^^^^^^^^^^^^^^^^^^
  File "<frozen runpy>", line 291, in run_path
  File "<frozen runpy>", line 98, in _run_module_code
  File "<frozen runpy>", line 88, in _run_code
  File "C:\Users\junho\Documents\jump-opt-digital-twin\code\goal22\p18_cvt\cvt_results_v2.py", line 16, in <module>
    import p14_judge as J
  File "C:\Users\junho\Documents\jump-opt-digital-twin\code\goal22\p14_ahat\p14_judge.py", line 24, in <module>
    from g22_p13_phases import phases
  File "C:\Users\junho\Documents\jump-opt-digital-twin\code\goal22\g22_p13_phases.py", line 26, in <module>
    PDLAW = json.load(open(Path(__file__).parent / "p10_pdlaw.json"))
            ^^^^^^^^^^^^^^^^^^^^^^^^^^^^^^^^^^^^^^^^^^^^^^^^^^^^^^^^^
  File "C:\Program Files\WindowsApps\PythonSoftwareFoundation.Python.3.11_3.11.2544.0_x64__qbz5n2kfra8p0\Lib\json\__init__.py", line 293, in load
    return loads(fp.read(),
           ^^^^^^^^^^^^^^^^
  File "C:\Program Files\WindowsApps\PythonSoftwareFoundation.Python.3.11_3.11.2544.0_x64__qbz5n2kfra8p0\Lib\json\__init__.py", line 346, in loads
    return _default_decoder.decode(s)
           ^^^^^^^^^^^^^^^^^^^^^^^^^^
  File "C:\Program Files\WindowsApps\PythonSoftwareFoundation.Python.3.11_3.11.2544.0_x64__qbz5n2kfra8p0\Lib\json\decoder.py", line 337, in decode
    obj, end = self.raw_decode(s, idx=_w(s, 0).end())
               ^^^^^^^^^^^^^^^^^^^^^^^^^^^^^^^^^^^^^^
  File "C:\Program Files\WindowsApps\PythonSoftwareFoundation.Python.3.11_3.11.2544.0_x64__qbz5n2kfra8p0\Lib\json\decoder.py", line 355, in raw_decode
    raise JSONDecodeError("Expecting value", s, err.value) from None
json.decoder.JSONDecodeError: Expecting value: line 1 column 1 (char 0)
saved p10_pdlaw.json
jump_0602/150_2.2_500_5      2    500/5.00    177.8/-0.09(0.599)    166.6/-0.07(0.601)  +0.406   69  <-V2
Traceback (most recent call last):
  File "<string>", line 1, in <module>
  File "C:\Program Files\WindowsApps\PythonSoftwareFoundation.Python.3.11_3.11.2544.0_x64__qbz5n2kfra8p0\Lib\multiprocessing\spawn.py", line 122, in spawn_main
    exitcode = _main(fd, parent_sentinel)
               ^^^^^^^^^^^^^^^^^^^^^^^^^^
  File "C:\Program Files\WindowsApps\PythonSoftwareFoundation.Python.3.11_3.11.2544.0_x64__qbz5n2kfra8p0\Lib\multiprocessing\spawn.py", line 131, in _main
    prepare(preparation_data)
  File "C:\Program Files\WindowsApps\PythonSoftwareFoundation.Python.3.11_3.11.2544.0_x64__qbz5n2kfra8p0\Lib\multiprocessing\spawn.py", line 246, in prepare
    _fixup_main_from_path(data['init_main_from_path'])
  File "C:\Program Files\WindowsApps\PythonSoftwareFoundation.Python.3.11_3.11.2544.0_x64__qbz5n2kfra8p0\Lib\multiprocessing\spawn.py", line 297, in _fixup_main_from_path
    main_content = runpy.run_path(main_path,
                   ^^^^^^^^^^^^^^^^^^^^^^^^^
  File "<frozen runpy>", line 291, in run_path
  File "<frozen runpy>", line 98, in _run_module_code
  File "<frozen runpy>", line 88, in _run_code
  File "C:\Users\junho\Documents\jump-opt-digital-twin\code\goal22\p18_cvt\cvt_results_v2.py", line 16, in <module>
    import p14_judge as J
  File "C:\Users\junho\Documents\jump-opt-digital-twin\code\goal22\p14_ahat\p14_judge.py", line 24, in <module>
    from g22_p13_phases import phases
  File "C:\Users\junho\Documents\jump-opt-digital-twin\code\goal22\g22_p13_phases.py", line 26, in <module>
    PDLAW = json.load(open(Path(__file__).parent / "p10_pdlaw.json"))
            ^^^^^^^^^^^^^^^^^^^^^^^^^^^^^^^^^^^^^^^^^^^^^^^^^^^^^^^^^
  File "C:\Program Files\WindowsApps\PythonSoftwareFoundation.Python.3.11_3.11.2544.0_x64__qbz5n2kfra8p0\Lib\json\__init__.py", line 293, in load
    return loads(fp.read(),
           ^^^^^^^^^^^^^^^^
  File "C:\Program Files\WindowsApps\PythonSoftwareFoundation.Python.3.11_3.11.2544.0_x64__qbz5n2kfra8p0\Lib\json\__init__.py", line 346, in loads
    return _default_decoder.decode(s)
           ^^^^^^^^^^^^^^^^^^^^^^^^^^
  File "C:\Program Files\WindowsApps\PythonSoftwareFoundation.Python.3.11_3.11.2544.0_x64__qbz5n2kfra8p0\Lib\json\decoder.py", line 337, in decode
    obj, end = self.raw_decode(s, idx=_w(s, 0).end())
               ^^^^^^^^^^^^^^^^^^^^^^^^^^^^^^^^^^^^^^
  File "C:\Program Files\WindowsApps\PythonSoftwareFoundation.Python.3.11_3.11.2544.0_x64__qbz5n2kfra8p0\Lib\json\decoder.py", line 355, in raw_decode
    raise JSONDecodeError("Expecting value", s, err.value) from None
json.decoder.JSONDecodeError: Expecting value: line 1 column 1 (char 0)
saved p10_pdlaw.json
saved p10_pdlaw.json
warm-start from previous mshoot best
warm-start from previous fourbar best
saved p10_pdlaw.json
warm-start from previous mshoot best
warm-start from previous fourbar best
saved p10_pdlaw.json
warm-start from previous mshoot best
warm-start from previous fourbar best
trial                        jt      label              V1 kp/kd(R2)              V2 kp/kd(R2)  cff  sat
jump_0324/P40_D0.7           1     40/0.70     90.3/-1.01(0.321)     54.5/-0.87(0.931)  +0.880    0  <-V2
saved p10_pdlaw.json
warm-start from previous mshoot best
jump_0324/P40_D0.7           2     40/0.70     62.4/-0.11(-0.069)     62.2/ 0.00(-0.098)  +1.009   24  <-V1
warm-start from previous fourbar best
jump_0324/P60_D1.5           1     60/1.50     26.2/-0.41(-0.205)     53.5/-0.80(0.885)  +0.819    0  <-V2
jump_0324/P60_D1.5           2     60/1.50    106.3/-0.58(-0.269)     86.6/-0.42(-0.291)  +1.171   11  <-V1
trial                        jt      label              V1 kp/kd(R2)              V2 kp/kd(R2)  cff  sat
jump_0324/P40_D0.7           1     40/0.70     90.3/-1.01(0.321)     54.5/-0.87(0.931)  +0.880    0  <-V2
jump_0324/P100_D3            1    100/3.00     49.8/-0.51(0.494)     65.7/-0.61(0.892)  +0.585    0  <-V2
jump_0324/P100_D3            2    100/3.00    121.3/-0.89(-1.097)     89.7/-0.72(-0.431)  +1.335   19  <-V2
jump_0324/P40_D0.7           2     40/0.70     62.4/-0.11(-0.069)     62.2/ 0.00(-0.098)  +1.009   24  <-V1
jump_position_0421/P60_D0.75_P60_D2 1     60/0.75     39.7/ 0.09(0.968)     45.3/ 0.27(0.982)  -0.086    0  <-V2
jump_0324/P60_D1.5           1     60/1.50     26.2/-0.41(-0.205)     53.5/-0.80(0.885)  +0.819    0  <-V2
jump_position_0421/P60_D0.75_P60_D2 2     60/2.00     37.1/ 1.06(0.940)     54.1/ 1.59(0.992)  +0.015   60  <-V2
jump_0324/P60_D1.5           2     60/1.50    106.3/-0.58(-0.269)     86.6/-0.42(-0.291)  +1.171   11  <-V1
jump_position_0421/P70_D0.75_P70_D2 1     70/0.75     44.5/ 0.09(0.954)     51.4/ 0.28(0.975)  -0.087    0  <-V2
jump_0324/P100_D3            1    100/3.00     49.8/-0.51(0.494)     65.7/-0.61(0.892)  +0.585    0  <-V2
jump_position_0421/P70_D0.75_P70_D2 2     70/2.00     41.2/ 1.00(0.944)     61.3/ 1.52(0.989)  +0.023   52  <-V2
jump_0324/P100_D3            2    100/3.00    121.3/-0.89(-1.097)     89.7/-0.72(-0.431)  +1.335   19  <-V2
jump_position_0421/P80_D0.75_P80_D2 1     80/0.75     48.5/ 0.07(0.967)     54.8/ 0.22(0.979)  -0.076    0  <-V2
jump_position_0421/P60_D0.75_P60_D2 1     60/0.75     39.7/ 0.09(0.968)     45.3/ 0.27(0.982)  -0.086    0  <-V2
jump_position_0421/P80_D0.75_P80_D2 2     80/2.00     52.3/ 1.12(0.955)     71.4/ 1.53(0.988)  -0.004   66  <-V2
jump_position_0421/P60_D0.75_P60_D2 2     60/2.00     37.1/ 1.06(0.940)     54.1/ 1.59(0.992)  +0.015   60  <-V2
jump_position_0421/P90_D0.75_P90_D2 1     90/0.75     51.5/ 0.09(0.940)     60.0/ 0.25(0.963)  -0.078    0  <-V2
jump_position_0421/P70_D0.75_P70_D2 1     70/0.75     44.5/ 0.09(0.954)     51.4/ 0.28(0.975)  -0.087    0  <-V2
jump_position_0421/P90_D0.75_P90_D2 2     90/2.00     57.1/ 1.07(0.952)     79.1/ 1.47(0.989)  -0.002   63  <-V2
jump_position_0421/P70_D0.75_P70_D2 2     70/2.00     41.2/ 1.00(0.944)     61.3/ 1.52(0.989)  +0.023   52  <-V2
jump_position_0421/P80_D0.75_P80_D2 1     80/0.75     48.5/ 0.07(0.967)     54.8/ 0.22(0.979)  -0.076    0  <-V2
jump_position_0421/P100_D0.75_P100_D2 1    100/0.75     57.4/ 0.09(0.920)     67.1/ 0.26(0.946)  -0.095    0  <-V2
jump_position_0421/P80_D0.75_P80_D2 2     80/2.00     52.3/ 1.12(0.955)     71.4/ 1.53(0.988)  -0.004   66  <-V2
trial                        jt      label              V1 kp/kd(R2)              V2 kp/kd(R2)  cff  sat
jump_0324/P40_D0.7           1     40/0.70     90.3/-1.01(0.321)     54.5/-0.87(0.931)  +0.880    0  <-V2
jump_position_0421/P100_D0.75_P100_D2 2    100/2.00     62.9/ 1.04(0.955)     85.9/ 1.39(0.987)  +0.015   62  <-V2
jump_position_0421/P90_D0.75_P90_D2 1     90/0.75     51.5/ 0.09(0.940)     60.0/ 0.25(0.963)  -0.078    0  <-V2
jump_position_0421/P200_D1.5_P200_D4 1    200/1.50     71.1/ 0.16(0.634)    110.9/ 0.68(0.786)  -0.260    0  <-V2
jump_0324/P40_D0.7           2     40/0.70     62.4/-0.11(-0.069)     62.2/ 0.00(-0.098)  +1.009   24  <-V1
jump_position_0421/P90_D0.75_P90_D2 2     90/2.00     57.1/ 1.07(0.952)     79.1/ 1.47(0.989)  -0.002   63  <-V2
jump_position_0421/P200_D1.5_P200_D4 2    200/4.00     51.7/ 1.05(0.507)    139.5/ 2.70(0.884)  +0.475   23  <-V2
jump_0324/P60_D1.5           1     60/1.50     26.2/-0.41(-0.205)     53.5/-0.80(0.885)  +0.819    0  <-V2
jump_position_0421/P100_D0.75_P100_D2 1    100/0.75     57.4/ 0.09(0.920)     67.1/ 0.26(0.946)  -0.095    0  <-V2
jump_0424/60_0.75_60_2       1     60/0.75     51.6/ 0.21(0.970)     61.0/ 0.25(0.992)  -0.082    0  <-V2
trial                        jt      label              V1 kp/kd(R2)              V2 kp/kd(R2)  cff  sat
jump_0324/P40_D0.7           1     40/0.70     90.3/-1.01(0.321)     54.5/-0.87(0.931)  +0.880    0  <-V2
jump_0424/60_0.75_60_2       2     60/2.00     62.2/ 1.17(0.820)     89.3/ 1.61(0.849)  -0.116   64  <-V2
jump_0324/P60_D1.5           2     60/1.50    106.3/-0.58(-0.269)     86.6/-0.42(-0.291)  +1.171   11  <-V1
trial                        jt      label              V1 kp/kd(R2)              V2 kp/kd(R2)  cff  sat
jump_0324/P40_D0.7           1     40/0.70     90.3/-1.01(0.321)     54.5/-0.87(0.931)  +0.880    0  <-V2
jump_position_0421/P100_D0.75_P100_D2 2    100/2.00     62.9/ 1.04(0.955)     85.9/ 1.39(0.987)  +0.015   62  <-V2
jump_0324/P40_D0.7           2     40/0.70     62.4/-0.11(-0.069)     62.2/ 0.00(-0.098)  +1.009   24  <-V1
jump_0424/60_1.5_60_1.5      1     60/1.50     53.8/ 0.57(0.924)     77.1/ 0.62(0.919)  -0.158    0  <-V1
jump_position_0421/P200_D1.5_P200_D4 1    200/1.50     71.1/ 0.16(0.634)    110.9/ 0.68(0.786)  -0.260    0  <-V2
jump_0324/P100_D3            1    100/3.00     49.8/-0.51(0.494)     65.7/-0.61(0.892)  +0.585    0  <-V2
jump_0324/P40_D0.7           2     40/0.70     62.4/-0.11(-0.069)     62.2/ 0.00(-0.098)  +1.009   24  <-V1
trial                        jt      label              V1 kp/kd(R2)              V2 kp/kd(R2)  cff  sat
jump_0324/P40_D0.7           1     40/0.70     90.3/-1.01(0.321)     54.5/-0.87(0.931)  +0.880    0  <-V2
jump_0324/P60_D1.5           1     60/1.50     26.2/-0.41(-0.205)     53.5/-0.80(0.885)  +0.819    0  <-V2
jump_0424/60_1.5_60_1.5      2     60/1.50     60.1/ 0.92(0.938)     80.9/ 1.17(0.963)  -0.114   59  <-V2
jump_position_0421/P200_D1.5_P200_D4 2    200/4.00     51.7/ 1.05(0.507)    139.5/ 2.70(0.884)  +0.475   23  <-V2
jump_0324/P100_D3            2    100/3.00    121.3/-0.89(-1.097)     89.7/-0.72(-0.431)  +1.335   19  <-V2
jump_0324/P60_D1.5           1     60/1.50     26.2/-0.41(-0.205)     53.5/-0.80(0.885)  +0.819    0  <-V2
jump_0324/P60_D1.5           2     60/1.50    106.3/-0.58(-0.269)     86.6/-0.42(-0.291)  +1.171   11  <-V1
jump_0324/P40_D0.7           2     40/0.70     62.4/-0.11(-0.069)     62.2/ 0.00(-0.098)  +1.009   24  <-V1
jump_0424/90_0.75_90_2       1     90/0.75     64.8/ 0.12(0.933)     74.2/ 0.15(0.955)  -0.071    0  <-V2
jump_0424/60_0.75_60_2       1     60/0.75     51.6/ 0.21(0.970)     61.0/ 0.25(0.992)  -0.082    0  <-V2
jump_position_0421/P60_D0.75_P60_D2 1     60/0.75     39.7/ 0.09(0.968)     45.3/ 0.27(0.982)  -0.086    0  <-V2
jump_0324/P60_D1.5           2     60/1.50    106.3/-0.58(-0.269)     86.6/-0.42(-0.291)  +1.171   11  <-V1
jump_0324/P100_D3            1    100/3.00     49.8/-0.51(0.494)     65.7/-0.61(0.892)  +0.585    0  <-V2
jump_0424/90_0.75_90_2       2     90/2.00     90.3/ 0.79(0.899)    110.3/ 0.94(0.956)  +0.034   79  <-V2
jump_0324/P60_D1.5           1     60/1.50     26.2/-0.41(-0.205)     53.5/-0.80(0.885)  +0.819    0  <-V2
jump_0424/60_0.75_60_2       2     60/2.00     62.2/ 1.17(0.820)     89.3/ 1.61(0.849)  -0.116   64  <-V2
jump_position_0421/P60_D0.75_P60_D2 2     60/2.00     37.1/ 1.06(0.940)     54.1/ 1.59(0.992)  +0.015   60  <-V2
jump_0324/P100_D3            1    100/3.00     49.8/-0.51(0.494)     65.7/-0.61(0.892)  +0.585    0  <-V2
jump_0324/P100_D3            2    100/3.00    121.3/-0.89(-1.097)     89.7/-0.72(-0.431)  +1.335   19  <-V2
jump_0424/120_2_120_2        1    120/2.00     84.0/ 0.47(0.751)    123.0/ 0.45(0.942)  -0.240    0  <-V2
jump_0424/60_1.5_60_1.5      1     60/1.50     53.8/ 0.57(0.924)     77.1/ 0.62(0.919)  -0.158    0  <-V1
jump_position_0421/P70_D0.75_P70_D2 1     70/0.75     44.5/ 0.09(0.954)     51.4/ 0.28(0.975)  -0.087    0  <-V2
jump_0324/P60_D1.5           2     60/1.50    106.3/-0.58(-0.269)     86.6/-0.42(-0.291)  +1.171   11  <-V1
jump_0324/P100_D3            2    100/3.00    121.3/-0.89(-1.097)     89.7/-0.72(-0.431)  +1.335   19  <-V2
jump_position_0421/P60_D0.75_P60_D2 1     60/0.75     39.7/ 0.09(0.968)     45.3/ 0.27(0.982)  -0.086    0  <-V2
jump_0424/120_2_120_2        2    120/2.00    107.4/ 0.58(0.847)    131.0/ 0.67(0.941)  +0.209   68  <-V2
jump_0424/60_1.5_60_1.5      2     60/1.50     60.1/ 0.92(0.938)     80.9/ 1.17(0.963)  -0.114   59  <-V2
jump_position_0421/P70_D0.75_P70_D2 2     70/2.00     41.2/ 1.00(0.944)     61.3/ 1.52(0.989)  +0.023   52  <-V2
jump_position_0421/P60_D0.75_P60_D2 1     60/0.75     39.7/ 0.09(0.968)     45.3/ 0.27(0.982)  -0.086    0  <-V2
jump_0324/P100_D3            1    100/3.00     49.8/-0.51(0.494)     65.7/-0.61(0.892)  +0.585    0  <-V2
jump_position_0421/P60_D0.75_P60_D2 2     60/2.00     37.1/ 1.06(0.940)     54.1/ 1.59(0.992)  +0.015   60  <-V2
jump_0424/120_2.2_150_2.5    1    120/2.20     83.2/ 0.51(0.685)    124.1/ 0.47(0.933)  -0.267    0  <-V2
jump_0424/90_0.75_90_2       1     90/0.75     64.8/ 0.12(0.933)     74.2/ 0.15(0.955)  -0.071    0  <-V2
jump_position_0421/P80_D0.75_P80_D2 1     80/0.75     48.5/ 0.07(0.967)     54.8/ 0.22(0.979)  -0.076    0  <-V2
jump_0324/P100_D3            2    100/3.00    121.3/-0.89(-1.097)     89.7/-0.72(-0.431)  +1.335   19  <-V2
jump_position_0421/P70_D0.75_P70_D2 1     70/0.75     44.5/ 0.09(0.954)     51.4/ 0.28(0.975)  -0.087    0  <-V2
jump_0424/120_2.2_150_2.5    2    150/2.50    123.7/ 0.61(0.772)    157.7/ 0.67(0.900)  +0.272   64  <-V2
jump_position_0421/P60_D0.75_P60_D2 2     60/2.00     37.1/ 1.06(0.940)     54.1/ 1.59(0.992)  +0.015   60  <-V2
jump_0424/90_0.75_90_2       2     90/2.00     90.3/ 0.79(0.899)    110.3/ 0.94(0.956)  +0.034   79  <-V2
jump_position_0421/P80_D0.75_P80_D2 2     80/2.00     52.3/ 1.12(0.955)     71.4/ 1.53(0.988)  -0.004   66  <-V2
jump_0424/120_2.2_200_2.8    1    120/2.20     74.2/ 0.52(0.692)    122.4/ 0.45(0.939)  -0.255    0  <-V2
jump_position_0421/P70_D0.75_P70_D2 2     70/2.00     41.2/ 1.00(0.944)     61.3/ 1.52(0.989)  +0.023   52  <-V2
jump_position_0421/P60_D0.75_P60_D2 1     60/0.75     39.7/ 0.09(0.968)     45.3/ 0.27(0.982)  -0.086    0  <-V2
jump_0424/120_2_120_2        1    120/2.00     84.0/ 0.47(0.751)    123.0/ 0.45(0.942)  -0.240    0  <-V2
jump_position_0421/P70_D0.75_P70_D2 1     70/0.75     44.5/ 0.09(0.954)     51.4/ 0.28(0.975)  -0.087    0  <-V2
jump_position_0421/P90_D0.75_P90_D2 1     90/0.75     51.5/ 0.09(0.940)     60.0/ 0.25(0.963)  -0.078    0  <-V2
jump_0424/120_2.2_200_2.8    2    200/2.80    149.4/ 0.59(0.505)    193.5/ 0.66(0.781)  +0.430   79  <-V2
jump_position_0421/P80_D0.75_P80_D2 1     80/0.75     48.5/ 0.07(0.967)     54.8/ 0.22(0.979)  -0.076    0  <-V2
jump_position_0421/P60_D0.75_P60_D2 2     60/2.00     37.1/ 1.06(0.940)     54.1/ 1.59(0.992)  +0.015   60  <-V2
jump_0424/120_2_120_2        2    120/2.00    107.4/ 0.58(0.847)    131.0/ 0.67(0.941)  +0.209   68  <-V2
jump_position_0421/P70_D0.75_P70_D2 2     70/2.00     41.2/ 1.00(0.944)     61.3/ 1.52(0.989)  +0.023   52  <-V2
jump_position_0421/P90_D0.75_P90_D2 2     90/2.00     57.1/ 1.07(0.952)     79.1/ 1.47(0.989)  -0.002   63  <-V2
jump_0424/150_2.2_250_3      1    150/2.20     76.4/ 0.53(0.596)    144.9/ 0.49(0.918)  -0.269    0  <-V2
jump_position_0421/P80_D0.75_P80_D2 2     80/2.00     52.3/ 1.12(0.955)     71.4/ 1.53(0.988)  -0.004   66  <-V2
jump_0424/120_2.2_150_2.5    1    120/2.20     83.2/ 0.51(0.685)    124.1/ 0.47(0.933)  -0.267    0  <-V2
jump_position_0421/P80_D0.75_P80_D2 1     80/0.75     48.5/ 0.07(0.967)     54.8/ 0.22(0.979)  -0.076    0  <-V2
jump_position_0421/P100_D0.75_P100_D2 1    100/0.75     57.4/ 0.09(0.920)     67.1/ 0.26(0.946)  -0.095    0  <-V2
jump_position_0421/P70_D0.75_P70_D2 1     70/0.75     44.5/ 0.09(0.954)     51.4/ 0.28(0.975)  -0.087    0  <-V2
jump_0424/150_2.2_250_3      2    250/3.00    163.9/ 0.55(0.556)    222.9/ 0.62(0.776)  +0.493   63  <-V2
jump_position_0421/P90_D0.75_P90_D2 1     90/0.75     51.5/ 0.09(0.940)     60.0/ 0.25(0.963)  -0.078    0  <-V2
jump_0424/120_2.2_150_2.5    2    150/2.50    123.7/ 0.61(0.772)    157.7/ 0.67(0.900)  +0.272   64  <-V2
jump_position_0421/P100_D0.75_P100_D2 2    100/2.00     62.9/ 1.04(0.955)     85.9/ 1.39(0.987)  +0.015   62  <-V2
jump_position_0421/P80_D0.75_P80_D2 2     80/2.00     52.3/ 1.12(0.955)     71.4/ 1.53(0.988)  -0.004   66  <-V2
jump_position_0421/P70_D0.75_P70_D2 2     70/2.00     41.2/ 1.00(0.944)     61.3/ 1.52(0.989)  +0.023   52  <-V2
jump_0424/150_2.2_350_3.5    1    150/2.20     67.8/ 0.56(0.582)    143.3/ 0.48(0.904)  -0.255    0  <-V2
jump_position_0421/P90_D0.75_P90_D2 2     90/2.00     57.1/ 1.07(0.952)     79.1/ 1.47(0.989)  -0.002   63  <-V2
jump_0424/120_2.2_200_2.8    1    120/2.20     74.2/ 0.52(0.692)    122.4/ 0.45(0.939)  -0.255    0  <-V2
jump_position_0421/P200_D1.5_P200_D4 1    200/1.50     71.1/ 0.16(0.634)    110.9/ 0.68(0.786)  -0.260    0  <-V2
jump_position_0421/P90_D0.75_P90_D2 1     90/0.75     51.5/ 0.09(0.940)     60.0/ 0.25(0.963)  -0.078    0  <-V2
jump_position_0421/P80_D0.75_P80_D2 1     80/0.75     48.5/ 0.07(0.967)     54.8/ 0.22(0.979)  -0.076    0  <-V2
jump_0424/150_2.2_350_3.5    2    350/3.50    197.6/ 0.56(0.402)    277.8/ 0.66(0.644)  +0.563   57  <-V2
jump_position_0421/P100_D0.75_P100_D2 1    100/0.75     57.4/ 0.09(0.920)     67.1/ 0.26(0.946)  -0.095    0  <-V2
jump_position_0421/P200_D1.5_P200_D4 2    200/4.00     51.7/ 1.05(0.507)    139.5/ 2.70(0.884)  +0.475   23  <-V2
jump_position_0421/P90_D0.75_P90_D2 2     90/2.00     57.1/ 1.07(0.952)     79.1/ 1.47(0.989)  -0.002   63  <-V2
jump_0424/120_2.2_200_2.8    2    200/2.80    149.4/ 0.59(0.505)    193.5/ 0.66(0.781)  +0.430   79  <-V2
jump_position_0421/P80_D0.75_P80_D2 2     80/2.00     52.3/ 1.12(0.955)     71.4/ 1.53(0.988)  -0.004   66  <-V2
jump_position_0421/P100_D0.75_P100_D2 2    100/2.00     62.9/ 1.04(0.955)     85.9/ 1.39(0.987)  +0.015   62  <-V2
jump_0424/150_2.2_500_4      1    150/2.20     72.8/ 0.50(0.636)    140.8/ 0.47(0.933)  -0.274    0  <-V2
jump_position_0421/P100_D0.75_P100_D2 1    100/0.75     57.4/ 0.09(0.920)     67.1/ 0.26(0.946)  -0.095    0  <-V2
jump_0424/60_0.75_60_2       1     60/0.75     51.6/ 0.21(0.970)     61.0/ 0.25(0.992)  -0.082    0  <-V2
jump_position_0421/P90_D0.75_P90_D2 1     90/0.75     51.5/ 0.09(0.940)     60.0/ 0.25(0.963)  -0.078    0  <-V2
jump_position_0421/P200_D1.5_P200_D4 1    200/1.50     71.1/ 0.16(0.634)    110.9/ 0.68(0.786)  -0.260    0  <-V2
jump_0424/150_2.2_250_3      1    150/2.20     76.4/ 0.53(0.596)    144.9/ 0.49(0.918)  -0.269    0  <-V2
jump_0424/150_2.2_500_4      2    500/4.00    236.1/ 0.57(0.257)    330.3/ 0.64(0.459)  +0.647   58  <-V2
jump_position_0421/P100_D0.75_P100_D2 2    100/2.00     62.9/ 1.04(0.955)     85.9/ 1.39(0.987)  +0.015   62  <-V2
jump_0424/60_0.75_60_2       2     60/2.00     62.2/ 1.17(0.820)     89.3/ 1.61(0.849)  -0.116   64  <-V2
jump_position_0421/P200_D1.5_P200_D4 2    200/4.00     51.7/ 1.05(0.507)    139.5/ 2.70(0.884)  +0.475   23  <-V2
jump_position_0421/P90_D0.75_P90_D2 2     90/2.00     57.1/ 1.07(0.952)     79.1/ 1.47(0.989)  -0.002   63  <-V2
jump_0424/150_2.2_250_3      2    250/3.00    163.9/ 0.55(0.556)    222.9/ 0.62(0.776)  +0.493   63  <-V2
jump_0602/60_0.75_60_2       1     60/0.75     54.0/ 0.22(0.952)     65.9/ 0.39(0.970)  -0.296    0  <-V2
jump_position_0421/P200_D1.5_P200_D4 1    200/1.50     71.1/ 0.16(0.634)    110.9/ 0.68(0.786)  -0.260    0  <-V2
jump_0424/60_1.5_60_1.5      1     60/1.50     53.8/ 0.57(0.924)     77.1/ 0.62(0.919)  -0.158    0  <-V1
jump_position_0421/P100_D0.75_P100_D2 1    100/0.75     57.4/ 0.09(0.920)     67.1/ 0.26(0.946)  -0.095    0  <-V2
jump_0424/60_0.75_60_2       1     60/0.75     51.6/ 0.21(0.970)     61.0/ 0.25(0.992)  -0.082    0  <-V2
jump_0424/150_2.2_350_3.5    1    150/2.20     67.8/ 0.56(0.582)    143.3/ 0.48(0.904)  -0.255    0  <-V2
jump_0602/60_0.75_60_2       2     60/2.00     58.0/ 1.52(0.941)     98.7/ 2.62(0.925)  -0.085   61  <-V1
jump_position_0421/P100_D0.75_P100_D2 2    100/2.00     62.9/ 1.04(0.955)     85.9/ 1.39(0.987)  +0.015   62  <-V2
jump_0424/60_1.5_60_1.5      2     60/1.50     60.1/ 0.92(0.938)     80.9/ 1.17(0.963)  -0.114   59  <-V2
jump_position_0421/P200_D1.5_P200_D4 2    200/4.00     51.7/ 1.05(0.507)    139.5/ 2.70(0.884)  +0.475   23  <-V2
jump_0424/150_2.2_350_3.5    2    350/3.50    197.6/ 0.56(0.402)    277.8/ 0.66(0.644)  +0.563   57  <-V2
jump_0602/60_1.5_60_1.5      1     60/1.50     53.8/ 0.79(0.959)     84.7/ 1.06(0.888)  -0.294    3  <-V1
jump_0424/60_0.75_60_2       2     60/2.00     62.2/ 1.17(0.820)     89.3/ 1.61(0.849)  -0.116   64  <-V2
jump_position_0421/P200_D1.5_P200_D4 1    200/1.50     71.1/ 0.16(0.634)    110.9/ 0.68(0.786)  -0.260    0  <-V2
jump_0424/90_0.75_90_2       1     90/0.75     64.8/ 0.12(0.933)     74.2/ 0.15(0.955)  -0.071    0  <-V2
jump_0602/60_1.5_60_1.5      2     60/1.50     56.4/ 1.11(0.992)     81.5/ 1.63(0.928)  -0.019   60  <-V1
jump_0424/60_0.75_60_2       1     60/0.75     51.6/ 0.21(0.970)     61.0/ 0.25(0.992)  -0.082    0  <-V2
jump_0424/150_2.2_500_4      1    150/2.20     72.8/ 0.50(0.636)    140.8/ 0.47(0.933)  -0.274    0  <-V2
jump_0424/60_1.5_60_1.5      1     60/1.50     53.8/ 0.57(0.924)     77.1/ 0.62(0.919)  -0.158    0  <-V1
jump_position_0421/P200_D1.5_P200_D4 2    200/4.00     51.7/ 1.05(0.507)    139.5/ 2.70(0.884)  +0.475   23  <-V2
jump_0602/90_0.75_90_2       1     90/0.75     74.7/ 0.08(0.966)     82.0/ 0.17(0.978)  -0.209    0  <-V2
jump_0424/60_0.75_60_2       2     60/2.00     62.2/ 1.17(0.820)     89.3/ 1.61(0.849)  -0.116   64  <-V2
jump_0424/150_2.2_500_4      2    500/4.00    236.1/ 0.57(0.257)    330.3/ 0.64(0.459)  +0.647   58  <-V2
jump_0424/60_1.5_60_1.5      2     60/1.50     60.1/ 0.92(0.938)     80.9/ 1.17(0.963)  -0.114   59  <-V2
jump_0424/90_0.75_90_2       2     90/2.00     90.3/ 0.79(0.899)    110.3/ 0.94(0.956)  +0.034   79  <-V2
jump_0602/90_0.75_90_2       2     90/2.00     86.5/ 1.38(0.949)    131.8/ 2.03(0.974)  -0.109   66  <-V2
jump_0424/60_0.75_60_2       1     60/0.75     51.6/ 0.21(0.970)     61.0/ 0.25(0.992)  -0.082    0  <-V2
jump_0424/60_1.5_60_1.5      1     60/1.50     53.8/ 0.57(0.924)     77.1/ 0.62(0.919)  -0.158    0  <-V1
jump_0602/60_0.75_60_2       1     60/0.75     54.0/ 0.22(0.952)     65.9/ 0.39(0.970)  -0.296    0  <-V2
jump_0424/90_0.75_90_2       1     90/0.75     64.8/ 0.12(0.933)     74.2/ 0.15(0.955)  -0.071    0  <-V2
jump_0424/120_2_120_2        1    120/2.00     84.0/ 0.47(0.751)    123.0/ 0.45(0.942)  -0.240    0  <-V2
jump_0602/120_2_120_2        1    120/2.00     94.5/ 0.34(0.789)    129.9/ 0.54(0.916)  -0.527    0  <-V2
jump_0424/60_0.75_60_2       2     60/2.00     62.2/ 1.17(0.820)     89.3/ 1.61(0.849)  -0.116   64  <-V2
jump_0424/60_1.5_60_1.5      2     60/1.50     60.1/ 0.92(0.938)     80.9/ 1.17(0.963)  -0.114   59  <-V2
jump_0424/90_0.75_90_2       2     90/2.00     90.3/ 0.79(0.899)    110.3/ 0.94(0.956)  +0.034   79  <-V2
jump_0602/60_0.75_60_2       2     60/2.00     58.0/ 1.52(0.941)     98.7/ 2.62(0.925)  -0.085   61  <-V1
jump_0424/120_2_120_2        2    120/2.00    107.4/ 0.58(0.847)    131.0/ 0.67(0.941)  +0.209   68  <-V2
jump_0602/120_2_120_2        2    120/2.00    116.6/ 1.14(0.953)    158.6/ 1.43(0.982)  -0.128   66  <-V2
jump_0424/60_1.5_60_1.5      1     60/1.50     53.8/ 0.57(0.924)     77.1/ 0.62(0.919)  -0.158    0  <-V1
jump_0424/90_0.75_90_2       1     90/0.75     64.8/ 0.12(0.933)     74.2/ 0.15(0.955)  -0.071    0  <-V2
jump_0424/120_2_120_2        1    120/2.00     84.0/ 0.47(0.751)    123.0/ 0.45(0.942)  -0.240    0  <-V2
jump_0424/120_2.2_150_2.5    1    120/2.20     83.2/ 0.51(0.685)    124.1/ 0.47(0.933)  -0.267    0  <-V2
jump_0602/60_1.5_60_1.5      1     60/1.50     53.8/ 0.79(0.959)     84.7/ 1.06(0.888)  -0.294    3  <-V1
jump_0602/150_2.2_250_3      1    150/2.20    108.1/ 0.45(0.735)    156.8/ 0.59(0.938)  -0.552    0  <-V2
jump_0424/60_1.5_60_1.5      2     60/1.50     60.1/ 0.92(0.938)     80.9/ 1.17(0.963)  -0.114   59  <-V2
jump_0424/90_0.75_90_2       2     90/2.00     90.3/ 0.79(0.899)    110.3/ 0.94(0.956)  +0.034   79  <-V2
jump_0424/120_2_120_2        2    120/2.00    107.4/ 0.58(0.847)    131.0/ 0.67(0.941)  +0.209   68  <-V2
jump_0424/120_2.2_150_2.5    2    150/2.50    123.7/ 0.61(0.772)    157.7/ 0.67(0.900)  +0.272   64  <-V2
jump_0602/60_1.5_60_1.5      2     60/1.50     56.4/ 1.11(0.992)     81.5/ 1.63(0.928)  -0.019   60  <-V1
jump_0424/90_0.75_90_2       1     90/0.75     64.8/ 0.12(0.933)     74.2/ 0.15(0.955)  -0.071    0  <-V2
jump_0602/150_2.2_250_3      2    250/3.00    233.7/ 0.06(0.949)    236.4/ 0.04(0.947)  +0.127   84  <-V1
jump_0424/120_2_120_2        1    120/2.00     84.0/ 0.47(0.751)    123.0/ 0.45(0.942)  -0.240    0  <-V2
jump_0424/120_2.2_200_2.8    1    120/2.20     74.2/ 0.52(0.692)    122.4/ 0.45(0.939)  -0.255    0  <-V2
jump_0602/90_0.75_90_2       1     90/0.75     74.7/ 0.08(0.966)     82.0/ 0.17(0.978)  -0.209    0  <-V2
jump_0424/120_2.2_150_2.5    1    120/2.20     83.2/ 0.51(0.685)    124.1/ 0.47(0.933)  -0.267    0  <-V2
jump_0424/90_0.75_90_2       2     90/2.00     90.3/ 0.79(0.899)    110.3/ 0.94(0.956)  +0.034   79  <-V2
jump_0424/120_2_120_2        2    120/2.00    107.4/ 0.58(0.847)    131.0/ 0.67(0.941)  +0.209   68  <-V2
jump_0602/150_2.2_500_5      1    150/2.20    111.1/ 0.43(0.727)    157.3/ 0.56(0.930)  -0.506    3  <-V2
jump_0424/120_2.2_200_2.8    2    200/2.80    149.4/ 0.59(0.505)    193.5/ 0.66(0.781)  +0.430   79  <-V2
jump_0602/90_0.75_90_2       2     90/2.00     86.5/ 1.38(0.949)    131.8/ 2.03(0.974)  -0.109   66  <-V2
jump_0424/120_2.2_150_2.5    2    150/2.50    123.7/ 0.61(0.772)    157.7/ 0.67(0.900)  +0.272   64  <-V2
jump_0424/120_2_120_2        1    120/2.00     84.0/ 0.47(0.751)    123.0/ 0.45(0.942)  -0.240    0  <-V2
jump_0424/120_2.2_150_2.5    1    120/2.20     83.2/ 0.51(0.685)    124.1/ 0.47(0.933)  -0.267    0  <-V2
jump_0602/150_2.2_500_5      2    500/5.00    177.8/-0.09(0.599)    166.6/-0.07(0.601)  +0.406   69  <-V2
jump_0602/120_2_120_2        1    120/2.00     94.5/ 0.34(0.789)    129.9/ 0.54(0.916)  -0.527    0  <-V2
jump_0424/150_2.2_250_3      1    150/2.20     76.4/ 0.53(0.596)    144.9/ 0.49(0.918)  -0.269    0  <-V2
jump_0424/120_2.2_200_2.8    1    120/2.20     74.2/ 0.52(0.692)    122.4/ 0.45(0.939)  -0.255    0  <-V2
jump_0424/120_2.2_150_2.5    2    150/2.50    123.7/ 0.61(0.772)    157.7/ 0.67(0.900)  +0.272   64  <-V2
jump_0424/120_2_120_2        2    120/2.00    107.4/ 0.58(0.847)    131.0/ 0.67(0.941)  +0.209   68  <-V2
jump_0424/150_2.2_250_3      2    250/3.00    163.9/ 0.55(0.556)    222.9/ 0.62(0.776)  +0.493   63  <-V2
jump_0602/120_2_120_2        2    120/2.00    116.6/ 1.14(0.953)    158.6/ 1.43(0.982)  -0.128   66  <-V2
jump_0424/120_2.2_200_2.8    2    200/2.80    149.4/ 0.59(0.505)    193.5/ 0.66(0.781)  +0.430   79  <-V2
jump_0424/120_2.2_200_2.8    1    120/2.20     74.2/ 0.52(0.692)    122.4/ 0.45(0.939)  -0.255    0  <-V2
jump_0424/120_2.2_150_2.5    1    120/2.20     83.2/ 0.51(0.685)    124.1/ 0.47(0.933)  -0.267    0  <-V2
jump_0424/150_2.2_350_3.5    1    150/2.20     67.8/ 0.56(0.582)    143.3/ 0.48(0.904)  -0.255    0  <-V2
jump_0424/150_2.2_250_3      1    150/2.20     76.4/ 0.53(0.596)    144.9/ 0.49(0.918)  -0.269    0  <-V2
jump_0424/120_2.2_200_2.8    2    200/2.80    149.4/ 0.59(0.505)    193.5/ 0.66(0.781)  +0.430   79  <-V2
jump_0602/150_2.2_250_3      1    150/2.20    108.1/ 0.45(0.735)    156.8/ 0.59(0.938)  -0.552    0  <-V2
jump_0424/120_2.2_150_2.5    2    150/2.50    123.7/ 0.61(0.772)    157.7/ 0.67(0.900)  +0.272   64  <-V2
jump_0424/150_2.2_350_3.5    2    350/3.50    197.6/ 0.56(0.402)    277.8/ 0.66(0.644)  +0.563   57  <-V2
jump_0424/150_2.2_250_3      2    250/3.00    163.9/ 0.55(0.556)    222.9/ 0.62(0.776)  +0.493   63  <-V2
jump_0602/150_2.2_250_3      2    250/3.00    233.7/ 0.06(0.949)    236.4/ 0.04(0.947)  +0.127   84  <-V1
jump_0424/150_2.2_250_3      1    150/2.20     76.4/ 0.53(0.596)    144.9/ 0.49(0.918)  -0.269    0  <-V2
jump_0424/120_2.2_200_2.8    1    120/2.20     74.2/ 0.52(0.692)    122.4/ 0.45(0.939)  -0.255    0  <-V2
jump_0424/150_2.2_350_3.5    1    150/2.20     67.8/ 0.56(0.582)    143.3/ 0.48(0.904)  -0.255    0  <-V2
jump_0602/150_2.2_500_5      1    150/2.20    111.1/ 0.43(0.727)    157.3/ 0.56(0.930)  -0.506    3  <-V2
jump_0424/150_2.2_500_4      1    150/2.20     72.8/ 0.50(0.636)    140.8/ 0.47(0.933)  -0.274    0  <-V2
jump_0424/150_2.2_250_3      2    250/3.00    163.9/ 0.55(0.556)    222.9/ 0.62(0.776)  +0.493   63  <-V2
jump_0424/120_2.2_200_2.8    2    200/2.80    149.4/ 0.59(0.505)    193.5/ 0.66(0.781)  +0.430   79  <-V2
jump_0602/150_2.2_500_5      2    500/5.00    177.8/-0.09(0.599)    166.6/-0.07(0.601)  +0.406   69  <-V2
jump_0424/150_2.2_350_3.5    2    350/3.50    197.6/ 0.56(0.402)    277.8/ 0.66(0.644)  +0.563   57  <-V2
jump_0424/150_2.2_500_4      2    500/4.00    236.1/ 0.57(0.257)    330.3/ 0.64(0.459)  +0.647   58  <-V2
jump_0424/150_2.2_350_3.5    1    150/2.20     67.8/ 0.56(0.582)    143.3/ 0.48(0.904)  -0.255    0  <-V2
jump_0424/150_2.2_250_3      1    150/2.20     76.4/ 0.53(0.596)    144.9/ 0.49(0.918)  -0.269    0  <-V2
jump_0602/60_0.75_60_2       1     60/0.75     54.0/ 0.22(0.952)     65.9/ 0.39(0.970)  -0.296    0  <-V2
jump_0424/150_2.2_500_4      1    150/2.20     72.8/ 0.50(0.636)    140.8/ 0.47(0.933)  -0.274    0  <-V2
jump_0424/150_2.2_350_3.5    2    350/3.50    197.6/ 0.56(0.402)    277.8/ 0.66(0.644)  +0.563   57  <-V2
jump_0424/150_2.2_250_3      2    250/3.00    163.9/ 0.55(0.556)    222.9/ 0.62(0.776)  +0.493   63  <-V2
jump_0602/60_0.75_60_2       2     60/2.00     58.0/ 1.52(0.941)     98.7/ 2.62(0.925)  -0.085   61  <-V1
jump_0424/150_2.2_500_4      2    500/4.00    236.1/ 0.57(0.257)    330.3/ 0.64(0.459)  +0.647   58  <-V2
jump_0424/150_2.2_500_4      1    150/2.20     72.8/ 0.50(0.636)    140.8/ 0.47(0.933)  -0.274    0  <-V2
jump_0424/150_2.2_350_3.5    1    150/2.20     67.8/ 0.56(0.582)    143.3/ 0.48(0.904)  -0.255    0  <-V2
jump_0602/60_1.5_60_1.5      1     60/1.50     53.8/ 0.79(0.959)     84.7/ 1.06(0.888)  -0.294    3  <-V1
jump_0602/60_0.75_60_2       1     60/0.75     54.0/ 0.22(0.952)     65.9/ 0.39(0.970)  -0.296    0  <-V2
jump_0424/150_2.2_350_3.5    2    350/3.50    197.6/ 0.56(0.402)    277.8/ 0.66(0.644)  +0.563   57  <-V2
jump_0424/150_2.2_500_4      2    500/4.00    236.1/ 0.57(0.257)    330.3/ 0.64(0.459)  +0.647   58  <-V2
jump_0602/60_1.5_60_1.5      2     60/1.50     56.4/ 1.11(0.992)     81.5/ 1.63(0.928)  -0.019   60  <-V1
jump_0424/150_2.2_500_4      1    150/2.20     72.8/ 0.50(0.636)    140.8/ 0.47(0.933)  -0.274    0  <-V2
jump_0602/60_0.75_60_2       2     60/2.00     58.0/ 1.52(0.941)     98.7/ 2.62(0.925)  -0.085   61  <-V1
jump_0602/60_0.75_60_2       1     60/0.75     54.0/ 0.22(0.952)     65.9/ 0.39(0.970)  -0.296    0  <-V2
jump_0602/90_0.75_90_2       1     90/0.75     74.7/ 0.08(0.966)     82.0/ 0.17(0.978)  -0.209    0  <-V2
jump_0424/150_2.2_500_4      2    500/4.00    236.1/ 0.57(0.257)    330.3/ 0.64(0.459)  +0.647   58  <-V2
jump_0602/60_1.5_60_1.5      1     60/1.50     53.8/ 0.79(0.959)     84.7/ 1.06(0.888)  -0.294    3  <-V1
jump_0602/60_0.75_60_2       2     60/2.00     58.0/ 1.52(0.941)     98.7/ 2.62(0.925)  -0.085   61  <-V1
jump_0602/90_0.75_90_2       2     90/2.00     86.5/ 1.38(0.949)    131.8/ 2.03(0.974)  -0.109   66  <-V2
jump_0602/60_0.75_60_2       1     60/0.75     54.0/ 0.22(0.952)     65.9/ 0.39(0.970)  -0.296    0  <-V2
jump_0602/60_1.5_60_1.5      2     60/1.50     56.4/ 1.11(0.992)     81.5/ 1.63(0.928)  -0.019   60  <-V1
jump_0602/60_1.5_60_1.5      1     60/1.50     53.8/ 0.79(0.959)     84.7/ 1.06(0.888)  -0.294    3  <-V1
jump_0602/120_2_120_2        1    120/2.00     94.5/ 0.34(0.789)    129.9/ 0.54(0.916)  -0.527    0  <-V2
jump_0602/60_0.75_60_2       2     60/2.00     58.0/ 1.52(0.941)     98.7/ 2.62(0.925)  -0.085   61  <-V1
jump_0602/90_0.75_90_2       1     90/0.75     74.7/ 0.08(0.966)     82.0/ 0.17(0.978)  -0.209    0  <-V2
jump_0602/60_1.5_60_1.5      2     60/1.50     56.4/ 1.11(0.992)     81.5/ 1.63(0.928)  -0.019   60  <-V1
jump_0602/120_2_120_2        2    120/2.00    116.6/ 1.14(0.953)    158.6/ 1.43(0.982)  -0.128   66  <-V2
jump_0602/60_1.5_60_1.5      1     60/1.50     53.8/ 0.79(0.959)     84.7/ 1.06(0.888)  -0.294    3  <-V1
jump_0602/90_0.75_90_2       1     90/0.75     74.7/ 0.08(0.966)     82.0/ 0.17(0.978)  -0.209    0  <-V2
jump_0602/90_0.75_90_2       2     90/2.00     86.5/ 1.38(0.949)    131.8/ 2.03(0.974)  -0.109   66  <-V2
jump_0602/150_2.2_250_3      1    150/2.20    108.1/ 0.45(0.735)    156.8/ 0.59(0.938)  -0.552    0  <-V2
jump_0602/60_1.5_60_1.5      2     60/1.50     56.4/ 1.11(0.992)     81.5/ 1.63(0.928)  -0.019   60  <-V1
jump_0602/90_0.75_90_2       2     90/2.00     86.5/ 1.38(0.949)    131.8/ 2.03(0.974)  -0.109   66  <-V2
jump_0602/120_2_120_2        1    120/2.00     94.5/ 0.34(0.789)    129.9/ 0.54(0.916)  -0.527    0  <-V2
jump_0602/150_2.2_250_3      2    250/3.00    233.7/ 0.06(0.949)    236.4/ 0.04(0.947)  +0.127   84  <-V1
jump_0602/90_0.75_90_2       1     90/0.75     74.7/ 0.08(0.966)     82.0/ 0.17(0.978)  -0.209    0  <-V2
jump_0602/120_2_120_2        1    120/2.00     94.5/ 0.34(0.789)    129.9/ 0.54(0.916)  -0.527    0  <-V2
jump_0602/120_2_120_2        2    120/2.00    116.6/ 1.14(0.953)    158.6/ 1.43(0.982)  -0.128   66  <-V2
jump_0602/150_2.2_500_5      1    150/2.20    111.1/ 0.43(0.727)    157.3/ 0.56(0.930)  -0.506    3  <-V2
jump_0602/90_0.75_90_2       2     90/2.00     86.5/ 1.38(0.949)    131.8/ 2.03(0.974)  -0.109   66  <-V2
jump_0602/120_2_120_2        2    120/2.00    116.6/ 1.14(0.953)    158.6/ 1.43(0.982)  -0.128   66  <-V2
jump_0602/150_2.2_250_3      1    150/2.20    108.1/ 0.45(0.735)    156.8/ 0.59(0.938)  -0.552    0  <-V2
jump_0602/150_2.2_500_5      2    500/5.00    177.8/-0.09(0.599)    166.6/-0.07(0.601)  +0.406   69  <-V2
jump_0602/120_2_120_2        1    120/2.00     94.5/ 0.34(0.789)    129.9/ 0.54(0.916)  -0.527    0  <-V2
jump_0602/150_2.2_250_3      1    150/2.20    108.1/ 0.45(0.735)    156.8/ 0.59(0.938)  -0.552    0  <-V2
jump_0602/150_2.2_250_3      2    250/3.00    233.7/ 0.06(0.949)    236.4/ 0.04(0.947)  +0.127   84  <-V1
jump_0602/120_2_120_2        2    120/2.00    116.6/ 1.14(0.953)    158.6/ 1.43(0.982)  -0.128   66  <-V2
jump_0602/150_2.2_250_3      2    250/3.00    233.7/ 0.06(0.949)    236.4/ 0.04(0.947)  +0.127   84  <-V1
jump_0602/150_2.2_500_5      1    150/2.20    111.1/ 0.43(0.727)    157.3/ 0.56(0.930)  -0.506    3  <-V2
jump_0602/150_2.2_250_3      1    150/2.20    108.1/ 0.45(0.735)    156.8/ 0.59(0.938)  -0.552    0  <-V2
jump_0602/150_2.2_500_5      1    150/2.20    111.1/ 0.43(0.727)    157.3/ 0.56(0.930)  -0.506    3  <-V2
jump_0602/150_2.2_500_5      2    500/5.00    177.8/-0.09(0.599)    166.6/-0.07(0.601)  +0.406   69  <-V2
jump_0602/150_2.2_250_3      2    250/3.00    233.7/ 0.06(0.949)    236.4/ 0.04(0.947)  +0.127   84  <-V1
jump_0602/150_2.2_500_5      2    500/5.00    177.8/-0.09(0.599)    166.6/-0.07(0.601)  +0.406   69  <-V2
jump_0602/150_2.2_500_5      1    150/2.20    111.1/ 0.43(0.727)    157.3/ 0.56(0.930)  -0.506    3  <-V2
Traceback (most recent call last):
  File "<string>", line 1, in <module>
  File "C:\Program Files\WindowsApps\PythonSoftwareFoundation.Python.3.11_3.11.2544.0_x64__qbz5n2kfra8p0\Lib\multiprocessing\spawn.py", line 122, in spawn_main
    exitcode = _main(fd, parent_sentinel)
               ^^^^^^^^^^^^^^^^^^^^^^^^^^
  File "C:\Program Files\WindowsApps\PythonSoftwareFoundation.Python.3.11_3.11.2544.0_x64__qbz5n2kfra8p0\Lib\multiprocessing\spawn.py", line 131, in _main
    prepare(preparation_data)
  File "C:\Program Files\WindowsApps\PythonSoftwareFoundation.Python.3.11_3.11.2544.0_x64__qbz5n2kfra8p0\Lib\multiprocessing\spawn.py", line 246, in prepare
    _fixup_main_from_path(data['init_main_from_path'])
  File "C:\Program Files\WindowsApps\PythonSoftwareFoundation.Python.3.11_3.11.2544.0_x64__qbz5n2kfra8p0\Lib\multiprocessing\spawn.py", line 297, in _fixup_main_from_path
    main_content = runpy.run_path(main_path,
                   ^^^^^^^^^^^^^^^^^^^^^^^^^
  File "<frozen runpy>", line 291, in run_path
  File "<frozen runpy>", line 98, in _run_module_code
  File "<frozen runpy>", line 88, in _run_code
  File "C:\Users\junho\Documents\jump-opt-digital-twin\code\goal22\p18_cvt\cvt_results_v2.py", line 16, in <module>
    import p14_judge as J
  File "C:\Users\junho\Documents\jump-opt-digital-twin\code\goal22\p14_ahat\p14_judge.py", line 24, in <module>
    from g22_p13_phases import phases
  File "C:\Users\junho\Documents\jump-opt-digital-twin\code\goal22\g22_p13_phases.py", line 26, in <module>
    PDLAW = json.load(open(Path(__file__).parent / "p10_pdlaw.json"))
            ^^^^^^^^^^^^^^^^^^^^^^^^^^^^^^^^^^^^^^^^^^^^^^^^^^^^^^^^^
  File "C:\Program Files\WindowsApps\PythonSoftwareFoundation.Python.3.11_3.11.2544.0_x64__qbz5n2kfra8p0\Lib\json\__init__.py", line 293, in load
    return loads(fp.read(),
           ^^^^^^^^^^^^^^^^
  File "C:\Program Files\WindowsApps\PythonSoftwareFoundation.Python.3.11_3.11.2544.0_x64__qbz5n2kfra8p0\Lib\json\__init__.py", line 346, in loads
    return _default_decoder.decode(s)
           ^^^^^^^^^^^^^^^^^^^^^^^^^^
  File "C:\Program Files\WindowsApps\PythonSoftwareFoundation.Python.3.11_3.11.2544.0_x64__qbz5n2kfra8p0\Lib\json\decoder.py", line 337, in decode
    obj, end = self.raw_decode(s, idx=_w(s, 0).end())
               ^^^^^^^^^^^^^^^^^^^^^^^^^^^^^^^^^^^^^^
  File "C:\Program Files\WindowsApps\PythonSoftwareFoundation.Python.3.11_3.11.2544.0_x64__qbz5n2kfra8p0\Lib\json\decoder.py", line 355, in raw_decode
    raise JSONDecodeError("Expecting value", s, err.value) from None
json.decoder.JSONDecodeError: Expecting value: line 1 column 1 (char 0)
saved p10_pdlaw.json
jump_0602/150_2.2_500_5      2    500/5.00    177.8/-0.09(0.599)    166.6/-0.07(0.601)  +0.406   69  <-V2
Traceback (most recent call last):
  File "<string>", line 1, in <module>
  File "C:\Program Files\WindowsApps\PythonSoftwareFoundation.Python.3.11_3.11.2544.0_x64__qbz5n2kfra8p0\Lib\multiprocessing\spawn.py", line 122, in spawn_main
    exitcode = _main(fd, parent_sentinel)
               ^^^^^^^^^^^^^^^^^^^^^^^^^^
  File "C:\Program Files\WindowsApps\PythonSoftwareFoundation.Python.3.11_3.11.2544.0_x64__qbz5n2kfra8p0\Lib\multiprocessing\spawn.py", line 131, in _main
    prepare(preparation_data)
  File "C:\Program Files\WindowsApps\PythonSoftwareFoundation.Python.3.11_3.11.2544.0_x64__qbz5n2kfra8p0\Lib\multiprocessing\spawn.py", line 246, in prepare
    _fixup_main_from_path(data['init_main_from_path'])
  File "C:\Program Files\WindowsApps\PythonSoftwareFoundation.Python.3.11_3.11.2544.0_x64__qbz5n2kfra8p0\Lib\multiprocessing\spawn.py", line 297, in _fixup_main_from_path
    main_content = runpy.run_path(main_path,
                   ^^^^^^^^^^^^^^^^^^^^^^^^^
  File "<frozen runpy>", line 291, in run_path
  File "<frozen runpy>", line 98, in _run_module_code
  File "<frozen runpy>", line 88, in _run_code
  File "C:\Users\junho\Documents\jump-opt-digital-twin\code\goal22\p18_cvt\cvt_results_v2.py", line 16, in <module>
    import p14_judge as J
  File "C:\Users\junho\Documents\jump-opt-digital-twin\code\goal22\p14_ahat\p14_judge.py", line 24, in <module>
    from g22_p13_phases import phases
  File "C:\Users\junho\Documents\jump-opt-digital-twin\code\goal22\g22_p13_phases.py", line 26, in <module>
    PDLAW = json.load(open(Path(__file__).parent / "p10_pdlaw.json"))
            ^^^^^^^^^^^^^^^^^^^^^^^^^^^^^^^^^^^^^^^^^^^^^^^^^^^^^^^^^
  File "C:\Program Files\WindowsApps\PythonSoftwareFoundation.Python.3.11_3.11.2544.0_x64__qbz5n2kfra8p0\Lib\json\__init__.py", line 293, in load
    return loads(fp.read(),
           ^^^^^^^^^^^^^^^^
  File "C:\Program Files\WindowsApps\PythonSoftwareFoundation.Python.3.11_3.11.2544.0_x64__qbz5n2kfra8p0\Lib\json\__init__.py", line 346, in loads
    return _default_decoder.decode(s)
           ^^^^^^^^^^^^^^^^^^^^^^^^^^
  File "C:\Program Files\WindowsApps\PythonSoftwareFoundation.Python.3.11_3.11.2544.0_x64__qbz5n2kfra8p0\Lib\json\decoder.py", line 337, in decode
    obj, end = self.raw_decode(s, idx=_w(s, 0).end())
               ^^^^^^^^^^^^^^^^^^^^^^^^^^^^^^^^^^^^^^
  File "C:\Program Files\WindowsApps\PythonSoftwareFoundation.Python.3.11_3.11.2544.0_x64__qbz5n2kfra8p0\Lib\json\decoder.py", line 355, in raw_decode
    raise JSONDecodeError("Expecting value", s, err.value) from None
json.decoder.JSONDecodeError: Expecting value: line 1 column 1 (char 0)
saved p10_pdlaw.json
saved p10_pdlaw.json
warm-start from previous mshoot best
warm-start from previous fourbar best
saved p10_pdlaw.json
warm-start from previous mshoot best
warm-start from previous fourbar best
saved p10_pdlaw.json
warm-start from previous mshoot best
warm-start from previous fourbar best
saved p10_pdlaw.json
warm-start from previous mshoot best
warm-start from previous fourbar best
trial                        jt      label              V1 kp/kd(R2)              V2 kp/kd(R2)  cff  sat
jump_0324/P40_D0.7           1     40/0.70     90.3/-1.01(0.321)     54.5/-0.87(0.931)  +0.880    0  <-V2
trial                        jt      label              V1 kp/kd(R2)              V2 kp/kd(R2)  cff  sat
jump_0324/P40_D0.7           1     40/0.70     90.3/-1.01(0.321)     54.5/-0.87(0.931)  +0.880    0  <-V2
jump_0324/P40_D0.7           2     40/0.70     62.4/-0.11(-0.069)     62.2/ 0.00(-0.098)  +1.009   24  <-V1
jump_0324/P40_D0.7           2     40/0.70     62.4/-0.11(-0.069)     62.2/ 0.00(-0.098)  +1.009   24  <-V1
jump_0324/P60_D1.5           1     60/1.50     26.2/-0.41(-0.205)     53.5/-0.80(0.885)  +0.819    0  <-V2
jump_0324/P60_D1.5           1     60/1.50     26.2/-0.41(-0.205)     53.5/-0.80(0.885)  +0.819    0  <-V2
jump_0324/P60_D1.5           2     60/1.50    106.3/-0.58(-0.269)     86.6/-0.42(-0.291)  +1.171   11  <-V1
jump_0324/P60_D1.5           2     60/1.50    106.3/-0.58(-0.269)     86.6/-0.42(-0.291)  +1.171   11  <-V1
jump_0324/P100_D3            1    100/3.00     49.8/-0.51(0.494)     65.7/-0.61(0.892)  +0.585    0  <-V2
jump_0324/P100_D3            1    100/3.00     49.8/-0.51(0.494)     65.7/-0.61(0.892)  +0.585    0  <-V2
jump_0324/P100_D3            2    100/3.00    121.3/-0.89(-1.097)     89.7/-0.72(-0.431)  +1.335   19  <-V2
jump_0324/P100_D3            2    100/3.00    121.3/-0.89(-1.097)     89.7/-0.72(-0.431)  +1.335   19  <-V2
jump_position_0421/P60_D0.75_P60_D2 1     60/0.75     39.7/ 0.09(0.968)     45.3/ 0.27(0.982)  -0.086    0  <-V2
jump_position_0421/P60_D0.75_P60_D2 1     60/0.75     39.7/ 0.09(0.968)     45.3/ 0.27(0.982)  -0.086    0  <-V2
jump_position_0421/P60_D0.75_P60_D2 2     60/2.00     37.1/ 1.06(0.940)     54.1/ 1.59(0.992)  +0.015   60  <-V2
jump_position_0421/P60_D0.75_P60_D2 2     60/2.00     37.1/ 1.06(0.940)     54.1/ 1.59(0.992)  +0.015   60  <-V2
jump_position_0421/P70_D0.75_P70_D2 1     70/0.75     44.5/ 0.09(0.954)     51.4/ 0.28(0.975)  -0.087    0  <-V2
jump_position_0421/P70_D0.75_P70_D2 1     70/0.75     44.5/ 0.09(0.954)     51.4/ 0.28(0.975)  -0.087    0  <-V2
jump_position_0421/P70_D0.75_P70_D2 2     70/2.00     41.2/ 1.00(0.944)     61.3/ 1.52(0.989)  +0.023   52  <-V2
jump_position_0421/P70_D0.75_P70_D2 2     70/2.00     41.2/ 1.00(0.944)     61.3/ 1.52(0.989)  +0.023   52  <-V2
jump_position_0421/P80_D0.75_P80_D2 1     80/0.75     48.5/ 0.07(0.967)     54.8/ 0.22(0.979)  -0.076    0  <-V2
jump_position_0421/P80_D0.75_P80_D2 1     80/0.75     48.5/ 0.07(0.967)     54.8/ 0.22(0.979)  -0.076    0  <-V2
jump_position_0421/P80_D0.75_P80_D2 2     80/2.00     52.3/ 1.12(0.955)     71.4/ 1.53(0.988)  -0.004   66  <-V2
jump_position_0421/P80_D0.75_P80_D2 2     80/2.00     52.3/ 1.12(0.955)     71.4/ 1.53(0.988)  -0.004   66  <-V2
jump_position_0421/P90_D0.75_P90_D2 1     90/0.75     51.5/ 0.09(0.940)     60.0/ 0.25(0.963)  -0.078    0  <-V2
jump_position_0421/P90_D0.75_P90_D2 1     90/0.75     51.5/ 0.09(0.940)     60.0/ 0.25(0.963)  -0.078    0  <-V2
jump_position_0421/P90_D0.75_P90_D2 2     90/2.00     57.1/ 1.07(0.952)     79.1/ 1.47(0.989)  -0.002   63  <-V2
jump_position_0421/P90_D0.75_P90_D2 2     90/2.00     57.1/ 1.07(0.952)     79.1/ 1.47(0.989)  -0.002   63  <-V2
jump_position_0421/P100_D0.75_P100_D2 1    100/0.75     57.4/ 0.09(0.920)     67.1/ 0.26(0.946)  -0.095    0  <-V2
jump_position_0421/P100_D0.75_P100_D2 1    100/0.75     57.4/ 0.09(0.920)     67.1/ 0.26(0.946)  -0.095    0  <-V2
jump_position_0421/P100_D0.75_P100_D2 2    100/2.00     62.9/ 1.04(0.955)     85.9/ 1.39(0.987)  +0.015   62  <-V2
jump_position_0421/P100_D0.75_P100_D2 2    100/2.00     62.9/ 1.04(0.955)     85.9/ 1.39(0.987)  +0.015   62  <-V2
jump_position_0421/P200_D1.5_P200_D4 1    200/1.50     71.1/ 0.16(0.634)    110.9/ 0.68(0.786)  -0.260    0  <-V2
jump_position_0421/P200_D1.5_P200_D4 1    200/1.50     71.1/ 0.16(0.634)    110.9/ 0.68(0.786)  -0.260    0  <-V2
jump_position_0421/P200_D1.5_P200_D4 2    200/4.00     51.7/ 1.05(0.507)    139.5/ 2.70(0.884)  +0.475   23  <-V2
jump_position_0421/P200_D1.5_P200_D4 2    200/4.00     51.7/ 1.05(0.507)    139.5/ 2.70(0.884)  +0.475   23  <-V2
jump_0424/60_0.75_60_2       1     60/0.75     51.6/ 0.21(0.970)     61.0/ 0.25(0.992)  -0.082    0  <-V2
jump_0424/60_0.75_60_2       1     60/0.75     51.6/ 0.21(0.970)     61.0/ 0.25(0.992)  -0.082    0  <-V2
jump_0424/60_0.75_60_2       2     60/2.00     62.2/ 1.17(0.820)     89.3/ 1.61(0.849)  -0.116   64  <-V2
jump_0424/60_0.75_60_2       2     60/2.00     62.2/ 1.17(0.820)     89.3/ 1.61(0.849)  -0.116   64  <-V2
jump_0424/60_1.5_60_1.5      1     60/1.50     53.8/ 0.57(0.924)     77.1/ 0.62(0.919)  -0.158    0  <-V1
jump_0424/60_1.5_60_1.5      1     60/1.50     53.8/ 0.57(0.924)     77.1/ 0.62(0.919)  -0.158    0  <-V1
jump_0424/60_1.5_60_1.5      2     60/1.50     60.1/ 0.92(0.938)     80.9/ 1.17(0.963)  -0.114   59  <-V2
jump_0424/60_1.5_60_1.5      2     60/1.50     60.1/ 0.92(0.938)     80.9/ 1.17(0.963)  -0.114   59  <-V2
jump_0424/90_0.75_90_2       1     90/0.75     64.8/ 0.12(0.933)     74.2/ 0.15(0.955)  -0.071    0  <-V2
jump_0424/90_0.75_90_2       1     90/0.75     64.8/ 0.12(0.933)     74.2/ 0.15(0.955)  -0.071    0  <-V2
jump_0424/90_0.75_90_2       2     90/2.00     90.3/ 0.79(0.899)    110.3/ 0.94(0.956)  +0.034   79  <-V2
jump_0424/90_0.75_90_2       2     90/2.00     90.3/ 0.79(0.899)    110.3/ 0.94(0.956)  +0.034   79  <-V2
jump_0424/120_2_120_2        1    120/2.00     84.0/ 0.47(0.751)    123.0/ 0.45(0.942)  -0.240    0  <-V2
jump_0424/120_2_120_2        1    120/2.00     84.0/ 0.47(0.751)    123.0/ 0.45(0.942)  -0.240    0  <-V2
jump_0424/120_2_120_2        2    120/2.00    107.4/ 0.58(0.847)    131.0/ 0.67(0.941)  +0.209   68  <-V2
jump_0424/120_2_120_2        2    120/2.00    107.4/ 0.58(0.847)    131.0/ 0.67(0.941)  +0.209   68  <-V2
jump_0424/120_2.2_150_2.5    1    120/2.20     83.2/ 0.51(0.685)    124.1/ 0.47(0.933)  -0.267    0  <-V2
jump_0424/120_2.2_150_2.5    1    120/2.20     83.2/ 0.51(0.685)    124.1/ 0.47(0.933)  -0.267    0  <-V2
jump_0424/120_2.2_150_2.5    2    150/2.50    123.7/ 0.61(0.772)    157.7/ 0.67(0.900)  +0.272   64  <-V2
jump_0424/120_2.2_150_2.5    2    150/2.50    123.7/ 0.61(0.772)    157.7/ 0.67(0.900)  +0.272   64  <-V2
jump_0424/120_2.2_200_2.8    1    120/2.20     74.2/ 0.52(0.692)    122.4/ 0.45(0.939)  -0.255    0  <-V2
jump_0424/120_2.2_200_2.8    1    120/2.20     74.2/ 0.52(0.692)    122.4/ 0.45(0.939)  -0.255    0  <-V2
jump_0424/120_2.2_200_2.8    2    200/2.80    149.4/ 0.59(0.505)    193.5/ 0.66(0.781)  +0.430   79  <-V2
jump_0424/120_2.2_200_2.8    2    200/2.80    149.4/ 0.59(0.505)    193.5/ 0.66(0.781)  +0.430   79  <-V2
jump_0424/150_2.2_250_3      1    150/2.20     76.4/ 0.53(0.596)    144.9/ 0.49(0.918)  -0.269    0  <-V2
jump_0424/150_2.2_250_3      1    150/2.20     76.4/ 0.53(0.596)    144.9/ 0.49(0.918)  -0.269    0  <-V2
jump_0424/150_2.2_250_3      2    250/3.00    163.9/ 0.55(0.556)    222.9/ 0.62(0.776)  +0.493   63  <-V2
jump_0424/150_2.2_250_3      2    250/3.00    163.9/ 0.55(0.556)    222.9/ 0.62(0.776)  +0.493   63  <-V2
jump_0424/150_2.2_350_3.5    1    150/2.20     67.8/ 0.56(0.582)    143.3/ 0.48(0.904)  -0.255    0  <-V2
jump_0424/150_2.2_350_3.5    1    150/2.20     67.8/ 0.56(0.582)    143.3/ 0.48(0.904)  -0.255    0  <-V2
jump_0424/150_2.2_350_3.5    2    350/3.50    197.6/ 0.56(0.402)    277.8/ 0.66(0.644)  +0.563   57  <-V2
jump_0424/150_2.2_350_3.5    2    350/3.50    197.6/ 0.56(0.402)    277.8/ 0.66(0.644)  +0.563   57  <-V2
jump_0424/150_2.2_500_4      1    150/2.20     72.8/ 0.50(0.636)    140.8/ 0.47(0.933)  -0.274    0  <-V2
jump_0424/150_2.2_500_4      1    150/2.20     72.8/ 0.50(0.636)    140.8/ 0.47(0.933)  -0.274    0  <-V2
jump_0424/150_2.2_500_4      2    500/4.00    236.1/ 0.57(0.257)    330.3/ 0.64(0.459)  +0.647   58  <-V2
jump_0424/150_2.2_500_4      2    500/4.00    236.1/ 0.57(0.257)    330.3/ 0.64(0.459)  +0.647   58  <-V2
jump_0602/60_0.75_60_2       1     60/0.75     54.0/ 0.22(0.952)     65.9/ 0.39(0.970)  -0.296    0  <-V2
jump_0602/60_0.75_60_2       1     60/0.75     54.0/ 0.22(0.952)     65.9/ 0.39(0.970)  -0.296    0  <-V2
jump_0602/60_0.75_60_2       2     60/2.00     58.0/ 1.52(0.941)     98.7/ 2.62(0.925)  -0.085   61  <-V1
jump_0602/60_0.75_60_2       2     60/2.00     58.0/ 1.52(0.941)     98.7/ 2.62(0.925)  -0.085   61  <-V1
jump_0602/60_1.5_60_1.5      1     60/1.50     53.8/ 0.79(0.959)     84.7/ 1.06(0.888)  -0.294    3  <-V1
jump_0602/60_1.5_60_1.5      1     60/1.50     53.8/ 0.79(0.959)     84.7/ 1.06(0.888)  -0.294    3  <-V1
jump_0602/60_1.5_60_1.5      2     60/1.50     56.4/ 1.11(0.992)     81.5/ 1.63(0.928)  -0.019   60  <-V1
jump_0602/60_1.5_60_1.5      2     60/1.50     56.4/ 1.11(0.992)     81.5/ 1.63(0.928)  -0.019   60  <-V1
jump_0602/90_0.75_90_2       1     90/0.75     74.7/ 0.08(0.966)     82.0/ 0.17(0.978)  -0.209    0  <-V2
jump_0602/90_0.75_90_2       1     90/0.75     74.7/ 0.08(0.966)     82.0/ 0.17(0.978)  -0.209    0  <-V2
jump_0602/90_0.75_90_2       2     90/2.00     86.5/ 1.38(0.949)    131.8/ 2.03(0.974)  -0.109   66  <-V2
jump_0602/90_0.75_90_2       2     90/2.00     86.5/ 1.38(0.949)    131.8/ 2.03(0.974)  -0.109   66  <-V2
jump_0602/120_2_120_2        1    120/2.00     94.5/ 0.34(0.789)    129.9/ 0.54(0.916)  -0.527    0  <-V2
jump_0602/120_2_120_2        1    120/2.00     94.5/ 0.34(0.789)    129.9/ 0.54(0.916)  -0.527    0  <-V2
jump_0602/120_2_120_2        2    120/2.00    116.6/ 1.14(0.953)    158.6/ 1.43(0.982)  -0.128   66  <-V2
jump_0602/120_2_120_2        2    120/2.00    116.6/ 1.14(0.953)    158.6/ 1.43(0.982)  -0.128   66  <-V2
jump_0602/150_2.2_250_3      1    150/2.20    108.1/ 0.45(0.735)    156.8/ 0.59(0.938)  -0.552    0  <-V2
jump_0602/150_2.2_250_3      1    150/2.20    108.1/ 0.45(0.735)    156.8/ 0.59(0.938)  -0.552    0  <-V2
jump_0602/150_2.2_250_3      2    250/3.00    233.7/ 0.06(0.949)    236.4/ 0.04(0.947)  +0.127   84  <-V1
jump_0602/150_2.2_250_3      2    250/3.00    233.7/ 0.06(0.949)    236.4/ 0.04(0.947)  +0.127   84  <-V1
jump_0602/150_2.2_500_5      1    150/2.20    111.1/ 0.43(0.727)    157.3/ 0.56(0.930)  -0.506    3  <-V2
jump_0602/150_2.2_500_5      1    150/2.20    111.1/ 0.43(0.727)    157.3/ 0.56(0.930)  -0.506    3  <-V2
jump_0602/150_2.2_500_5      2    500/5.00    177.8/-0.09(0.599)    166.6/-0.07(0.601)  +0.406   69  <-V2
jump_0602/150_2.2_500_5      2    500/5.00    177.8/-0.09(0.599)    166.6/-0.07(0.601)  +0.406   69  <-V2
saved p10_pdlaw.json
60_0.75_60_2        /A  q2 0.070 dq2 2.19 h 0.975/0.960
60_0.75_60_2        /CL q2 0.263 dq2 4.15 h 0.960/0.960
60_1.5_60_1.5       /A  q2 0.052 dq2 2.69 h 0.970/0.990
60_1.5_60_1.5       /CL q2 0.250 dq2 4.25 h 0.982/0.990
90_0.75_90_2        /A  q2 0.102 dq2 2.63 h 1.040/1.000
90_0.75_90_2        /CL q2 0.177 dq2 3.29 h 1.090/1.000
90_1.5_90_2.5       /A  q2 0.117 dq2 2.80 h 1.042/1.000
90_1.5_90_2.5       /CL q2 0.228 dq2 4.32 h 1.043/1.000
saved p10_pdlaw.json
warm-start from previous mshoot best
warm-start from previous fourbar best
saved p10_pdlaw.json
warm-start from previous mshoot best
warm-start from previous fourbar best
120_2_120_2         /A  q2 0.078 dq2 2.50 h 1.044/1.000
120_2.2_150_2.5     /A  q2 0.084 dq2 2.79 h 1.037/0.990
120_2_120_2         /CL q2 0.160 dq2 3.20 h 1.128/1.000
120_2.2_200_2.8     /A  q2 0.076 dq2 2.79 h 1.021/0.960
120_2.2_150_2.5     /CL q2 0.173 dq2 3.39 h 1.126/0.990
120_2.2_200_2.8     /CL q2 0.157 dq2 3.11 h 1.122/0.960
150_2.2_250_3       /A  q2 0.135 dq2 4.45 h 1.033/0.970
150_2.2_250_3       /CL q2 0.100 dq2 2.41 h 1.135/0.970
150_2.2_350_3.5     /A  q2 0.165 dq2 5.57 h 1.029/0.950
150_2.2_500_4       /A  q2 0.098 dq2 4.02 h 1.031/0.930
150_2.2_350_3.5     /CL q2 0.080 dq2 2.44 h 1.030/0.950
WARNING: Nan, Inf or huge value in QACC at DOF 2. The simulation is unstable. Time = 0.5720.

[A 평균] score 75.8 q2 0.098 dq2 3.24 h 1.022/0.975
[CL 평균] score 112.3 q2 0.176 dq2 3.40 h 1.068/0.980
saved cvt_results_v2.json
