{
  "jump_0424": {
    "heldout_mean": 483.70892464543743,
    "alldata_mean": 403.46153971080207,
    "ratio": 1.1988972356377663
  },
  "jump_0602": {
    "heldout_mean": 300.4105406657711,
    "alldata_mean": 271.9910819531638,
    "ratio": 1.1044867298902876
  },
  "jump_position_0421": {
    "heldout_mean": 586.3710472497418,
    "alldata_mean": 262.70583589786366,
    "ratio": 2.232044237790418
  },
  "jump_torque_0422": {
    "heldout_mean": 311.3763808268804,
    "alldata_mean": 321.4084970374038,
    "ratio": 0.9687870224247497
  }
}