{
  "jump_0424": {
    "heldout_mean": 479.1626659560538,
    "alldata_mean": 325.42293599404303,
    "ratio": 1.472430529496621
  },
  "jump_0602": {
    "heldout_mean": 283.25861768500823,
    "alldata_mean": 210.9106690002941,
    "ratio": 1.3430265004024677
  },
  "jump_position_0421": {
    "heldout_mean": 515.4575181967106,
    "alldata_mean": 323.2595559279315,
    "ratio": 1.594562353205819
  },
  "jump_torque_0422": {
    "heldout_mean": 343.80380465055197,
    "alldata_mean": 326.3232602468286,
    "ratio": 1.0535681838631459
  }
}