{
  "best": {
    "obj": 11822.151399162434,
    "total": 10182.884619236896,
    "grf": 819.6333899627684,
    "h_ratio": 0.7719780020733994,
    "x": [
      1.9999610632225586,
      0.003117504340193587,
      0.13655186992855306,
      0.020860598187614498,
      1.0805965266075221,
      1.2883077606540532,
      1.0478137066849094,
      -0.024642226221816332,
      0.020627546051369794,
      0.7128995979875281,
      0.36233624322918345,
      0.9884150094291342
    ],
    "names": [
      "stiff_knee",
      "solref_tc",
      "imp0",
      "m_foot_ex",
      "M_base_s",
      "M_p_s",
      "M_calf_s",
      "com_dz_calf",
      "arm_knee",
      "fv_hip",
      "fv_knee",
      "fc_knee"
    ]
  },
  "lam_grf": 2.0
}