{
  "obj": 11313.480404777669,
  "total": 9828.212527704785,
  "grf": 742.633938536442,
  "h_ratio": 0.7885656228409139,
  "x": [
    0.9473308413868172,
    1.467830355096405,
    0.5696251008355138,
    1.4150916367221171,
    0.49462010486042274,
    0.5004266029892734,
    1.9868562632401998,
    0.8544408836654322,
    1.0714447212939036,
    0.010163943596566354,
    -0.026484916940773685,
    0.021200875504603367,
    0.0012412264190524711,
    1.714550138238711,
    0.002668118041083316,
    0.08264086931311446,
    0.7076342297160207,
    0.2748530816393444,
    1.1501012959848462
  ],
  "names": [
    "M_base",
    "M_thigh",
    "M_calf",
    "M_p",
    "M_c",
    "I_thigh",
    "I_calf",
    "I_p",
    "I_c",
    "com_dz_th",
    "com_dz_ca",
    "arm_knee",
    "m_foot",
    "stiff_knee",
    "solref_tc",
    "imp0",
    "fv_hip",
    "fv_knee",
    "fc_knee"
  ]
}