{
  "best": {
    "obj": 12329.278141398065,
    "total": 11041.374625930857,
    "grf": 643.9517577336036,
    "h_ratio": 0.7408142456256249,
    "x": [
      1.3757187511648983,
      0.0030076113966084183,
      0.08002632055538245,
      0.016845419735922403,
      1.2112620952377249,
      1.4610080541077277,
      0.9033860355081141,
      -0.02156987091069644,
      0.02291022194912851,
      0.7370475145962287,
      0.19235180827376647,
      0.7471987522822379
    ],
    "names": [
      "stiff_knee",
      "solref_tc",
      "imp0",
      "m_foot_ex",
      "M_base_s",
      "M_p_s",
      "M_calf_s",
      "com_dz_calf",
      "arm_knee",
      "fv_hip",
      "fv_knee",
      "fc_knee"
    ]
  },
  "lam_grf": 2.0
}