{
  "best": {
    "obj": 12558.598668329956,
    "total": 11241.507507829749,
    "grf": 658.5455802501037,
    "h_ratio": 0.774116957833487,
    "x": [
      1.2019188089941402,
      0.0025833483437682206,
      0.14705464754569458,
      0.0011527897606029313
    ],
    "names": [
      "stiff_knee",
      "solref_tc",
      "imp0",
      "m_foot_ex"
    ]
  },
  "lam_grf": 2.0,
  "baseline": {
    "total": 11572,
    "grf": 970
  }
}